Iteration	Posterior	Likelihood	Prior	matrix_probs[1]	matrix_probs[2]	matrix_probs[3]	matrix_probs[4]	neo_beta	rate_log_sd	tree_length	two_beta
0	117.9192	-383.0047	500.9239	0.24634	0.305094	0.312339	0.136228	0.6044959	1.07413	0.06109914	0.2916348
6	119.1161	-382.5619	501.678	0.316777	0.296143	0.170386	0.216694	0.5571157	0.3791593	0.06294199	0.3259282
12	112.3437	-389.1124	501.4562	0.234836	0.478211	0.126311	0.160642	1.37605	0.07910392	0.09729991	0.4207933
18	107.9174	-394.6966	502.6141	0.0260783	0.605741	0.159996	0.208184	0.3334948	0.3775187	0.1860505	0.4554728
24	115.7228	-384.4267	500.1495	0.145864	0.631041	0.0969482	0.126147	1.756026	0.9986159	0.08596649	0.3780548
30	118.6006	-383.8506	502.4512	0.347111	0.4229	0.0632229	0.166766	0.2769197	0.2516619	0.1042836	0.3296586
36	121.3378	-375.7074	497.0453	0.147317	0.177099	0.587153	0.08843	11.48082	0.4584166	0.1207813	0.3702889
42	131.7	-369.7468	501.4468	0.440461	0.11778	0.295004	0.146756	1.661194	0.2217914	0.1568202	0.3978348
48	132.1476	-369.7319	501.8795	0.379552	0.162613	0.1849	0.272935	0.3822079	0.4402532	0.07741843	0.4313882
54	134.0279	-366.3652	500.393	0.389444	0.251552	0.0866695	0.272335	0.5903291	0.498664	0.09384368	1.915084
60	131.5155	-369.0475	500.563	0.69422	0.179429	0.0530115	0.0733389	0.5903291	0.2959633	0.3028751	3.089721
66	130.1538	-370.5047	500.6584	0.350138	0.262191	0.192916	0.194755	0.6001649	0.4947753	0.2712473	2.525704
72	126.9171	-374.9809	501.8981	0.274443	0.340621	0.326567	0.058369	0.1555883	0.1127866	0.2386923	1.549565
78	122.5235	-376.0327	498.5562	0.0552137	0.150738	0.726098	0.0679509	0.1555883	0.01924033	0.2448889	9.034402
84	120.3359	-375.19	495.5259	0.102134	0.278835	0.380014	0.239017	3.141572	0.02863338	0.3966628	12.9162
90	125.5376	-372.5157	498.0533	0.207648	0.219991	0.379953	0.192408	0.7863054	0.319917	0.2255824	8.26433
96	119.3543	-379.2779	498.6322	0.0107137	0.49009	0.265365	0.233831	1.079388	0.7221483	0.101823	3.647735
102	121.5847	-378.8204	500.4051	0.00121003	0.718356	0.0578398	0.222594	2.216138	0.6180597	0.1076933	0.3176396
108	124.1774	-376.1368	500.3142	0.00195774	0.434281	0.0372528	0.526508	0.5911056	0.6435403	0.08168373	1.686295
114	120.508	-377.4673	497.9753	0.005547	0.186044	0.105551	0.702858	2.828218	0.286737	0.2404542	4.285455
120	124.3561	-376.4468	500.8029	0.0596782	0.0816132	0.629733	0.228976	0.497098	0.7634504	0.1638429	1.710106
126	124.3769	-377.6733	502.0502	0.0810582	0.235927	0.500888	0.182127	0.6139142	0.04689509	0.07953234	0.453418
132	125.8181	-375.6629	501.4811	0.242854	0.433534	0.145742	0.177869	0.8603965	0.4021032	0.07738232	0.3741591
138	119.541	-382.411	501.9519	0.410289	0.408736	0.0714321	0.109543	0.3970911	0.0962003	0.1817996	1.335668
144	117.2293	-384.2165	501.4458	0.523602	0.299772	0.0527841	0.123842	0.9205965	0.554819	0.1020634	0.4311656
150	124.0518	-377.5283	501.5802	0.363894	0.444329	0.0233353	0.168441	0.2165595	0.595909	0.05580135	0.3185672
156	123.8185	-378.1873	502.0058	0.423622	0.212549	0.0594376	0.304391	0.3297709	0.3343662	0.07594234	0.43151
162	116.4475	-385.7054	502.1529	0.313975	0.167864	0.292557	0.225605	0.2075498	0.2955939	0.07594234	0.2981096
168	109.52	-392.1854	501.7054	0.344147	0.213057	0.282457	0.160338	0.2075498	0.2815346	0.0454773	0.3184103
174	118.8757	-383.3224	502.1981	0.130875	0.68225	0.0612748	0.1256	0.2525703	0.2977039	0.07855522	0.283203
180	113.9086	-388.2048	502.1133	0.419061	0.366422	0.0402387	0.174278	0.2525703	0.3128591	0.07670393	0.3707825
186	124.1115	-377.9093	502.0208	0.756613	0.0441995	0.0871958	0.111992	0.2525703	0.3609203	0.08009381	0.4637003
192	122.6749	-378.9412	501.616	0.852335	0.0340525	0.0352883	0.0783245	0.6099372	0.7378941	0.1151905	0.5012538
198	111.9769	-389.9181	501.895	0.62764	0.129214	0.0588446	0.184302	1.167039	0.05435158	0.1189445	0.3392418
204	128.3431	-374.4617	502.8048	0.335856	0.177415	0.345632	0.141096	0.4953807	0.1664392	0.216026	0.4252887
210	132.9431	-369.5643	502.5074	0.354122	0.394512	0.138354	0.113012	0.3700615	0.1050922	0.2330004	0.9234547
216	116.2302	-385.9748	502.205	0.525774	0.289664	0.101584	0.0829776	0.7456675	0.3652207	0.1807612	0.4597936
222	130.297	-372.1015	502.3985	0.592218	0.271062	0.043256	0.0934638	0.9165967	0.03182779	0.1714111	0.3770833
228	122.5123	-378.8633	501.3756	0.551584	0.39586	0.0184752	0.0340807	1.734198	0.4405379	0.206089	0.3560931
234	111.604	-389.2817	500.8857	0.768459	0.183595	0.0198081	0.0281378	2.44385	0.3000476	0.206089	0.4804105
240	112.0336	-390.6865	502.7201	0.511551	0.138215	0.329994	0.0202396	0.5097049	0.0723893	0.1555203	0.3737319
246	125.3112	-377.3606	502.6718	0.587184	0.378829	0.0127308	0.021256	0.4498354	0.272035	0.1788467	0.3737319
252	113.1379	-389.0071	502.145	0.452187	0.26707	0.273914	0.00682799	0.7359054	0.4080962	0.3268022	0.7756002
258	122.2373	-379.9503	502.1876	0.832163	0.0736703	0.0617837	0.0323832	0.5822958	0.3798058	0.1517258	0.5191029
264	121.552	-380.2333	501.7853	0.826138	0.0923344	0.050209	0.0313185	0.5768155	0.8018985	0.1548315	0.5191029
270	117.3107	-382.3685	499.6792	0.668631	0.221873	0.0650637	0.0444322	2.73914	0.8361756	0.1815485	0.8640956
276	134.2314	-368.3783	502.6097	0.841355	0.0268526	0.0818713	0.049921	0.6850014	0.2084373	0.2554407	0.4731398
282	129.3735	-370.4779	499.8514	0.720609	0.032963	0.105313	0.141115	4.647991	0.02032558	0.1580539	0.4112668
288	115.845	-383.7551	499.6	0.636869	0.0615647	0.24761	0.0539563	4.647991	0.2199522	0.1492011	0.4247226
294	127.5951	-374.698	502.2931	0.589319	0.0463713	0.205402	0.158907	0.3758422	0.3548521	0.1454602	0.602832
300	131.216	-369.8373	501.0533	0.62908	0.041605	0.18429	0.145025	0.8143961	1.036439	0.09982343	0.4343946
306	123.3101	-378.1424	501.4525	0.607272	0.118113	0.153679	0.120936	0.6125694	0.7914355	0.08689123	0.3702097
312	127.5917	-374.0023	501.594	0.3768	0.593176	0.0046844	0.0253404	1.611624	0.1079811	0.1819254	0.5111327
318	124.3467	-377.5503	501.8971	0.628966	0.32623	0.00699015	0.0378134	0.7968362	0.4164552	0.3106488	0.9270234
324	125.6007	-374.4268	500.0275	0.805554	0.124965	0.0210516	0.0484298	3.882111	0.296006	0.2220185	0.5448559
330	120.969	-380.0487	501.0177	0.512036	0.403023	0.0678931	0.0170484	2.235379	0.2045896	0.1800504	0.5051967
336	116.268	-386.4236	502.6916	0.761755	0.126745	0.0622527	0.0492468	0.3083971	0.4158799	0.2388079	0.4987275
342	101.9751	-399.6408	501.6159	0.578495	0.25222	0.108247	0.0610391	0.9592082	0.06781336	0.06525228	0.2144758
348	106.4634	-394.7577	501.2211	0.469946	0.378968	0.145739	0.0053475	0.7506896	0.8313129	0.08023032	0.3403375
354	109.6901	-390.9127	500.6028	0.722319	0.13206	0.134908	0.0107128	2.137682	0.3686467	0.09563061	0.3403375
360	112.0144	-389.9094	501.9238	0.871145	0.0104368	0.085413	0.0330051	0.811885	0.5684694	0.1722311	0.4352104
366	108.2785	-393.6089	501.8874	0.868815	0.0226068	0.0756612	0.0329168	1.267262	0.1944506	0.264109	0.6374058
372	113.0084	-388.1273	501.1357	0.66935	0.255926	0.0628417	0.0118831	1.65614	0.624628	0.2380189	0.5709446
378	113.8354	-388.2568	502.0922	0.573188	0.252972	0.152007	0.0218324	1.013261	0.3171722	0.3316553	0.645988
384	116.456	-386.1759	502.6319	0.512867	0.337667	0.13601	0.0134557	0.5539017	0.123431	0.1492002	0.3182701
390	109.6041	-389.9872	499.5913	0.770344	0.0663795	0.121375	0.0419018	5.175968	0.2544342	0.2322144	0.4455886
396	103.5732	-396.442	500.0152	0.865443	0.0531504	0.0625078	0.0188991	4.613085	0.05091021	0.2463439	0.5053384
402	113.6757	-388.0913	501.767	0.864452	0.0533688	0.0714963	0.0106825	1.545388	0.09199277	0.1869569	0.4233162
408	121.2872	-381.7115	502.9987	0.5923	0.144173	0.251251	0.0122759	0.5624427	0.009901899	0.2591126	0.4141243
414	110.9336	-389.5454	500.479	0.528571	0.24393	0.220483	0.00701487	3.64034	0.145093	0.2500199	0.4305951
420	112.3294	-390.6252	502.9546	0.8136	0.0615005	0.117123	0.00777645	0.5034995	0.04857551	0.3122677	0.5637079
426	128.6278	-373.9626	502.5904	0.619357	0.288079	0.0817713	0.0107922	0.4772163	0.2740128	0.2300556	0.5863217
432	111.2466	-387.3481	498.5947	0.464797	0.416664	0.100489	0.0180512	4.163801	1.090436	0.0899268	0.3960143
438	115.9496	-384.7471	500.6966	0.785011	0.0941929	0.112846	0.00794995	0.7226722	1.252838	0.07773788	0.4674035
444	111.7618	-386.6701	498.4319	0.672258	0.0785746	0.223165	0.0260022	0.9812058	1.463775	0.08019314	2.561768
450	112.6078	-388.0428	500.6506	0.751082	0.0624584	0.0528922	0.133567	1.124189	0.8365852	0.07206322	0.4561143
456	117.6923	-383.643	501.3353	0.771696	0.127022	0.0579403	0.0433421	0.4001392	0.8179023	0.0628427	0.3999014
462	107.9769	-390.5885	498.5654	0.841307	0.0829525	0.0284888	0.0472518	4.85384	0.6784538	0.07239954	0.305678
468	103.1139	-395.9211	499.035	0.668645	0.0775063	0.226938	0.026911	2.888646	1.222031	0.1255109	0.7762396
474	111.5715	-391.3322	502.9038	0.631291	0.136728	0.230259	0.00172229	0.442023	0.1114954	0.3691721	0.6596161
480	112.7463	-389.6164	502.3627	0.708947	0.0720881	0.205916	0.0130491	0.6461185	0.1156427	0.3652412	0.9734998
486	108.5764	-394.0258	502.6023	0.818824	0.0603997	0.112108	0.00866808	0.8407976	0.1303679	0.3558544	0.525653
492	110.0486	-391.9173	501.9658	0.78506	0.0592626	0.150806	0.004871	1.594235	0.07617766	0.476824	0.5583988
498	118.9657	-380.4615	499.4272	0.66826	0.0899381	0.232269	0.00953298	6.062644	0.224564	0.4715913	0.5155609
504	115.935	-384.4414	500.3765	0.939577	0.0190493	0.0371916	0.00418166	3.358505	0.3069839	0.2086149	0.4261975
510	109.9378	-391.0854	501.0232	0.638724	0.243499	0.104177	0.0136	2.484998	0.1531182	0.6068397	0.7306547
516	117.7287	-382.6403	500.3691	0.853579	0.0665312	0.0617149	0.0181748	2.147961	0.6350912	0.196211	0.8243821
522	111.0363	-388.0129	499.0492	0.806905	0.0920492	0.0758996	0.0251458	3.726466	0.8968722	0.2161155	0.9692999
528	108.641	-390.4902	499.1312	0.557666	0.202319	0.21323	0.0267855	2.60524	1.077441	0.1299756	1.02319
534	112.2591	-388.2577	500.5168	0.62406	0.0600961	0.278157	0.0376872	1.353641	0.2638011	0.03765225	0.1799729
540	108.7717	-393.0728	501.8445	0.528648	0.0512985	0.387883	0.0321701	0.2613564	0.2670618	0.05037937	0.2389745
546	107.8701	-393.971	501.8411	0.491785	0.0431006	0.325897	0.139217	0.4991604	0.09960289	0.05037937	0.2326357
552	100.2914	-399.3405	499.6319	0.736018	0.176202	0.0703078	0.0174723	3.748471	0.6675997	0.1691244	0.4716115
558	111.963	-389.5845	501.5475	0.736018	0.176202	0.0703078	0.0174723	1.330491	0.5150411	0.2453742	0.5662778
564	120.235	-382.436	502.671	0.458335	0.326375	0.172437	0.0428526	0.6776311	0.1105992	0.1890819	0.3196893
570	121.8801	-380.4267	502.3068	0.701584	0.106463	0.177975	0.0139784	0.6047892	0.4280061	0.1528614	0.2808613
576	119.2846	-382.56	501.8445	0.565494	0.278888	0.0801531	0.075465	0.7434421	0.5758486	0.1238184	0.3173068
582	108.3488	-393.0761	501.4249	0.624158	0.228398	0.0821244	0.065319	1.030461	0.3927438	0.1076258	0.547869
588	133.8235	-368.2901	502.1136	0.314414	0.296718	0.241158	0.14771	0.4475019	0.5920239	0.1590769	0.547869
594	130.3109	-372.2513	502.5622	0.648933	0.0989256	0.122352	0.129789	0.561076	0.06887404	0.141656	0.4254776
600	128.4053	-373.9702	502.3755	0.228887	0.581353	0.108612	0.0811488	0.9497244	0.06044286	0.1944565	0.4254776
606	119.9632	-382.8864	502.8495	0.209573	0.225376	0.473206	0.0918448	0.24616	0.1076978	0.1402998	0.2521119
612	124.7296	-376.0141	500.7437	0.0486098	0.44299	0.227962	0.280438	0.3472592	0.9525738	0.06909338	0.9675572
618	117.2385	-382.2326	499.4711	0.0475612	0.383077	0.198158	0.371203	1.647206	0.9525738	0.06929707	1.000846
624	125.9295	-375.8523	501.7817	0.13525	0.428394	0.221161	0.215195	0.2273717	0.3760125	0.06880268	0.5545495
630	121.5898	-380.5337	502.1235	0.0981634	0.577854	0.195282	0.128701	0.1519369	0.3746107	0.0884259	0.2954316
636	123.1951	-379.0831	502.2782	0.316564	0.519943	0.0935108	0.0699824	0.1802406	0.09645405	0.07100101	0.2503695
642	118.6785	-383.3755	502.054	0.369717	0.472646	0.0996182	0.0580184	0.1802406	0.4199606	0.07987147	0.2625509
648	124.2598	-378.2059	502.4656	0.444189	0.101049	0.372561	0.0822013	0.5526881	0.1164143	0.1168453	0.3078897
654	119.9028	-382.6219	502.5247	0.575094	0.0974946	0.249399	0.0780129	0.30509	0.2841888	0.1273915	0.3833528
660	105.782	-395.7	501.482	0.261104	0.554599	0.115615	0.0686814	1.681008	0.3013947	0.1883072	0.3842873
666	117.1655	-384.3528	501.5184	0.586174	0.196063	0.0651645	0.152599	0.04107098	0.02645853	0.1353652	0.5256672
672	119.3759	-382.0048	501.3808	0.499649	0.272909	0.106765	0.120677	0.282573	0.516236	0.2570803	1.831048
678	117.0254	-385.8721	502.8975	0.276938	0.456987	0.154064	0.112011	0.3114486	0.2982497	0.2627008	0.4552701
684	122.7854	-378.8518	501.6373	0.478536	0.305726	0.125571	0.090167	0.2386757	0.3888554	0.04598507	0.2281323
690	114.9018	-384.5006	499.4024	0.313146	0.329398	0.174902	0.182555	0.03473435	0.6723039	0.02604654	0.2184092
696	109.732	-390.8739	500.6058	0.376947	0.407334	0.117232	0.0984865	0.1349512	0.5815021	0.02185671	0.2184092
702	115.057	-383.0219	498.0789	0.870681	0.0178304	0.00548224	0.106007	6.630927	0.7393573	0.1635443	0.688853
708	113.1061	-385.9113	499.0174	0.874817	0.0398716	0.00614126	0.0791699	6.630927	0.1966237	0.1965882	0.4138401
714	112.4244	-388.7069	501.1313	0.196432	0.226216	0.367698	0.209653	2.136184	0.09383321	0.1289248	0.3032402
720	115.0756	-387.1198	502.1954	0.585234	0.122427	0.245286	0.0470532	0.2553546	0.1304692	0.06881113	0.3804543
726	121.7644	-380.4377	502.2021	0.345743	0.355361	0.271098	0.027798	0.3930469	0.5030843	0.1122198	0.3037757
732	115.5526	-386.6759	502.2284	0.312132	0.39628	0.244743	0.0468456	0.1904113	0.5275618	0.1132017	0.3037757
738	99.70497	-401.7738	501.4788	0.0622485	0.534421	0.378014	0.0253166	0.06623263	0.8119722	0.1369575	0.2799134
744	116.5501	-382.7247	499.2748	0.257127	0.126513	0.568038	0.0483219	4.401416	0.5139937	0.1077987	0.2734474
750	111.5857	-386.75	498.3357	0.383671	0.302309	0.299699	0.014321	3.808511	0.9508655	0.06836047	0.08563582
756	116.0285	-384.0997	500.1282	0.252762	0.479609	0.252516	0.0151133	1.388822	0.4312903	0.05913253	0.06668123
762	118.1677	-381.5983	499.7659	0.220948	0.515342	0.248818	0.014892	1.199878	0.4479743	0.05651522	0.04343618
768	117.6005	-382.4986	500.0991	0.215846	0.503441	0.240704	0.0400092	0.2630698	1.225719	0.0406506	0.07002317
774	103.6221	-397.939	501.5611	0.0800506	0.305986	0.346212	0.267751	0.2292067	0.3118327	0.1003258	1.138522
780	112.9043	-388.6562	501.5605	0.594387	0.233539	0.0905973	0.081477	0.1231077	0.4354985	0.1619287	1.191657
786	128.0102	-374.2629	502.2731	0.479086	0.30302	0.171335	0.0465587	0.2077155	0.5069028	0.1253367	0.4039722
792	132.2524	-370.0704	502.3228	0.591992	0.0469093	0.326539	0.0345602	0.28402	0.2324108	0.08561656	0.3024816
798	132.6043	-370.2459	502.8502	0.469764	0.243692	0.259119	0.0274246	0.28402	0.01163153	0.1241529	0.2457203
804	134.0404	-368.3728	502.4132	0.432565	0.303582	0.2386	0.0252529	0.3827605	0.0245408	0.07872128	0.2654829
810	128.8699	-372.7842	501.654	0.321003	0.223816	0.291539	0.163642	0.829989	0.3187258	0.07747811	0.2458483
816	121.9278	-379.4002	501.328	0.19193	0.499494	0.143858	0.164718	0.829989	0.6357675	0.07747811	0.2948347
822	114.5108	-386.4733	500.9841	0.250985	0.370224	0.154852	0.223939	0.6477348	0.9759025	0.06207287	0.3067462
828	117.2213	-382.9519	500.1733	0.168566	0.235772	0.433601	0.16206	0.9725206	0.734818	0.02843166	0.3067462
834	130.331	-371.3976	501.7287	0.235395	0.14272	0.402563	0.219322	0.9377197	0.09784474	0.07665444	0.329532
840	132.9364	-368.6299	501.5663	0.592154	0.0217934	0.333831	0.0522216	1.334704	0.03698636	0.09105846	0.3001404
846	133.824	-368.5076	502.3316	0.322653	0.0584724	0.518429	0.100446	0.437744	0.1277549	0.08655764	0.3001404
852	114.9506	-384.9089	499.8595	0.346962	0.0400839	0.558583	0.0543712	3.885512	0.2035074	0.1148828	0.3365032
858	120.4039	-380.0783	500.4822	0.132915	0.0322706	0.811482	0.023332	1.039597	0.8283137	0.04862719	0.3523138
864	120.0085	-381.0802	501.0887	0.295975	0.0687668	0.556293	0.0789654	1.523564	0.04198433	0.06278491	0.2724309
870	117.1401	-383.1716	500.3117	0.335908	0.214104	0.2927	0.157288	2.061019	0.585215	0.1454965	0.7988001
876	114.1096	-386.6621	500.7717	0.165136	0.109531	0.685105	0.0402278	1.569455	0.6982748	0.1340419	0.5675197
882	120.5702	-382.4558	503.026	0.557585	0.320567	0.0395662	0.0822818	0.1344601	0.1599497	0.3718664	0.4693485
888	127.431	-375.1409	502.5719	0.532283	0.348946	0.0128477	0.105923	0.6558038	0.2109155	0.2428428	0.5143951
894	123.0463	-380.0342	503.0804	0.243855	0.226648	0.472534	0.0569631	0.4589566	0.007646046	0.2362649	0.3873392
900	119.4634	-381.8079	501.2713	0.261715	0.605491	0.0651848	0.0676099	1.731157	0.5202202	0.2005205	0.3708095
906	123.3116	-379.3562	502.6678	0.210015	0.676765	0.0564908	0.0567292	0.4467713	0.2844892	0.1797802	0.3708095
912	112.435	-389.7821	502.2171	0.129627	0.553874	0.259135	0.0573645	0.7405235	0.4449681	0.2940634	0.6300522
918	102.3182	-398.4098	500.728	0.0858254	0.415162	0.456123	0.0428899	2.944508	0.2235537	0.2081584	0.3930081
924	114.2822	-387.5787	501.8609	0.197	0.000267643	0.511235	0.291497	0.3088612	0.3769251	0.107681	0.8190498
930	115.2358	-386.3605	501.5963	0.71557	0.00156102	0.157972	0.124897	0.05441056	0.09850987	0.2421581	1.066022
936	116.303	-385.2073	501.5103	0.734582	0.00289438	0.165524	0.0970003	0.1115389	0.4262366	0.3137186	1.598867
942	99.9585	-399.6626	499.6211	0.571382	0.235812	0.0721673	0.120639	2.530521	0.5974077	0.3975056	1.715257
948	114.892	-387.1334	502.0254	0.65286	0.0431364	0.0735415	0.230462	0.7043401	0.1807997	0.2322948	0.9972323
954	105.2765	-397.0418	502.3183	0.732273	0.0983566	0.0840913	0.0852788	0.1809491	0.4383213	0.18967	0.6856161
960	128.2775	-374.5131	502.7906	0.688338	0.194032	0.034938	0.0826928	0.3955498	0.229211	0.1993242	0.4213769
966	132.7297	-369.2361	501.9658	0.251352	0.462502	0.0890366	0.19711	1.435426	0.06614714	0.2051137	0.398538
972	123.6107	-378.7264	502.3371	0.276283	0.545303	0.0635023	0.114912	0.5599963	0.5342888	0.2051137	0.4299239
978	118.2203	-384.6374	502.8577	0.566983	0.202123	0.0222086	0.208685	0.5400945	0.01000218	0.213322	0.4797871
984	110.0397	-388.6531	498.6928	0.157171	0.417911	0.304567	0.120351	5.598661	0.4083634	0.09050266	0.335277
990	115.0385	-384.2806	499.3191	0.045121	0.349931	0.445139	0.15981	2.194459	0.8346824	0.04185566	0.4154098
996	112.3471	-389.7507	502.0978	0.296028	0.377819	0.211393	0.114761	0.6170383	0.02090622	0.126549	0.7869896
1002	116.6355	-385.7124	502.3479	0.296742	0.494197	0.119367	0.0896946	0.3381652	0.2909583	0.13501	0.5857963
1008	115.1447	-386.6771	501.8218	0.316893	0.188092	0.15285	0.342165	0.5401247	0.4465792	0.1143983	0.6487117
1014	128.0746	-371.9429	500.0175	0.825981	0.028089	0.0332231	0.112707	4.053089	0.02555871	0.1355249	0.4142497
1020	127.3185	-375.1172	502.4357	0.725203	0.0510794	0.0187621	0.204956	0.7900026	0.200176	0.2540085	0.5417008
1026	122.4423	-379.3197	501.762	0.594918	0.221557	0.0153914	0.168134	1.295517	0.08761184	0.124448	0.3596751
1032	132.0548	-370.6347	502.6896	0.599903	0.263783	0.00243392	0.13388	0.491365	0.1926055	0.1720817	0.3692772
1038	123.9086	-377.4909	501.3995	0.751223	0.188495	0.000220235	0.0600618	1.332016	0.5573494	0.1747528	0.4732452
1044	116.8086	-384.8045	501.6131	0.229573	0.475209	0.00034058	0.294878	0.5916451	0.5731167	0.1747528	0.9669094
1050	119.4026	-381.6142	501.0168	0.266104	0.550826	0.00174317	0.181327	0.8643512	0.779833	0.06947692	0.3614362
1056	118.7065	-382.5598	501.2662	0.548903	0.301686	0.0404048	0.109006	0.8340341	0.6806302	0.08771291	0.4530798
1062	117.42	-383.9199	501.3398	0.728246	0.121821	0.0405459	0.109387	0.9080523	0.6387186	0.1045075	0.4877902
1068	126.6385	-374.4232	501.0617	0.269421	0.517859	0.128513	0.084208	1.504052	0.6321637	0.1328222	0.3842785
1074	127.9287	-372.9553	500.8839	0.357626	0.310898	0.219698	0.111777	1.789701	0.2022273	0.1328222	0.7539287
1080	122.9424	-378.2563	501.1988	0.0772738	0.416789	0.369464	0.136473	0.06839967	0.4306765	0.1453092	1.048947
1086	122.766	-379.4566	502.2226	0.105209	0.735759	0.0196431	0.139389	0.06839967	0.3039934	0.2270554	0.4519441
1092	127.5261	-373.5874	501.1136	0.295549	0.571075	0.0251861	0.10819	2.092449	0.3295105	0.222978	0.5153041
1098	122.5317	-379.4563	501.988	0.157946	0.524483	0.0998581	0.217712	0.6869017	0.3521137	0.109911	0.3883167
1104	115.3061	-385.87	501.1762	0.432088	0.130262	0.124424	0.313225	1.034543	0.299365	0.1197785	0.9505609
1110	131.4135	-369.5174	500.9309	0.560438	0.0339283	0.0168326	0.388801	0.5557236	0.6846603	0.1436681	1.472346
1116	124.1715	-375.5029	499.6744	0.387404	0.0887116	0.0278524	0.496032	0.7202243	0.8505541	0.1168177	2.47715
1122	127.8886	-372.8637	500.7523	0.651108	0.0359007	0.0609341	0.252057	0.5164791	0.6415169	0.1764171	1.967616
1128	135.9666	-365.965	501.9316	0.457815	0.42419	0.0282756	0.0897198	0.4368943	0.252689	0.1592533	1.061911
1134	132.9636	-369.5301	502.4937	0.560552	0.352293	0.013983	0.0731721	0.2875224	0.5250241	0.1924315	0.4724035
1140	124.3735	-376.7548	501.1283	0.12504	0.2563	0.474887	0.143772	0.1737079	0.852375	0.04619118	0.2254921
1146	118.1118	-383.6949	501.8067	0.141849	0.345758	0.487852	0.0245406	0.251092	0.5934973	0.07014751	0.2254921
1152	121.9095	-379.666	501.5755	0.171996	0.71166	0.0865881	0.0297562	0.9139578	0.6538579	0.1192083	0.2803086
1158	129.874	-371.7681	501.6421	0.300737	0.394275	0.127244	0.177743	0.3374829	0.4952996	0.05404822	0.2897995
1164	123.2642	-378.371	501.6352	0.193069	0.627344	0.0353039	0.144283	0.6460357	0.3156679	0.06039714	0.2659141
1170	127.8493	-374.0749	501.9241	0.382176	0.4483	0.0786477	0.0908761	0.4890481	0.4781087	0.09138066	0.3830505
1176	123.8604	-378.5235	502.3838	0.157518	0.457226	0.122683	0.262573	0.2878707	0.4850208	0.1343751	0.3655586
1182	112.9608	-387.8522	500.813	0.394765	0.434549	0.130751	0.039935	2.436513	0.2287677	0.2123267	0.641895
1188	124.9711	-377.7774	502.7485	0.483063	0.383546	0.0851556	0.048235	0.5882594	0.07987637	0.2198195	0.486332
1194	125.2456	-377.2058	502.4514	0.330004	0.562191	0.069825	0.0379809	0.1307116	0.4792103	0.1994409	0.4309902
1200	113.7405	-389.0116	502.7521	0.423732	0.431024	0.096475	0.0487684	0.5678474	0.1541268	0.2505845	0.4993869
1206	107.9458	-393.0618	501.0076	0.147913	0.5597	0.184597	0.107791	1.478041	0.5667805	0.3291395	1.031936
1212	110.598	-391.8065	502.4045	0.334392	0.499579	0.100739	0.0652904	0.6816813	0.204905	0.3291395	0.7789325
1218	120.217	-382.2776	502.4946	0.207778	0.235816	0.447674	0.108733	0.5133813	0.299631	0.1494599	0.3247977
1224	120.6555	-379.0796	499.7351	0.19009	0.0288274	0.67062	0.110462	2.782492	0.1246346	0.04451043	0.362407
1230	118.2407	-383.1225	501.3632	0.151647	0.106602	0.341069	0.400683	0.3160467	0.5327406	0.04703082	0.4643268
1236	114.9302	-382.6972	497.6274	0.307964	0.113138	0.0641571	0.514741	2.430405	0.1725219	0.04703082	3.276632
1242	110.9897	-377.5327	488.5224	0.201432	0.0215842	0.244929	0.532054	42.68798	0.6686108	0.1093932	7.065664
1248	122.4814	-372.8191	495.3006	0.179506	0.047825	0.402947	0.369722	4.840255	0.6919786	0.1449364	6.46961
1254	125.4521	-369.3119	494.764	0.148786	0.031392	0.461577	0.358246	1.152944	0.6352287	0.0933134	16.85175
1260	113.2166	-382.8849	496.1014	0.190282	0.0668791	0.48776	0.255078	3.086542	0.4041132	0.153466	7.691167
1266	130.556	-371.075	501.631	0.214531	0.276588	0.14546	0.363421	0.2270772	0.1308682	0.1381384	1.529609
1272	124.945	-377.1049	502.0499	0.504183	0.135651	0.264454	0.0957125	1.127393	0.03978056	0.1722212	0.5225592
1278	118.1062	-382.1183	500.2245	0.504183	0.135651	0.264454	0.0957125	1.80365	0.7091516	0.08539581	0.5591385
1284	123.8861	-378.1397	502.0258	0.396968	0.0451578	0.488968	0.0689059	0.2187631	0.5287553	0.08607111	0.3095709
1290	122.1952	-379.9417	502.1369	0.624506	0.0642408	0.259625	0.0516275	0.5037728	0.3712241	0.09821668	0.2714652
1296	122.2745	-379.5424	501.8169	0.683236	0.0541931	0.219018	0.0435526	0.3013768	0.6487139	0.07659357	0.2714652
1302	112.4747	-387.7625	500.2372	0.161289	0.340356	0.346352	0.152003	1.059542	0.9083955	0.04332113	0.4041082
1308	110.9826	-389.0264	500.009	0.038311	0.409793	0.368883	0.183013	1.776243	0.7236057	0.05227011	0.3344003
1314	130.0013	-371.8872	501.8885	0.0388002	0.622594	0.14236	0.196246	0.3324137	0.1376369	0.04741569	0.2264732
1320	107.6807	-395.0903	502.771	0.422332	0.544993	0.00472659	0.0279484	0.3176781	0.2806975	0.1705917	0.3196999
1326	124.4591	-377.6848	502.1439	0.375934	0.484983	0.0357166	0.103367	0.6299719	0.2683566	0.1050347	0.3196999
1332	118.4724	-379.9436	498.416	0.217598	0.450865	0.187378	0.144159	1.139739	1.851475	0.01732887	0.3131518
1338	110.146	-386.0543	496.2003	0.0210534	0.239954	0.624418	0.114575	1.648727	2.12065	0.003735086	0.2299259
1344	116.4356	-382.1282	498.5638	0.0332355	0.477504	0.366189	0.123072	0.1811964	1.883364	0.01039686	0.4565566
1350	109.1119	-392.1032	501.2151	0.507089	0.333212	0.0535071	0.106191	1.251713	0.5918338	0.1263785	0.4693525
1356	120.9743	-380.6826	501.6569	0.153413	0.471985	0.199175	0.175427	0.2830424	0.7830932	0.08451963	0.4441497
1362	117.8703	-383.4662	501.3364	0.355963	0.182095	0.366947	0.0949948	0.482409	0.9726204	0.07695255	0.3196532
1368	111.1784	-390.778	501.9564	0.254915	0.304428	0.350039	0.0906177	0.05615257	0.2515605	0.1570393	0.306319
1374	112.8362	-389.0025	501.8386	0.0992449	0.589132	0.241395	0.0702281	0.1140594	0.5031188	0.08517307	0.2575084
1380	114.5598	-386.8305	501.3903	0.0294481	0.516917	0.391133	0.0625017	1.739291	0.02562665	0.1095886	0.2671993
1386	116.4949	-384.1175	500.6123	0.152427	0.632598	0.15272	0.0622556	1.858708	0.7009392	0.1095886	0.2952908
1392	119.9279	-381.0275	500.9554	0.355247	0.496284	0.0666425	0.0818269	1.775105	0.4976739	0.1219825	0.3139455
1398	122.9781	-378.5067	501.4848	0.55373	0.21874	0.10213	0.1254	0.7151392	0.6762795	0.08624444	0.3223102
1404	117.954	-383.1752	501.1292	0.0242535	0.52966	0.391956	0.0541301	0.6677971	0.9658165	0.08851026	0.4888096
1410	119.8559	-381.4018	501.2578	0.334616	0.271701	0.31323	0.0804532	1.60861	0.4051011	0.1544789	0.4419879
1416	127.8376	-374.4235	502.2611	0.265879	0.352245	0.196362	0.185514	0.6903254	0.09135167	0.19905	0.7837384
1422	118.7117	-382.3687	501.0805	0.315571	0.40004	0.146234	0.138155	1.795899	0.3017974	0.4428704	1.029723
1428	125.0333	-373.8894	498.9228	0.451611	0.293722	0.130951	0.123716	5.654899	0.3322696	0.1160251	0.3659431
1434	116.8067	-385.6795	502.4861	0.529952	0.22474	0.126138	0.119169	0.693233	0.2049135	0.1764286	0.3659431
1440	132.6489	-369.4747	502.1236	0.58365	0.154974	0.208913	0.0524634	0.1228852	0.5005723	0.1221613	0.3580548
1446	128.4835	-373.229	501.7124	0.511225	0.239995	0.150767	0.0980123	0.06046986	0.4095274	0.1251965	0.3096584
1452	110.7826	-390.2239	501.0065	0.584405	0.243148	0.102826	0.0696213	1.213809	0.8138119	0.1043724	0.3096584
1458	116.914	-385.4801	502.3942	0.358719	0.180301	0.327628	0.133352	0.5169896	0.06946175	0.09609116	0.3096584
1464	124.2803	-377.8231	502.1034	0.210611	0.443376	0.192357	0.153656	0.07432805	0.190286	0.1195745	0.2886752
1470	105.1813	-397.3645	502.5458	0.0606282	0.67917	0.029905	0.230296	0.3901197	0.03603789	0.3150923	1.075976
1476	113.3145	-389.8089	503.1235	0.0102955	0.904629	0.0232325	0.0618428	0.1648446	0.1940767	0.4662981	0.4517299
1482	121.5903	-379.0986	500.6889	0.0987758	0.807163	0.0227455	0.071316	3.321196	0.140528	0.2784255	0.4522816
1488	121.5473	-381.3109	502.8582	0.19854	0.635451	0.0653401	0.100669	0.5297514	0.05736987	0.2876124	0.5907484
1494	122.156	-380.8337	502.9897	0.123181	0.494922	0.222655	0.159242	0.4505012	0.2315008	0.2876124	0.3453008
1500	128.517	-373.5895	502.1065	0.405481	0.202761	0.32392	0.0678388	0.9034685	0.3160175	0.1713799	0.4029719
1506	119.0076	-383.2744	502.2821	0.359104	0.465878	0.0804686	0.0945492	0.9831121	0.1569738	0.2176827	0.4575444
1512	115.4013	-385.5389	500.9402	0.294631	0.356645	0.27115	0.077574	2.185044	0.2131446	0.2378016	0.7606291
1518	120.4627	-380.596	501.0587	0.0852509	0.6907	0.107543	0.116506	2.385431	0.08867389	0.1802474	0.4759697
1524	116.6245	-382.9686	499.5931	0.0648782	0.70883	0.0314151	0.194876	0.3669888	1.583615	0.03544693	0.8749386
1530	122.2601	-377.4241	499.6841	0.0646716	0.836911	0.0370916	0.0613259	0.7790325	1.50418	0.04674371	0.7138021
1536	112.5903	-387.2056	499.7959	0.231227	0.604432	0.0267882	0.137553	2.268374	0.8822389	0.07251975	0.2742256
1542	129.2261	-371.8813	501.1074	0.172518	0.3903	0.0642824	0.3729	0.2289188	0.6575864	0.07446307	0.9972539
1548	125.8471	-376.157	502.0041	0.0713466	0.356307	0.0586838	0.513663	0.1920664	0.2207173	0.08026687	0.5943075
1554	123.9747	-377.4329	501.4076	0.0113116	0.273613	0.522137	0.192938	0.2720228	0.5992345	0.06056774	0.5943075
1560	102.222	-397.9209	500.1429	0.218579	0.066202	0.602579	0.11264	1.612311	0.6608898	0.1005716	0.9598605
1566	117.17	-381.7793	498.9493	0.308952	0.080524	0.396651	0.213872	4.700402	0.361257	0.1559696	0.9266079
1572	104.4034	-396.6853	501.0887	0.3005	0.0529281	0.438551	0.208021	1.445353	0.4270563	0.1022549	0.4184596
1578	125.5838	-376.4992	502.083	0.253759	0.199191	0.371386	0.175665	0.3134696	0.3761697	0.1011454	0.5597183
1584	118.0213	-384.5393	502.5606	0.0497644	0.505444	0.407233	0.0375593	0.3801629	0.2901007	0.135022	0.2024705
1590	126.6863	-375.3259	502.0122	0.0278786	0.495148	0.342175	0.134798	0.4988615	0.2098385	0.069205	0.265135
1596	113.2978	-387.2267	500.5245	0.0346677	0.500606	0.355609	0.109118	1.841908	0.6402972	0.09137241	0.3281533
1602	112.3523	-385.7899	498.1422	0.0388159	0.560507	0.287436	0.113241	9.055268	0.1306354	0.1389916	0.3281533
1608	119.2144	-383.0539	502.2683	0.288126	0.243263	0.374491	0.0941201	0.1987757	0.3384988	0.09146313	0.2441325
1614	114.0308	-386.9818	501.0126	0.0102174	0.123382	0.692385	0.174016	2.290322	0.1058654	0.1739695	0.5474547
1620	128.1119	-374.4616	502.5735	0.321309	0.136071	0.41702	0.125599	0.4439093	0.1705824	0.1696921	0.5559175
1626	124.9295	-377.6045	502.5339	0.482872	0.232601	0.0957729	0.188754	0.4341043	0.203289	0.1795362	0.6063053
1632	114.8631	-387.8026	502.6658	0.525432	0.23586	0.0176669	0.221041	0.4178511	0.2110273	0.2983397	0.7436139
1638	116.9483	-385.7802	502.7285	0.436582	0.365075	0.0146794	0.183663	0.3351889	0.2212394	0.1524408	0.3455442
1644	118.102	-384.6937	502.7957	0.629047	0.202159	0.0124925	0.156302	0.6586629	0.08715759	0.2603745	0.4439996
1650	122.0054	-380.9532	502.9586	0.45956	0.410813	0.0754355	0.0541911	0.5427421	0.06055743	0.2208961	0.3117292
1656	116.8099	-384.8857	501.6957	0.664276	0.205518	0.0919748	0.0382308	1.731845	0.191597	0.3782726	0.5652231
1662	95.47761	-403.8595	499.3371	0.586082	0.17693	0.208094	0.0288935	3.325006	0.5447567	0.2652463	1.378049
1668	101.1719	-399.6596	500.8315	0.198251	0.19235	0.59566	0.0137385	1.820846	0.3594869	0.287455	1.08071
1674	122.0074	-379.3841	501.3915	0.532034	0.122444	0.308653	0.0368691	0.4876464	0.09755377	0.3447363	2.33659
1680	115.8822	-382.5183	498.4005	0.424306	0.163068	0.339938	0.0726882	4.824661	0.128319	0.3141889	2.231181
1686	116.3483	-386.4263	502.7746	0.638546	0.142353	0.120727	0.0983747	0.2359059	0.1305359	0.1806646	0.5510923
1692	121.8915	-380.3781	502.2696	0.439337	0.468906	0.0417999	0.0499571	0.05727614	0.01201965	0.4168072	0.7367479
1698	125.0735	-377.1856	502.259	0.303876	0.522845	0.085347	0.0879319	0.08380896	0.1766628	0.2647374	0.7858974
1704	128.8826	-373.3825	502.2651	0.208843	0.210166	0.452522	0.128469	0.4134718	0.3949083	0.149014	0.5779921
1710	122.7949	-378.3017	501.0967	0.602334	0.03522	0.230317	0.132129	0.9342285	0.9573108	0.1742625	0.7463637
1716	120.1966	-380.7348	500.9314	0.174755	0.410278	0.329887	0.0850809	0.9342285	0.1856462	0.1878496	1.813118
1722	113.1183	-388.3691	501.4875	0.460138	0.0604699	0.195353	0.284039	0.3433123	0.01161761	0.1938417	2.110909
1728	114.3786	-387.1401	501.5187	0.312592	0.0335105	0.53537	0.118528	0.342251	0.03229221	0.1427055	1.776284
1734	120.0015	-378.6836	498.6851	0.0644771	0.221071	0.11305	0.601402	1.007589	0.5109401	0.1684331	4.890618
1740	121.4742	-377.2364	498.7106	0.0644771	0.221071	0.11305	0.601402	0.375202	0.7207682	0.08579626	4.655859
1746	117.7809	-381.3661	499.1469	0.068983	0.293493	0.0433846	0.594139	0.7141122	0.7424356	0.09213479	3.210432
1752	119.4253	-380.3042	499.7295	0.0755638	0.616523	0.0305446	0.277368	1.007055	1.466018	0.08950052	1.026789
1758	130.4015	-371.0628	501.4643	0.165441	0.373048	0.155611	0.3059	0.5692199	0.4387834	0.05657037	0.3926172
1764	117.7505	-384.7154	502.466	0.847596	0.0436068	0.0271716	0.0816257	0.2889757	0.1630522	0.1014164	0.3960031
1770	118.657	-383.8303	502.4874	0.588874	0.287811	0.0188777	0.104438	0.09356461	0.294011	0.2172097	0.4309066
1776	119.1308	-383.5077	502.6385	0.517532	0.404653	0.0273449	0.0504698	0.1193176	0.199872	0.164869	0.3350018
1782	108.666	-393.1046	501.7706	0.343603	0.439663	0.182545	0.0341889	0.4719405	0.6100565	0.1577619	0.8293304
1788	105.6373	-391.552	497.1894	0.513567	0.261573	0.193862	0.0309976	5.186376	0.8021878	0.3126525	2.801577
1794	115.0195	-383.9837	499.0032	0.36897	0.345224	0.0300111	0.255794	1.766353	0.1981269	0.3130071	4.129455
1800	115.777	-384.1018	499.8788	0.376915	0.434098	0.0198446	0.169142	1.445469	0.5903309	0.3130071	2.391747
1806	119.6908	-379.7572	499.448	0.0927508	0.583792	0.0327328	0.290724	2.530036	0.2089628	0.395828	2.478336
1812	119.3604	-379.8041	499.1645	0.25834	0.260619	0.168511	0.312531	0.7914921	0.1011785	0.2695263	5.909658
1818	122.3092	-375.3727	497.682	0.242142	0.239495	0.251278	0.267086	0.7914921	0.6483667	0.1310819	7.275964
1824	116.7125	-379.4543	496.1669	0.120068	0.0711175	0.714108	0.094707	0.8030934	1.07606	0.1210861	10.78603
1830	112.8279	-384.8229	497.6507	0.280078	0.503695	0.033814	0.182414	0.4921871	1.309558	0.07415136	5.211967
1836	116.3054	-384.2723	500.5777	0.03851	0.808195	0.0216401	0.131654	0.4921871	0.1548152	0.2687697	3.396994
1842	120.3422	-379.5934	499.9357	0.0276015	0.538751	0.119555	0.314092	0.2244204	0.5206328	0.2097628	3.974242
1848	128.7358	-372.0848	500.8206	0.259866	0.173624	0.196068	0.370443	1.098264	0.1476229	0.2097628	1.879636
1854	109.7182	-390.7305	500.4487	0.440552	0.0809189	0.0913791	0.38715	1.352008	0.03438011	0.1462083	1.897323
1860	113.0217	-387.4343	500.456	0.117736	0.237892	0.29214	0.352232	1.622736	0.4097332	0.141265	1.150531
1866	95.06001	-404.2402	499.3002	0.205733	0.279923	0.0998797	0.414464	3.491662	0.2219971	0.248909	1.653226
1872	107.9755	-393.4953	501.4708	0.607206	0.134668	0.103454	0.154672	1.404289	0.5275569	0.225992	0.5218876
1878	118.1233	-384.261	502.3843	0.540157	0.260794	0.0797762	0.119272	0.5516946	0.3840416	0.2314411	0.6095239
1884	112.5956	-389.906	502.5016	0.27766	0.427919	0.0987166	0.195705	0.3465463	0.2142969	0.1967341	0.7472254
1890	115.2593	-381.3672	496.6265	0.0700355	0.76592	0.0470571	0.116987	14.0798	0.3297912	0.1224083	0.3380687
1896	120.4902	-378.4281	498.9184	0.0576178	0.685298	0.142064	0.11502	5.984238	0.3615472	0.1409599	0.3535456
1902	120.4698	-378.7661	499.2359	0.226074	0.602923	0.0905199	0.0804831	7.049778	0.05670619	0.2740573	0.3535456
1908	131.6302	-370.6815	502.3117	0.23091	0.493955	0.192931	0.0822047	0.5195143	0.4238292	0.1379772	0.3167729
1914	123.443	-378.6297	502.0727	0.161051	0.6691	0.022063	0.147786	0.349989	0.6191401	0.1153316	0.4023971
1920	122.9344	-379.2732	502.2076	0.269347	0.57527	0.0283208	0.127062	0.2560791	0.2005267	0.07101568	0.2885052
1926	114.6267	-386.2981	500.9247	0.158284	0.0946515	0.690896	0.0561684	2.391633	0.07916655	0.1224259	0.3091968
1932	115.2269	-387.6071	502.834	0.420172	0.320347	0.219026	0.0404549	0.5941208	0.161484	0.2473645	0.3609459
1938	89.38219	-413.5827	502.9649	0.65246	0.0835401	0.206604	0.0573962	0.5941208	0.1324653	0.3112203	0.3609459
1944	126.1547	-374.4632	500.6179	0.459879	0.00937219	0.379801	0.150949	2.211021	0.2082468	0.08524514	0.3377037
1950	131.2404	-371.1055	502.3459	0.62723	0.025706	0.264462	0.0826017	0.4919606	0.1295008	0.116123	0.5071834
1956	123.1772	-379.3831	502.5603	0.727002	0.0113283	0.152009	0.10966	0.4919606	0.1884693	0.1371279	0.3339782
1962	117.3769	-384.6851	502.062	0.771387	0.00668272	0.103596	0.118334	0.3505972	0.3624944	0.07639592	0.3038542
1968	107.6184	-395.0011	502.6195	0.784876	0.00619443	0.115819	0.0931104	0.1074658	0.2089057	0.1848795	0.3697482
1974	130.6014	-371.5381	502.1395	0.600045	0.0115166	0.215329	0.173109	0.7511718	0.169228	0.1133374	0.3721212
1980	121.4332	-381.0239	502.4571	0.676704	0.0400811	0.179612	0.103604	0.8011743	0.2750959	0.2350242	0.3847325
1986	131.8958	-370.6625	502.5583	0.566293	0.0716966	0.229582	0.132428	0.7260911	0.1290108	0.2096612	0.4536232
1992	126.5321	-375.8326	502.3647	0.599825	0.16241	0.198123	0.039642	0.7260911	0.2271307	0.1598136	0.3641515
1998	121.2175	-381.5476	502.7651	0.475659	0.226309	0.203853	0.0941796	0.182422	0.2806679	0.1843709	0.3768906
2004	132.5179	-369.2242	501.7421	0.334392	0.306931	0.283711	0.0749654	0.7240037	0.2745188	0.07253119	0.3008196
2010	127.8011	-374.5151	502.3162	0.144285	0.0861648	0.647426	0.122125	0.4154479	0.2338436	0.1085454	0.4504829
2016	120.3158	-381.3089	501.6247	0.159972	0.665895	0.085285	0.0888482	1.930412	0.005170844	0.1892412	0.3258821
2022	118.2892	-383.1859	501.4751	0.297142	0.176835	0.457074	0.0689489	1.931716	0.06525399	0.1796736	0.402601
2028	108.5622	-392.566	501.1282	0.693702	0.0144534	0.0950969	0.196747	0.4767387	0.8842034	0.1281203	1.040554
2034	106.8435	-393.6196	500.4631	0.619169	0.111928	0.0876215	0.181281	1.021707	0.8377141	0.1281203	1.193554
2040	107.0406	-393.2933	500.3338	0.51923	0.323926	0.0383994	0.118444	1.455899	1.053369	0.08604403	0.3940009
2046	112.4247	-389.1613	501.586	0.397513	0.201395	0.246035	0.155057	0.4171297	0.5189475	0.05570581	0.2836718
2052	117.5121	-383.1589	500.671	0.219937	0.509046	0.191951	0.0790661	2.736738	0.2602759	0.1482612	0.2673139
2058	111.6467	-389.1212	500.7678	0.507108	0.308633	0.113407	0.0708518	1.729474	0.3148135	0.07231502	0.2673139
2064	118.2576	-384.5653	502.8229	0.394373	0.240021	0.279789	0.085817	0.435803	0.1320886	0.1639286	0.2673139
2070	117.0058	-385.0599	502.0657	0.495946	0.214791	0.250378	0.038885	0.9087002	0.05835884	0.1105274	0.373601
2076	106.0106	-394.9705	500.9811	0.541358	0.142891	0.273305	0.0424456	1.027111	0.7639599	0.09756578	0.5458768
2082	104.1483	-397.3544	501.5027	0.473105	0.150396	0.258104	0.118395	1.456816	0.2683047	0.1299822	0.3041172
2088	118.709	-383.2695	501.9784	0.419898	0.406019	0.133471	0.040611	0.4950918	0.5214472	0.09688291	0.2917204
2094	128.2301	-374.5778	502.808	0.54479	0.22935	0.17317	0.0526901	0.4156129	0.0409819	0.1869626	0.5394643
2100	128.7006	-372.9227	501.6233	0.651298	0.112987	0.127011	0.108704	1.1828	0.4501214	0.2058317	0.5944876
2106	122.7114	-380.1572	502.8686	0.831285	0.0107591	0.0326632	0.125293	0.4181475	0.04198654	0.2947279	0.7067243
2112	125.5006	-375.0725	500.573	0.446576	0.0465138	0.135971	0.370939	1.364577	0.003048437	0.2262225	2.127148
2118	119.3008	-381.2255	500.5263	0.612592	0.0554651	0.186519	0.145424	2.513456	0.2889234	0.437697	1.076398
2124	116.5195	-383.2953	499.8148	0.672055	0.155925	0.0750817	0.096939	3.667658	0.5390973	0.1846482	0.5169555
2130	125.111	-377.3805	502.4915	0.509268	0.369971	0.0308765	0.0898845	0.5504694	0.3243224	0.2556593	0.6141973
2136	125.4454	-377.1553	502.6007	0.689105	0.194611	0.0162415	0.100042	0.07688543	0.06451288	0.2508237	0.4716823
2142	115.2905	-387.4001	502.6906	0.58806	0.235173	0.00262556	0.174142	0.5208966	0.2553878	0.2732911	0.5485057
2148	127.7234	-375.0821	502.8055	0.59857	0.221503	0.00267248	0.177255	0.5208966	0.1913344	0.3027861	0.5413825
2154	132.3252	-369.7652	502.0904	0.74165	0.12806	0.00187028	0.12842	1.010199	0.03809325	0.1301423	0.3950125
2160	135.3429	-366.573	501.916	0.713665	0.0213494	0.00173763	0.263248	0.7360735	0.2990293	0.1046237	0.4283419
2166	133.4751	-369.0707	502.5458	0.578545	0.328983	0.00725608	0.0852165	0.4166433	0.4188705	0.189496	0.4283419
2172	128.6178	-372.3103	500.9282	0.370757	0.415667	0.0419623	0.171613	2.367408	0.322046	0.1870604	0.4028446
2178	118.3624	-380.5494	498.9118	0.296787	0.177184	0.434019	0.0920102	8.056562	0.09025467	0.3504192	0.4216774
2184	116.0956	-383.8886	499.9842	0.148958	0.419291	0.356232	0.0755197	4.47642	0.2488853	0.2329555	0.35545
2190	116.1282	-384.7867	500.9149	0.195375	0.737031	0.00119022	0.0664035	2.535666	0.1933487	0.1762964	0.3920847
2196	120.9162	-380.6667	501.5829	0.556573	0.365413	0.000257325	0.077756	1.176586	0.1382638	0.09461906	0.3920847
2202	119.0625	-383.5244	502.5869	0.535977	0.333205	0.000360365	0.130457	0.2126901	0.05049536	0.09461906	0.2897787
2208	115.2169	-387.0828	502.2997	0.277831	0.518487	0.000682447	0.202999	0.2126901	0.03685393	0.1830818	1.102575
2214	119.5677	-383.3013	502.869	0.442682	0.251336	0.218045	0.0879371	0.5883925	0.05403939	0.2651675	0.4884206
2220	121.5656	-381.1045	502.6702	0.418962	0.438141	0.0661266	0.0767707	0.3563382	0.1229038	0.124313	0.3375969
2226	116.3202	-386.3227	502.6429	0.412047	0.507966	0.048916	0.031071	0.4815999	0.06511515	0.1253982	0.3062634
2232	110.9903	-390.9399	501.9302	0.69077	0.246707	0.00201612	0.0605061	0.3098826	0.3922988	0.06591921	0.3029023
2238	113.4381	-388.3127	501.7507	0.334203	0.309892	0.314491	0.0414134	0.2082861	0.5284316	0.06235841	0.2977754
2244	128.8277	-373.3061	502.1338	0.512207	0.185334	0.177092	0.125367	0.235502	0.5417177	0.09851269	0.2977754
2250	123.3029	-377.5345	500.8374	0.7018	0.0785361	0.118887	0.100776	1.546467	0.4666005	0.1372934	0.7598541
2256	130.3023	-368.7329	499.0353	0.693177	0.0775711	0.117427	0.111826	1.952411	1.413437	0.05164105	0.4941948
2262	122.2652	-380.3102	502.5754	0.362334	0.58009	0.011533	0.0460435	0.2668454	0.4120119	0.1511469	0.3208863
2268	122.9547	-380.0765	503.0312	0.360098	0.570629	0.0115089	0.0577641	0.298174	0.03589739	0.1738336	0.3306508
2274	133.0177	-369.1554	502.1732	0.280504	0.656552	0.0288122	0.034132	1.161433	0.05086792	0.1909066	0.4166697
2280	130.5892	-372.0146	502.6038	0.395514	0.515734	0.0406256	0.0481266	0.918256	0.07879667	0.2642858	0.3682921
2286	130.9873	-371.6614	502.6487	0.204639	0.677523	0.0539394	0.0638987	0.7542501	0.1860592	0.2461647	0.3451368
2292	117.1839	-385.5888	502.7727	0.445762	0.353535	0.119641	0.0810623	0.3603164	0.134392	0.1740297	0.4801742
2298	110.3815	-392.687	503.0686	0.434316	0.38685	0.122476	0.056358	0.4057925	0.001213406	0.2127764	0.3979793
2304	120.6413	-382.1839	502.8252	0.341364	0.330272	0.224883	0.103481	0.4892549	0.0003156013	0.2342028	0.621225
2310	118.0817	-381.9411	500.0228	0.0853775	0.832496	0.0562448	0.0258813	3.514271	0.001795793	0.170584	0.8609235
2316	116.4563	-383.7129	500.1692	0.137274	0.602881	0.164582	0.0952627	3.523065	0.01995348	0.2036563	0.8050384
2322	127.2407	-375.2	502.4407	0.143153	0.628699	0.128807	0.0993421	0.2398254	0.4144619	0.1258711	0.3213036
2328	126.0108	-376.6404	502.6512	0.498085	0.306062	0.126886	0.0689675	0.2603514	0.3684381	0.1818738	0.4404473
2334	124.1498	-378.6321	502.7819	0.300841	0.259578	0.338548	0.101033	0.2249474	0.08324044	0.1348383	0.376562
2340	118.7522	-383.1593	501.9115	0.306071	0.31392	0.111683	0.268327	0.169731	0.5405033	0.08260872	0.343314
2346	116.1698	-384.9762	501.1461	0.323586	0.348025	0.0934624	0.234927	0.1260938	0.9121726	0.06892199	0.4872269
2352	120.5155	-380.2613	500.7768	0.2947	0.356439	0.236401	0.11246	0.1359035	0.9764518	0.04095134	0.3419341
2358	119.1718	-380.5145	499.6862	0.295491	0.357487	0.218943	0.128079	1.530208	0.9764518	0.03983916	0.3722312
2364	113.7997	-387.2992	501.0989	0.239013	0.407283	0.232721	0.120982	0.5048295	1.236011	0.1124196	0.6067399
2370	117.3529	-384.7636	502.1165	0.844037	0.0205711	0.104905	0.0304867	0.4346446	0.7533089	0.2005002	0.5442548
2376	107.0066	-393.5458	500.5524	0.523639	0.048584	0.311069	0.116709	1.701158	0.8467207	0.1414637	0.5681627
2382	109.4319	-392.0275	501.4594	0.327436	0.0538704	0.347305	0.271389	1.518499	0.0862987	0.1449672	0.5906785
2388	114.4241	-388.2088	502.6329	0.371304	0.432856	0.0566078	0.139232	0.2688897	0.3795268	0.2187469	0.5585437
2394	115.3167	-386.6564	501.9731	0.220337	0.496853	0.214645	0.0681654	0.6565644	0.4411388	0.1062843	0.2527717
2400	111.2683	-390.6952	501.9635	0.467886	0.193709	0.193655	0.14475	1.204727	0.1250812	0.1632779	0.4089992
2406	112.1537	-388.6037	500.7574	0.451378	0.186874	0.222105	0.139643	2.834745	0.1305833	0.2129272	0.5443717
2412	116.186	-383.1715	499.3574	0.312447	0.15078	0.495644	0.0411282	5.614541	0.1151946	0.153056	0.3679074
2418	114.7468	-385.052	499.7988	0.0342454	0.436016	0.445069	0.0846698	3.724707	0.3871224	0.1242373	0.3653787
2424	131.8976	-370.0318	501.9294	0.18813	0.504509	0.0354127	0.271948	0.3003661	0.2133776	0.05274285	0.2518263
2430	119.3156	-381.9829	501.2984	0.118753	0.378182	0.103122	0.399944	0.7820036	0.4660826	0.101224	0.7938015
2436	120.712	-381.1529	501.865	0.597345	0.312968	0.0358994	0.0537872	1.031522	0.04591447	0.2225137	0.9323618
2442	102.6782	-398.1303	500.8085	0.26877	0.282773	0.248438	0.200019	1.383248	0.2669831	0.1607427	1.242639
2448	110.2202	-390.5511	500.7713	0.473002	0.265565	0.113011	0.148422	1.383248	0.488318	0.1676113	1.079132
2454	116.4269	-385.3424	501.7693	0.112218	0.535678	0.052717	0.299387	0.2164245	0.3614314	0.1604908	1.229867
2460	119.2034	-381.4634	500.6668	0.443626	0.293206	0.0735292	0.189639	0.1928226	0.6168116	0.179127	2.358523
2466	118.7254	-379.1543	497.8797	0.468512	0.234302	0.11196	0.185227	0.4544173	0.8363834	0.1565884	7.549176
2472	115.7669	-381.8546	497.6215	0.392234	0.109759	0.380308	0.117698	1.018753	0.7769224	0.1539614	6.736428
2478	122.0052	-377.1102	499.1154	0.00940447	0.266731	0.200663	0.523202	0.5010269	0.7866706	0.1029796	3.757541
2484	117.2716	-380.6227	497.8943	0.0050954	0.308742	0.0651572	0.621005	0.2476598	1.427961	0.01375643	2.011439
2490	109.3451	-390.1376	499.4827	0.0708265	0.295712	0.0775335	0.555928	0.2605313	1.206251	0.02665849	1.147524
2496	120.2938	-379.798	500.0918	0.0507386	0.745939	0.0555433	0.14778	0.8134455	1.206251	0.05764911	0.7535667
2502	126.738	-372.5008	499.2388	0.0507386	0.745939	0.0555433	0.14778	2.496303	0.9608782	0.05406169	0.3884536
2508	127.8499	-371.7813	499.6312	0.113827	0.720454	0.0229885	0.142731	4.350355	0.3187403	0.1411757	0.3884536
2514	109.8658	-392.1398	502.0056	0.286336	0.277214	0.0774044	0.359046	0.3303268	0.295202	0.08118688	0.529643
2520	112.5626	-389.0091	501.5717	0.341149	0.499133	0.0638099	0.0959082	2.032307	0.1386827	0.2577253	0.348941
2526	110.5421	-391.6525	502.1945	0.341437	0.534878	0.0561838	0.0675013	0.3563866	0.6033279	0.2105051	0.7012775
2532	119.0056	-381.0264	500.0321	0.452118	0.376783	0.112491	0.0586078	4.356964	0.1447387	0.1877224	0.3359012
2538	130.0703	-370.4173	500.4877	0.395987	0.127553	0.435748	0.0407114	3.19209	0.1352318	0.1472864	0.3359012
2544	121.0911	-379.2674	500.3585	0.68824	0.12781	0.140506	0.0434436	3.10874	0.2878872	0.1415282	0.3303838
2550	123.48	-377.3029	500.7828	0.67903	0.116729	0.132211	0.0720295	2.208228	0.4548231	0.156991	0.4130953
2556	129.2435	-372.7543	501.9978	0.424325	0.34035	0.130736	0.104589	0.7373865	0.5350162	0.1510592	0.3751317
2562	125.8277	-375.9485	501.7762	0.499612	0.340934	0.0363078	0.123146	1.350523	0.3482123	0.24133	0.4787396
2568	119.1476	-381.8375	500.9852	0.538403	0.274465	0.0337199	0.153412	1.705549	0.5155418	0.1639472	0.5656449
2574	134.1773	-367.2767	501.454	0.561143	0.110665	0.158597	0.169596	1.248734	0.3681864	0.1469132	0.5656449
2580	124.4911	-374.0012	498.4922	0.51856	0.220067	0.196612	0.0647607	6.732458	0.4346204	0.1298425	0.3773317
2586	120.5484	-378.1771	498.7255	0.517268	0.275537	0.0935512	0.113644	6.732458	0.3335923	0.1680204	0.4351007
2592	115.9065	-383.1219	499.0284	0.0788201	0.657427	0.224195	0.0395586	2.695822	1.057483	0.1682764	1.280314
2598	123.211	-376.227	499.438	0.130618	0.637333	0.193938	0.0381113	0.4174004	0.9294638	0.1611351	3.653211
2604	117.3926	-384.3736	501.7661	0.497088	0.434721	0.0241623	0.0440283	0.9222132	0.4336664	0.120149	0.3375962
2610	117.7215	-384.4012	502.1227	0.364069	0.318391	0.286449	0.0310901	1.061925	0.3455109	0.2555025	0.4328904
2616	120.0468	-381.5616	501.6085	0.569368	0.139134	0.206536	0.0849615	0.5992155	0.7728267	0.1058565	0.414437
2622	112.0791	-390.7052	502.7843	0.549023	0.162194	0.263142	0.0256419	0.5018877	0.3314378	0.2558634	0.3484985
2628	115.5265	-386.8342	502.3606	0.511645	0.18519	0.222012	0.0811529	1.002326	0.2153944	0.2558634	0.3761739
2634	116.9117	-385.7861	502.6978	0.688524	0.104152	0.161683	0.045641	0.6550365	0.0970047	0.4856904	0.7021043
2640	109.7536	-390.3271	500.0807	0.122068	0.443815	0.114921	0.319196	0.9707654	0.1891477	0.1540767	2.782651
2646	115.0836	-384.7567	499.8403	0.358585	0.100797	0.204846	0.335772	1.620309	0.4648369	0.2669802	2.315649
2652	124.1737	-378.4707	502.6445	0.16552	0.553448	0.195562	0.0854701	0.3416803	0.2839124	0.162831	0.4241404
2658	117.1142	-385.4908	502.605	0.194813	0.651393	0.0664679	0.0873263	0.4546359	0.0930853	0.1911587	0.6627309
2664	122.3791	-380.1891	502.5682	0.699661	0.136985	0.0641306	0.0992235	0.4503473	0.287164	0.193575	0.5233403
2670	124.0525	-378.4764	502.5289	0.69632	0.222867	0.043226	0.0375876	0.6989243	0.2027592	0.1994175	0.4033412
2676	123.9427	-377.7064	501.6491	0.494346	0.315933	0.121325	0.0683952	1.786814	0.08520085	0.1994175	0.3828433
2682	132.2495	-369.6624	501.912	0.605604	0.318512	0.0157685	0.060116	1.2687	0.2446864	0.2052959	0.4284937
2688	118.8632	-379.8928	498.7559	0.801336	0.121789	0.063457	0.0134181	4.704783	0.698495	0.2354192	1.032954
2694	119.56	-381.9926	501.5526	0.576947	0.248448	0.144129	0.0304763	1.852195	0.1352532	0.3944942	0.6729627
2700	116.1943	-384.3935	500.5878	0.514815	0.224626	0.239297	0.0212619	3.612085	0.03249897	0.5813271	0.6293101
2706	114.6597	-385.8156	500.4753	0.643166	0.199937	0.133123	0.0237746	3.319715	0.02391247	0.4987849	0.9091252
2712	99.68718	-397.112	496.7992	0.386855	0.266728	0.260659	0.0857578	7.75776	0.943137	0.04494822	0.2923068
2718	117.3988	-383.2513	500.6501	0.567946	0.299635	0.0996383	0.0327814	1.378574	0.8790441	0.08628992	0.2696394
2724	113.1403	-388.4705	501.6107	0.544535	0.215299	0.156174	0.0839917	0.6383041	0.6221117	0.08528263	0.3228955
2730	108.2187	-394.2178	502.4365	0.294747	0.333375	0.241823	0.130055	0.1598634	0.2899312	0.1171735	0.3230278
2736	118.424	-383.9534	502.3773	0.529805	0.267489	0.129712	0.0729942	0.2265898	0.5422953	0.1396244	0.3359789
2742	113.3829	-388.0879	501.4708	0.496362	0.313727	0.121524	0.0683866	0.6823923	0.6983364	0.08688486	0.371463
2748	107.0087	-390.1898	497.1985	0.454716	0.275933	0.153311	0.116041	9.840242	0.4239676	0.08309896	0.371463
2754	115.3422	-382.9493	498.2915	0.292917	0.306514	0.313574	0.0869951	5.384279	0.8675275	0.08468932	0.2813639
2760	113.0398	-388.3965	501.4363	0.505317	0.205802	0.225063	0.0638188	2.059083	0.1857811	0.222012	0.3346123
2766	122.5171	-380.63	503.1471	0.197962	0.550685	0.206276	0.0450764	0.2848908	0.0984951	0.298458	0.4732844
2772	124.7593	-376.9616	501.7209	0.243588	0.673994	0.0272487	0.0551698	1.916273	0.0365421	0.298458	0.4732844
2778	130.9021	-371.179	502.0811	0.440209	0.378571	0.0599139	0.121306	0.07190695	0.4418756	0.2153578	0.4732844
2784	129.1575	-373.9991	503.1566	0.422549	0.403502	0.0575102	0.116439	0.3011765	0.005390477	0.2091842	0.3582607
2790	119.2839	-383.6531	502.937	0.60839	0.337116	0.0205095	0.0339847	0.3732487	0.0040868	0.1796876	0.4563022
2796	134.4144	-368.1802	502.5946	0.356058	0.459857	0.0116931	0.172393	0.2682434	0.1324178	0.104276	0.280018
2802	133.8736	-368.6755	502.5491	0.410493	0.422732	0.0343421	0.132432	0.2953261	0.2373256	0.1173953	0.3341727
2808	113.721	-388.2359	501.9569	0.509844	0.283018	0.0426539	0.164484	0.2224994	0.6346323	0.08887732	0.2881254
2814	110.756	-390.7753	501.5314	0.35366	0.547922	0.0400224	0.0583953	1.876145	0.239076	0.2394977	0.3786116
2820	118.5512	-383.8811	502.4323	0.338057	0.492251	0.0382567	0.131435	1.081041	0.04998363	0.2394977	0.3524443
2826	107.055	-395.6351	502.6901	0.68662	0.277249	0.0270359	0.00909415	0.4815154	0.1410684	0.154445	0.3524443
2832	117.3107	-385.6339	502.9446	0.451533	0.466649	0.0375427	0.0442755	0.5502177	0.1982655	0.3062068	0.3524443
2838	120.9859	-378.9631	499.949	0.437345	0.470126	0.018917	0.073612	3.824948	0.5192717	0.2082667	0.3837157
2844	121.4191	-380.0375	501.4566	0.488568	0.177302	0.114807	0.219322	0.2305415	0.8418821	0.07266904	0.4616228
2850	94.7643	-407.215	501.9793	0.780358	0.192025	0.0118002	0.0158161	1.310339	0.2693421	0.2394068	0.375401
2856	90.81113	-410.8603	501.6714	0.746103	0.118337	0.109759	0.0258013	2.001037	0.07111235	0.2527388	0.3191305
2862	115.7217	-386.1984	501.92	0.573922	0.140239	0.198305	0.0875336	0.5985183	0.5505335	0.1060574	0.2765695
2868	127.7987	-373.8124	501.6111	0.465891	0.204061	0.288551	0.0414968	0.06768889	0.2869241	0.08088806	0.2765695
2874	124.3826	-376.8929	501.2755	0.514788	0.208978	0.233737	0.0424968	0.2289452	1.051404	0.06876165	0.3742663
2880	134.4399	-366.0978	500.5377	0.419679	0.170369	0.29172	0.118232	0.04967005	0.5822229	0.04994669	0.338596
2886	137.3449	-364.5748	501.9197	0.634121	0.119431	0.14977	0.0966785	0.3357607	0.2491571	0.05558907	0.2707719
2892	133.3231	-368.2911	501.6142	0.363249	0.533713	0.0636011	0.0394372	0.3357607	0.4602414	0.04992609	0.2581444
2898	129.2093	-372.3776	501.5869	0.270397	0.489713	0.172687	0.0672026	0.2820877	0.1796511	0.03472483	0.2645569
2904	114.1531	-384.281	498.4341	0.057013	0.625216	0.22047	0.0973014	5.944154	0.18241	0.05808146	0.2510865
2910	106.39	-388.0828	494.4728	0.101733	0.422059	0.369274	0.106933	21.98084	0.8167083	0.0964706	0.4697638
2916	124.7804	-378.0477	502.8282	0.507906	0.149191	0.277147	0.0657561	0.4724025	0.04185031	0.2074529	0.5290788
2922	114.1944	-388.5405	502.7348	0.495183	0.158853	0.277218	0.0687458	0.4761359	0.256468	0.1870363	0.303154
2928	114.5515	-388.0688	502.6203	0.686655	0.0801187	0.162678	0.0705485	0.4457919	0.4229452	0.2324519	0.4430333
2934	122.5727	-378.6036	501.1763	0.209714	0.645125	0.0460048	0.0991563	1.208339	0.6252067	0.1256097	0.5113265
2940	122.9518	-378.625	501.5768	0.384496	0.444288	0.0163645	0.154851	0.5529483	0.6252067	0.2285052	1.155245
2946	119.073	-383.7792	502.8522	0.284993	0.590272	0.034926	0.0898094	0.4916288	0.03908989	0.1793694	0.3915611
2952	126.2095	-372.528	498.7375	0.515528	0.348887	0.100677	0.0349088	6.176041	0.3441156	0.1162623	0.3258688
2958	123.1634	-378.7701	501.9334	0.625687	0.247764	0.0625475	0.0640008	1.173592	0.1996964	0.1535357	0.3330035
2964	123.7749	-378.161	501.9358	0.262048	0.620669	0.0741247	0.0431581	1.241185	0.1643649	0.1754324	0.4109913
2970	117.5288	-383.1552	500.684	0.373468	0.163327	0.389431	0.0737742	2.78793	0.2430814	0.1754324	0.4109913
2976	116.7806	-383.3276	500.1082	0.398318	0.107657	0.415342	0.0786829	2.190368	0.4775699	0.2735461	1.409484
2982	113.4426	-386.7892	500.2318	0.497796	0.0719308	0.135432	0.294841	1.717767	0.8075815	0.1096671	0.7154226
2988	122.9474	-377.5561	500.5035	0.31171	0.397004	0.0844201	0.206867	0.694546	0.9869119	0.0560388	0.6665016
2994	121.81	-379.3671	501.1771	0.323734	0.488043	0.0667652	0.121458	0.6523293	0.9468804	0.09800062	0.5582295
3000	121.8434	-378.7712	500.6146	0.120098	0.635012	0.140469	0.104421	1.180991	0.8006168	0.08893112	0.6462339
3006	116.9639	-385.0567	502.0206	0.512791	0.247371	0.0368723	0.202966	0.3675821	0.3591867	0.1801302	1.00566
3012	125.1617	-376.4332	501.595	0.721852	0.214722	0.010019	0.0534076	0.4412112	0.7302463	0.07714593	0.3591955
3018	116.5448	-383.7092	500.2539	0.809473	0.0723444	0.074875	0.0433081	2.936978	0.3033263	0.1123607	0.3591955
3024	110.5121	-391.0995	501.6116	0.829039	0.111455	0.0151516	0.0443549	1.886718	0.03282035	0.2135059	0.4423948
3030	118.1677	-384.1079	502.2756	0.75932	0.102082	0.106693	0.0319051	1.204673	0.06502094	0.2659103	0.4430612
3036	121.8385	-381.1423	502.9808	0.268269	0.540618	0.12177	0.0693432	0.4450408	0.0008505688	0.1799593	0.3311871
3042	114.7531	-383.8918	498.6449	0.551273	0.0906192	0.29632	0.0617873	7.730159	0.002293483	0.1318874	0.3077285
3048	116.5078	-385.8941	502.4019	0.402828	0.33054	0.147308	0.119323	0.6585439	0.00247216	0.1143166	0.3836478
3054	121.9651	-379.8176	501.7827	0.446753	0.349143	0.0577722	0.146332	0.8101015	0.7742691	0.1882823	0.4287341
3060	123.9373	-377.7352	501.6725	0.389509	0.336095	0.186703	0.0876924	1.17831	0.4928026	0.1690389	0.3740432
3066	125.6411	-376.9768	502.6179	0.451295	0.240487	0.228403	0.0798153	0.4116446	0.2352352	0.1499107	0.3821908
3072	117.6838	-382.7413	500.4251	0.490192	0.175489	0.022043	0.312276	0.8647151	0.7775669	0.06641456	0.9132162
3078	122.8983	-378.3853	501.2836	0.669932	0.109593	0.00182128	0.218654	0.7249629	0.7356644	0.0983665	0.5877965
3084	113.8812	-388.6321	502.5133	0.573762	0.3523	0.00061078	0.0733273	0.3770314	0.1868346	0.155332	0.5959835
3090	113.5902	-389.0425	502.6326	0.474377	0.462608	0.00238871	0.0606258	0.7981038	0.05013285	0.2269727	0.4246384
3096	118.2276	-384.2793	502.5069	0.434693	0.45929	0.00218888	0.103828	0.5547683	0.3130892	0.1873811	0.4319922
3102	119.6475	-381.4482	501.0957	0.231515	0.753886	0.00357911	0.0110201	0.7387569	1.048832	0.1319388	0.6699135
3108	112.8502	-389.8539	502.7042	0.454987	0.46816	0.0105868	0.0662664	0.6188822	0.06959765	0.2262143	0.5247049
3114	113.3299	-388.8063	502.1362	0.400189	0.411775	0.0152001	0.172836	0.3313112	0.3397711	0.08472567	0.3788352
3120	116.5072	-385.6072	502.1145	0.402831	0.322356	0.163701	0.111112	0.6247542	0.1197005	0.08175248	0.243521
3126	126.4323	-375.1712	501.6035	0.157257	0.551793	0.188801	0.102149	0.9940441	0.2162501	0.08292362	0.3541525
3132	125.0061	-375.6373	500.6434	0.329321	0.0613855	0.395378	0.213916	1.59138	0.007159326	0.03918656	0.262988
3138	128.4716	-373.379	501.8505	0.487281	0.0237194	0.196405	0.292595	0.2560524	0.01778025	0.03918656	0.3098614
3144	126.1095	-375.0233	501.1328	0.309897	0.017253	0.486769	0.186082	0.2560524	0.2941463	0.02482706	0.1891189
3150	124.1787	-376.578	500.7568	0.401198	0.0163331	0.361195	0.221274	0.2560524	0.5583373	0.02177205	0.2037901
3156	119.8816	-381.4446	501.3262	0.285195	0.0116655	0.563931	0.139208	0.8631434	0.04533298	0.04141668	0.3035459
3162	122.7547	-376.4689	499.2237	0.284517	0.0116378	0.488522	0.215323	3.570057	0.2570479	0.04626277	0.2858551
3168	127.724	-373.5606	501.2846	0.207063	0.0203706	0.660903	0.111664	0.5749579	0.4158902	0.04200992	0.2495664
3174	128.7204	-371.6065	500.3269	0.240089	0.148441	0.561689	0.0497811	0.2951932	1.177027	0.02650833	0.2843321
3180	126.4071	-375.7934	502.2005	0.514159	0.063598	0.240651	0.181592	0.654748	0.06519278	0.09061592	0.3224173
3186	118.1668	-383.3186	501.4854	0.55838	0.0565868	0.20143	0.183603	0.193602	0.4800761	0.04400078	0.2554485
3192	123.4106	-376.5433	499.9539	0.623038	0.230129	0.00516833	0.141665	0.1446097	1.551829	0.03013712	0.323534
3198	105.7062	-394.9143	500.6205	0.476819	0.268299	0.013576	0.241306	0.504139	1.301035	0.05212848	0.3606341
3204	111.2979	-390.1293	501.4272	0.441793	0.33272	0.0343239	0.191163	0.7219869	0.9911679	0.1890334	0.6598228
3210	108.5833	-393.676	502.2593	0.590991	0.364202	0.00127723	0.0435297	0.6460752	0.1366875	0.1024206	0.2547279
3216	113.7066	-388.2814	501.988	0.349547	0.55183	0.00764076	0.090982	0.8378226	0.01037949	0.08081299	0.234169
3222	119.6862	-381.8971	501.5832	0.665545	0.127955	0.121257	0.0852426	1.215573	0.5130096	0.1776267	0.4507687
3228	124.6827	-377.1994	501.8821	0.0111796	0.732734	0.155405	0.100682	0.8690222	0.2514158	0.09989267	0.2922978
3234	126.13	-375.7467	501.8767	0.00210341	0.848243	0.0651951	0.0844582	0.32182	0.5015383	0.0698702	0.2639965
3240	127.9557	-372.258	500.2137	0.002149	0.866626	0.0557142	0.0755104	1.924524	0.5073018	0.05896522	0.3388613
3246	125.6126	-375.7862	501.3988	0.00432328	0.851651	0.0547515	0.0892741	0.7071352	0.7164407	0.1033851	0.551848
3252	124.8198	-374.9347	499.7546	0.0620471	0.43171	0.115774	0.390469	2.424743	0.5178592	0.09570922	0.8447312
3258	133.1082	-368.6501	501.7583	0.68257	0.168245	0.0155274	0.133658	0.9790199	0.2911776	0.151501	0.6185275
3264	127.1902	-374.7307	501.9208	0.691501	0.224955	0.0102338	0.0733103	0.8193881	0.5030011	0.240653	0.6883639
3270	115.7994	-387.1187	502.9181	0.830908	0.0882756	0.00517612	0.0756399	0.4117645	0.2088065	0.2951732	0.5054892
3276	116.5409	-385.0327	501.5735	0.456605	0.498984	0.00284441	0.0415661	1.323999	0.2912123	0.1493824	0.4662048
3282	115.076	-386.504	501.5799	0.472644	0.372095	0.00294432	0.152317	0.3534764	0.7554543	0.1417842	0.8989007
3288	116.8059	-385.7377	502.5437	0.394362	0.474092	0.00445682	0.127089	0.5811455	0.2811198	0.1814368	0.3692521
3294	107.3797	-393.2811	500.6608	0.368976	0.459163	0.00210046	0.169761	1.776718	0.7031714	0.1211395	0.4257815
3300	95.88474	-400.5284	496.4132	0.294514	0.522912	0.00237836	0.180196	18.87936	0.01118794	0.2955845	0.5407708
3306	102.5556	-395.0647	497.6204	0.68045	0.217216	0.00417165	0.0981633	12.52833	0.05218604	0.2672466	0.4705105
3312	106.0942	-390.9284	497.0226	0.368138	0.449511	0.00311852	0.179232	11.6774	0.3436147	0.1203949	0.4705105
3318	120.83	-381.1484	501.9784	0.28452	0.625458	0.00262153	0.0874007	1.242962	0.2019591	0.175274	0.2826156
3324	118.8892	-381.4284	500.3176	0.364111	0.579434	0.00106439	0.0553904	2.334871	0.3080943	0.07219116	0.2826156
3330	121.6708	-379.5097	501.1805	0.187941	0.508568	0.0740692	0.229422	1.826591	0.02277216	0.0954357	0.3424547
3336	119.0779	-383.8345	502.9124	0.358888	0.442324	0.100482	0.0983064	0.4426393	0.05813044	0.1789901	0.3466632
3342	115.3928	-387.5436	502.9364	0.568095	0.352595	0.0313544	0.0479565	0.482777	0.09856247	0.2118055	0.3466632
3348	118.6973	-383.6243	502.3216	0.668652	0.101915	0.134519	0.0949138	0.8585074	0.2046684	0.2118055	0.482786
3354	113.3832	-384.3538	497.7369	0.808923	0.0847091	0.0132641	0.0931038	12.389	0.01748128	0.2927136	0.4599164
3360	101.8143	-398.5182	500.3325	0.470253	0.0236739	0.442598	0.0634753	2.538304	0.3321314	0.1747472	0.821531
3366	125.0211	-377.6883	502.7094	0.783895	0.0485431	0.111521	0.0560412	0.4381501	0.1063955	0.1535512	0.4183203
3372	123.3704	-378.5766	501.947	0.50741	0.209859	0.159247	0.123484	0.5249739	0.6531663	0.1307211	0.4359128
3378	123.4439	-378.4457	501.8896	0.262882	0.266745	0.3438	0.126573	0.8203511	0.3295455	0.1211363	0.4509509
3384	114.9927	-383.3972	498.3899	0.0155621	0.0250269	0.925372	0.0340393	5.092012	0.5625425	0.1245159	0.9498872
3390	113.6315	-387.701	501.3325	0.0155522	0.0548771	0.924782	0.00478852	1.732625	0.3503216	0.2423098	0.5942827
3396	116.2084	-385.5919	501.8003	0.0482505	0.170255	0.766638	0.0148563	0.3637218	0.3967011	0.05851117	0.2559887
3402	117.1691	-384.9528	502.1219	0.273215	0.175539	0.50662	0.044626	0.9148208	0.2061394	0.135479	0.2554978
3408	123.9967	-377.9024	501.8991	0.217488	0.253484	0.403285	0.125744	0.2755778	0.06604195	0.0429453	0.2554978
3414	127.1271	-374.9354	502.0626	0.524404	0.313464	0.0791145	0.0830171	0.2553391	0.06604195	0.05127005	0.2554978
3420	127.0623	-375.3818	502.4442	0.0761346	0.598914	0.26359	0.0613608	0.4873283	0.4011279	0.165909	0.3904731
3426	118.892	-383.3538	502.2458	0.0066874	0.552643	0.295309	0.145361	0.604489	0.4587106	0.1687437	0.4276954
3432	123.6302	-378.4146	502.0448	0.0580314	0.484356	0.294569	0.163044	0.1681138	0.54719	0.1263421	0.5577257
3438	130.0562	-371.9937	502.0498	0.0306957	0.677416	0.228534	0.0633549	0.7921852	0.4743409	0.1786142	0.4485816
3444	126.5725	-374.7287	501.3013	0.0410008	0.569119	0.305256	0.0846241	1.796221	0.2302428	0.1592737	0.441569
3450	123.1165	-379.4449	502.5614	0.205952	0.461651	0.290593	0.0418041	0.564831	0.08438501	0.133456	0.3480378
3456	133.7064	-369.1167	502.8231	0.374847	0.283738	0.272263	0.0691514	0.3416582	0.1255316	0.159819	0.3854421
3462	127.5926	-374.9708	502.5634	0.186566	0.424627	0.269245	0.119563	0.8325934	0.1772381	0.2296814	0.3014458
3468	130.8701	-370.7798	501.6499	0.131276	0.298787	0.485807	0.08413	1.40454	0.05902986	0.1125295	0.3014458
3474	130.1631	-371.502	501.665	0.0273648	0.346736	0.533508	0.0923906	0.5175775	0.5456334	0.09866476	0.6147654
3480	121.3346	-380.8398	502.1744	0.237049	0.570493	0.161465	0.0309924	0.6647378	0.3354109	0.1436855	0.449985
3486	118.5053	-381.307	499.8123	0.407452	0.488213	0.0923478	0.0119872	3.719992	0.5290222	0.1617118	0.4097224
3492	113.125	-387.805	500.93	0.516481	0.426594	0.0481517	0.00877281	2.823435	0.1810584	0.3452844	0.546961
3498	100.2954	-401.0876	501.383	0.575604	0.0609687	0.301889	0.0615381	1.839265	0.1931275	0.2993298	0.7070771
3504	107.2257	-394.6584	501.8841	0.502498	0.156493	0.287105	0.0539039	0.9692212	0.4554106	0.2162607	0.5671948
3510	123.4831	-378.9252	502.4083	0.712974	0.214817	0.0424989	0.0297102	0.9692212	0.07522983	0.2162607	0.4202302
3516	106.0006	-396.7002	502.7008	0.7077	0.167401	0.0935038	0.031395	0.3697998	0.3356916	0.2085003	0.4545976
3522	123.5302	-379.3462	502.8764	0.79621	0.143441	0.0272199	0.033129	0.6857652	0.01478757	0.3228428	0.4990935
3528	119.8653	-382.8785	502.7438	0.464276	0.447385	0.0690212	0.0193177	0.7342249	0.01577016	0.2011184	0.3192096
3534	125.1676	-377.4218	502.5894	0.464276	0.447385	0.0690212	0.0193177	0.5934723	0.001648146	0.1291661	0.3492225
3540	124.3005	-378.6155	502.916	0.775066	0.0626944	0.128148	0.0340911	0.5542347	0.01409972	0.2047164	0.3649612
3546	118.3306	-384.0984	502.429	0.764282	0.0618221	0.140083	0.0338124	0.5774703	0.104687	0.1129177	0.2996054
3552	121.6029	-378.657	500.2598	0.655409	0.222479	0.0827073	0.0394049	2.976851	0.4607688	0.1459314	0.368502
3558	115.4183	-386.7884	502.2067	0.697484	0.116854	0.12575	0.0599121	0.6485594	0.2363667	0.1167762	0.368502
3564	110.5476	-391.2924	501.84	0.518952	0.279053	0.192259	0.00973562	0.8221036	0.6300362	0.1557527	0.368502
3570	115.0213	-385.7876	500.8089	0.904682	0.0426481	0.0404933	0.0121761	1.550768	0.5813342	0.1588842	0.7722643
3576	111.1787	-390.6498	501.8285	0.920334	0.0543085	0.00691845	0.0184388	1.550768	0.2167097	0.3218761	0.5098127
3582	114.1583	-388.3682	502.5265	0.574596	0.320983	0.0833143	0.0211071	0.7166587	0.218242	0.209204	0.3990838
3588	116.2825	-385.9813	502.2638	0.794994	0.130527	0.0681427	0.0063358	0.5020966	0.2425303	0.1074826	0.3990838
3594	109.1253	-390.9557	500.081	0.691979	0.113613	0.0593128	0.135095	4.326182	0.1719821	0.291426	0.5299642
3600	112.9415	-386.7406	499.6821	0.858283	0.0792099	0.012325	0.0501819	4.107842	0.361272	0.1390148	0.4038602
3606	106.2925	-395.2144	501.507	0.884002	0.0925661	0.00648196	0.0169497	1.586941	0.3386633	0.1836265	0.3842874
3612	124.4354	-378.3375	502.7729	0.846469	0.0642566	0.00491641	0.0843584	0.6968021	0.05143606	0.2368691	0.411214
3618	122.0188	-380.4809	502.4996	0.868898	0.0284688	0.0119807	0.0906525	0.8859311	0.02162184	0.1922702	0.394087
3624	118.9788	-382.6341	501.6129	0.917271	0.0238046	0.0261949	0.0327295	1.524083	0.2797689	0.2039929	0.4640283
3630	118.6337	-383.9194	502.5531	0.915625	0.0151326	0.0365712	0.0326708	0.5972579	0.07057697	0.1414017	0.388393
3636	111.0529	-388.5946	499.6475	0.884308	0.0333492	0.039507	0.042836	5.384509	0.002333218	0.1776108	0.388393
3642	116.562	-386.2606	502.8227	0.838739	0.0831616	0.0374711	0.0406286	0.260487	0.03868109	0.128959	0.341709
3648	109.774	-392.9406	502.7146	0.443377	0.100825	0.302467	0.153331	0.496905	0.2254746	0.1819219	0.3287606
3654	127.982	-374.8519	502.8339	0.459743	0.296108	0.217474	0.0266739	0.3307662	0.03240137	0.1362798	0.3547986
3660	118.5986	-384.1492	502.7478	0.491063	0.3634	0.0939782	0.0515583	0.7328314	0.00920435	0.201288	0.3272329
3666	116.0903	-386.137	502.2273	0.620935	0.176614	0.118833	0.0836174	0.9038953	0.1442488	0.1434299	0.2942207
3672	122.3323	-378.8335	501.1658	0.565052	0.24149	0.0791259	0.114332	1.214223	0.4250101	0.07824373	0.2942207
3678	117.4571	-383.9389	501.3961	0.766024	0.146948	0.0239376	0.0630896	1.406642	0.3448595	0.3455971	0.9442311
3684	122.474	-378.7285	501.2025	0.225229	0.584923	0.0188772	0.170971	1.218371	0.3413311	0.07452445	0.2986417
3690	128.2704	-372.5476	500.8179	0.412633	0.357644	0.0115422	0.218181	1.128883	0.4106298	0.05687786	0.5051699
3696	128.1622	-372.0245	500.1867	0.623766	0.0805428	0.0177394	0.277951	0.423802	0.8462947	0.01816536	0.3285242
3702	132.9091	-369.0373	501.9465	0.539041	0.0393542	0.167365	0.254239	0.1951283	0.2520288	0.05772182	0.3029943
3708	134.5972	-366.0955	500.6926	0.595114	0.043448	0.144852	0.216586	0.2117607	0.5234983	0.01961508	0.2252579
3714	132.8148	-368.8228	501.6376	0.335527	0.568385	0.016722	0.0793667	0.2117607	0.5234983	0.0537971	0.2512226
3720	119.9773	-381.4456	501.4229	0.0977092	0.551069	0.0864674	0.264755	0.2281431	0.86723	0.07233015	0.4654696
3726	113.965	-386.646	500.6109	0.403676	0.350466	0.143121	0.102737	0.2698658	0.6450603	0.02025381	0.2256369
3732	113.3891	-388.2587	501.6478	0.556422	0.258466	0.0384548	0.146657	0.1864281	0.3132989	0.04415839	0.2475779
3738	112.4636	-389.492	501.9556	0.506329	0.178469	0.181748	0.133454	0.1864281	0.2691687	0.05925887	0.2592947
3744	106.2426	-396.039	502.2816	0.388585	0.240277	0.205818	0.165319	0.2066374	0.3226786	0.1071495	0.4640479
3750	115.2823	-385.4846	500.7669	0.357358	0.210882	0.189279	0.242481	1.609276	0.4560465	0.08456964	0.4161543
3756	115.1879	-386.4678	501.6557	0.396026	0.346355	0.107315	0.150305	0.5165404	0.6755987	0.08405688	0.3487227
3762	117.1016	-384.154	501.2556	0.472325	0.233815	0.170052	0.123807	1.745208	0.2709688	0.1973573	0.6236087
3768	114.1912	-387.9324	502.1236	0.425775	0.255981	0.189487	0.128756	0.7467129	0.4151397	0.2212726	0.6091358
3774	108.8607	-389.0057	497.8664	0.542606	0.143657	0.117145	0.196593	6.082856	0.3686569	0.09234046	1.033591
3780	115.1386	-383.4003	498.5389	0.538981	0.184297	0.0721822	0.204539	3.145762	0.6918371	0.1112427	1.600731
3786	113.9341	-388.2068	502.1409	0.446053	0.149386	0.219012	0.185549	0.3310031	0.3706705	0.1112427	0.5720414
3792	120.8322	-381.0451	501.8773	0.0477014	0.102278	0.722985	0.127036	0.5600197	0.3968352	0.09102832	0.4441739
3798	119.8665	-382.8724	502.7389	0.341618	0.186969	0.121695	0.349718	0.2181301	0.1062499	0.1574805	0.5150684
3804	114.9696	-386.9176	501.8872	0.122191	0.429142	0.221885	0.226783	0.3338693	0.5298087	0.1839727	1.004927
3810	106.8762	-396.0926	502.9689	0.51459	0.366904	0.0224913	0.0960149	0.5171104	0.1468633	0.254851	0.3205233
3816	122.0962	-380.6843	502.7805	0.750324	0.0425785	0.0269073	0.180191	0.4050239	0.0445496	0.1346314	0.3185441
3822	137.2431	-365.3735	502.6166	0.730918	0.122374	0.0185524	0.128156	0.4451884	0.1634754	0.144689	0.4038931
3828	125.8482	-377.11	502.9582	0.659392	0.252094	0.0471903	0.0413233	0.6455965	0.05418906	0.3094696	0.3974774
3834	122.4697	-380.1485	502.6181	0.489006	0.228717	0.22984	0.052437	0.7684775	0.1754747	0.2528647	0.3974774
3840	125.7385	-375.0232	500.7616	0.572585	0.165148	0.173098	0.0891684	2.907221	0.2332725	0.2439596	0.4668067
3846	128.9978	-372.1774	501.1753	0.389229	0.326355	0.108207	0.176209	1.405637	0.3667109	0.1088484	0.480653
3852	131.7724	-370.7791	502.5516	0.645721	0.159041	0.141909	0.0533283	0.7039886	0.2762303	0.2467849	0.4227223
3858	134.7242	-367.4807	502.2049	0.595407	0.146649	0.158962	0.098983	0.4972424	0.1366675	0.07965724	0.2747937
3864	124.8059	-377.6151	502.421	0.624923	0.0187092	0.252478	0.10389	0.1597346	0.5670321	0.1836863	0.3992737
3870	122.3262	-380.2049	502.5311	0.676492	0.0147518	0.041989	0.266767	0.7067877	0.1314591	0.179846	0.3992737
3876	115.662	-386.1604	501.8224	0.440218	0.377555	0.0160185	0.166209	1.334394	0.1962644	0.1586226	0.3105404
3882	119.8644	-383.1348	502.9992	0.393939	0.333129	0.0598951	0.213037	0.4041964	0.02028647	0.2108522	0.4501249
3888	118.389	-384.5671	502.9561	0.276074	0.155608	0.46979	0.098529	0.5563426	0.04016918	0.2254308	0.3459531
3894	125.6521	-377.3584	503.0105	0.131758	0.663422	0.109976	0.0948437	0.1975691	0.03024233	0.1731725	0.3510272
3900	127.3042	-375.7499	503.0541	0.348797	0.450794	0.0747286	0.12568	0.2711765	0.03274922	0.2125073	0.4676129
3906	119.3549	-383.8637	503.2187	0.228079	0.349223	0.341741	0.0809567	0.4103643	0.03149115	0.3105914	0.3959308
3912	122.5594	-379.3818	501.9412	0.0313879	0.776404	0.155395	0.0368124	1.151855	0.3154191	0.3646799	0.09173499
3918	121.3752	-380.8968	502.272	0.282664	0.599134	0.0713476	0.0468537	0.3799849	0.5893759	0.194311	0.1092349
3924	132.8819	-368.2196	501.1015	0.325372	0.511252	0.071838	0.091538	1.201302	0.2782632	0.2069408	0.04992238
3930	129.6515	-371.4263	501.0777	0.267407	0.529665	0.103015	0.0999135	1.068361	0.2532416	0.2172554	0.04228025
3936	125.9432	-375.9552	501.8984	0.659116	0.285592	0.032488	0.0228042	0.6576732	0.3736833	0.1680577	0.07997117
3942	115.249	-386.8572	502.1061	0.0929801	0.60202	0.0916358	0.213364	0.6576732	0.07452518	0.2870662	0.05366797
3948	118.8066	-379.5793	498.3859	0.122882	0.582173	0.0886148	0.20633	4.444508	0.6609014	0.15883	0.04737557
3954	123.6102	-377.3992	501.0094	0.220775	0.397101	0.0604442	0.32168	1.072316	0.3451173	0.1796419	0.04737557
3960	119.0885	-380.9427	500.0313	0.279945	0.354211	0.0551248	0.310719	0.5741586	0.6803852	0.1159603	0.02613953
3966	126.4648	-373.4755	499.9403	0.0919351	0.232524	0.036187	0.639354	0.5061064	0.3541949	0.06563213	0.02584983
3972	129.5172	-371.9223	501.4395	0.582897	0.259783	0.0404292	0.116892	0.5061064	0.5017931	0.1867894	0.04650583
3978	122.3658	-378.7773	501.1431	0.632487	0.204112	0.0419918	0.121409	1.384497	0.6333129	0.1867894	0.09821086
3984	103.4014	-394.9319	498.3333	0.514492	0.281217	0.110233	0.0940576	6.144431	0.01821448	0.0472901	0.2246452
3990	113.2421	-386.5283	499.7705	0.486377	0.252123	0.248102	0.0133983	3.73487	0.4105846	0.1600444	0.1130566
3996	116.7424	-385.9437	502.6862	0.184927	0.439953	0.3559	0.0192198	0.2716388	0.1565658	0.1379843	0.4259593
4002	111.3596	-390.4338	501.7934	0.626175	0.137624	0.168322	0.0678792	0.3467739	0.3200989	0.05264719	0.234918
4008	118.2994	-383.591	501.8905	0.463396	0.101848	0.384523	0.0502335	0.9985066	0.1682255	0.106267	0.2593298
4014	119.9037	-382.6293	502.533	0.404063	0.113109	0.42704	0.0557879	0.4142848	0.2112267	0.1190628	0.2673134
4020	126.2006	-375.7376	501.9382	0.378928	0.174567	0.394914	0.051591	0.4542898	0.04259214	0.05011565	0.2391305
4026	121.9195	-379.8353	501.7549	0.142818	0.601802	0.146398	0.108982	0.6332491	0.0445952	0.05011565	0.2537486
4032	118.7199	-383.1065	501.8264	0.113968	0.682239	0.116825	0.0869672	0.8095755	0.1296373	0.07616217	0.3248689
4038	118.7757	-383.7555	502.5312	0.24862	0.47503	0.254853	0.0214975	0.4199442	0.1334195	0.1085906	0.2821794
4044	110.2863	-388.3232	498.6095	0.390167	0.504425	0.0108982	0.09451	2.86399	1.082275	0.03721563	0.2672468
4050	112.8252	-386.8686	499.6939	0.222555	0.669995	0.0144754	0.0929746	2.199306	1.082275	0.08517203	0.4130551
4056	112.5542	-390.0397	502.5939	0.499493	0.390182	0.00175581	0.108569	0.4527209	0.2089351	0.2414817	0.6911501
4062	124.9913	-376.8206	501.8119	0.124511	0.692871	0.00327949	0.179339	0.2291085	0.6293045	0.1393089	0.8219405
4068	108.382	-393.0405	501.4225	0.247239	0.385541	0.0633055	0.303914	0.8956457	0.5100097	0.2247374	1.053191
4074	115.2025	-387.1079	502.3103	0.251163	0.400486	0.219562	0.128789	0.1328181	0.3837143	0.1383621	0.4315622
4080	127.7017	-374.948	502.6497	0.448713	0.366169	0.0673647	0.117753	0.6412428	0.2118093	0.2352468	0.4315622
4086	123.4147	-379.3613	502.776	0.272032	0.571564	0.0818151	0.0745895	0.9191169	0.05815067	0.3608753	0.3153075
4092	126.8404	-375.7818	502.6222	0.166805	0.73729	0.0501677	0.045737	0.06147348	0.09731066	0.3608753	0.3223665
4098	134.2878	-367.8728	502.1607	0.192015	0.672971	0.0216069	0.113407	1.097462	0.04811369	0.1517861	0.3145669
4104	134.06	-368.5968	502.6568	0.642377	0.174202	0.0700363	0.113384	0.5269298	0.2862133	0.2181091	0.4274588
4110	125.3638	-376.3345	501.6983	0.416113	0.425043	0.131473	0.0273707	1.619323	0.3097117	0.2781968	0.4274588
4116	122.4882	-379.5454	502.0336	0.398141	0.418158	0.129343	0.0543577	1.230271	0.1752228	0.3970556	0.6839264
4122	126.9627	-373.5751	500.5378	0.290603	0.502893	0.141132	0.0653727	3.530172	0.004690102	0.2030649	0.4592552
4128	131.2761	-371.3688	502.6449	0.660549	0.234688	0.074256	0.0305078	0.2715769	0.04160968	0.1018268	0.3274351
4134	118.6513	-381.2529	499.9042	0.562432	0.348025	0.0456531	0.0438898	2.659033	0.594309	0.08045057	0.2915557
4140	127.7274	-373.5685	501.2959	0.349415	0.50534	0.074653	0.0705926	2.178005	0.09639792	0.1835957	0.3772092
4146	121.0695	-379.7176	500.7871	0.303529	0.473479	0.148308	0.074684	2.54887	0.06789253	0.3222659	0.9375915
4152	123.8499	-378.0265	501.8763	0.0176083	0.728885	0.145012	0.108494	1.281108	0.002849185	0.4227196	0.06547374
4158	120.1372	-382.448	502.5852	0.00391159	0.711752	0.0491285	0.235208	0.3323492	0.2027498	0.3539717	0.0666204
4164	111.3396	-390.8361	502.1757	0.330921	0.508992	0.0662619	0.0938257	0.3747207	0.6438056	0.2025603	0.6467447
4170	113.7558	-388.6185	502.3743	0.0150347	0.713389	0.0178809	0.253695	0.2973946	0.0969949	0.3747081	0.04817946
4176	116.4879	-386.1336	502.6216	0.00597846	0.694124	0.0530535	0.246844	0.2973946	0.08956171	0.3710979	0.05982594
4182	113.6899	-386.0797	499.7696	0.0362673	0.633923	0.0693664	0.260443	4.478486	0.1761333	0.2549184	0.0908253
4188	107.698	-394.8349	502.5329	0.0111511	0.540982	0.0253389	0.422528	0.6426549	0.2299236	0.4225759	0.08637623
4194	113.0963	-388.722	501.8184	0.229632	0.235755	0.0151517	0.519461	1.438186	0.03123821	0.4630229	0.07295205
4200	114.5229	-385.3441	499.867	0.0604017	0.33431	0.00550644	0.599782	4.231053	0.1675789	0.4289536	0.07122214
4206	108.1753	-393.2558	501.4312	0.444046	0.253742	0.0348988	0.267313	1.305115	0.2851649	0.4286764	0.05695833
4212	102.0664	-399.5367	501.6031	0.580767	0.282436	0.0161049	0.120692	0.2984426	0.2539766	0.3301564	0.03145636
4218	120.6451	-382.1451	502.7902	0.506302	0.354197	0.0212798	0.118221	0.516437	0.08431339	0.3440121	0.08973282
4224	125.9592	-376.0705	502.0297	0.619829	0.212445	0.00983843	0.157887	0.4972403	0.01912051	0.2287624	0.04575202
4230	96.05346	-405.5407	501.5942	0.398064	0.397572	0.128239	0.076125	1.035479	0.3468454	0.1620669	0.7114789
4236	111.459	-391.0884	502.5474	0.405401	0.374921	0.160937	0.0587403	0.1177166	0.2145294	0.1564907	0.3821881
4242	125.9721	-375.5404	501.5124	0.342685	0.267774	0.353942	0.035599	0.03480644	0.03530303	0.1417651	0.2547203
4248	123.2902	-378.7139	502.0041	0.341034	0.500919	0.148396	0.00965166	0.3555293	0.3061501	0.06627364	0.2699669
4254	121.4315	-378.9177	500.3492	0.53541	0.327488	0.0970173	0.0400846	1.721634	0.687088	0.06805569	0.2699669
4260	121.601	-380.6636	502.2646	0.276386	0.640795	0.0499292	0.0328902	0.2478333	0.3629573	0.0918405	0.2298589
4266	103.9324	-395.7031	499.6356	0.417478	0.510193	0.0473424	0.0249874	3.441636	0.7389685	0.1254299	0.3202575
4272	111.4808	-389.041	500.5218	0.242397	0.547711	0.156727	0.0531645	2.435195	0.5026378	0.1396609	0.381142
4278	118.4082	-383.7783	502.1865	0.65973	0.181168	0.0700983	0.0890039	0.7237721	0.2851805	0.1396609	0.3997431
4284	119.7912	-382.6943	502.4855	0.483024	0.348677	0.103135	0.0651645	0.9293806	0.1709638	0.2785904	0.4157697
4290	113.9527	-387.5767	501.5294	0.108239	0.504472	0.253137	0.134152	1.48355	0.4594426	0.226555	0.4624247
4296	108.9348	-391.6642	500.599	0.848705	0.0921442	0.0346477	0.0245034	2.557075	0.2125192	0.2723545	0.907845
4302	127.6632	-373.756	501.4192	0.814152	0.15337	0.0149428	0.0175357	0.5832154	0.5629345	0.279131	1.470167
4308	110.3441	-392.0852	502.4293	0.82216	0.0139258	0.038285	0.12563	0.7151774	0.2471416	0.279131	0.6207304
4314	107.9475	-394.3403	502.2879	0.730589	0.0252409	0.05703	0.18714	0.8774806	0.1677206	0.2959917	0.6923434
4320	123.3529	-378.0699	501.4228	0.819	0.0547267	0.0148438	0.11143	1.64639	0.2873804	0.1704629	0.4285784
4326	127.6775	-375.4736	503.1511	0.790536	0.0528248	0.0242637	0.132376	0.3422062	0.05771796	0.3468222	0.5348872
4332	124.3784	-376.2636	500.642	0.754133	0.148357	0.0194185	0.0780919	3.123815	0.2018065	0.2612227	0.5230496
4338	116.6257	-385.2126	501.8382	0.788867	0.101519	0.0218287	0.0877845	1.104495	0.4971873	0.222624	0.453604
4344	125.414	-376.4309	501.845	0.159437	0.452363	0.025077	0.363123	0.1448388	0.6288639	0.2194303	0.0650792
4350	108.8681	-391.44	500.3082	0.479962	0.156027	0.0144742	0.349537	4.010147	0.111413	0.4770066	0.09966601
4356	103.4441	-395.7194	499.1634	0.409194	0.132752	0.00813832	0.449915	6.40886	0.1789896	0.4770066	0.09189269
4362	105.885	-392.5793	498.4643	0.673058	0.0828961	0.00882239	0.235224	7.30254	0.2860194	0.348126	0.0702144
4368	126.3874	-375.1822	501.5696	0.280182	0.413732	0.0640402	0.242045	0.9930797	0.4089046	0.2214661	0.0702144
4374	111.9356	-384.9153	496.851	0.167808	0.205598	0.0318238	0.594771	11.967	0.0368714	0.2214661	0.04941107
4380	125.172	-376.0684	501.2404	0.228651	0.429951	0.232885	0.108514	1.645412	0.4245812	0.2046865	0.1072134
4386	116.0652	-384.9233	500.9885	0.0426687	0.782444	0.165475	0.00941292	0.4124631	0.7873091	0.1357325	0.04514022
4392	122.3448	-378.3185	500.6633	0.352687	0.520909	0.0741363	0.0522673	0.74817	0.7873091	0.1174696	0.05004765
4398	126.0542	-375.1499	501.2042	0.0857915	0.536808	0.0934849	0.283916	0.74817	0.6779239	0.1609102	0.06020169
4404	125.3162	-376.1889	501.5051	0.0307511	0.68604	0.0269332	0.256275	0.7266802	0.9009259	0.1609102	0.1115554
4410	122.6937	-376.9128	499.6066	0.1154	0.697348	0.0445706	0.142682	2.88883	0.8276737	0.1177966	0.1124687
4416	119.8765	-379.3999	499.2764	0.264197	0.268227	0.0502989	0.417277	1.794232	1.19384	0.06359081	0.08243809
4422	119.4649	-382.4031	501.868	0.283094	0.406721	0.0431089	0.267076	0.3735665	0.6047506	0.1234211	0.09635072
4428	112.7549	-384.8113	497.5662	0.204779	0.464135	0.0430285	0.288057	5.99578	1.013002	0.09153842	0.08733338
4434	116.5981	-384.3379	500.936	0.312369	0.410659	0.0078318	0.26914	0.2688209	1.318646	0.08314124	0.1024547
4440	124.5009	-376.122	500.6229	0.288308	0.474695	0.0190401	0.217957	0.8016256	1.107179	0.08204907	0.09817233
4446	114.3731	-385.52	499.8931	0.131852	0.44461	0.0766614	0.346876	0.695222	0.993987	0.06364773	0.04551511
4452	116.3964	-384.9002	501.2966	0.199545	0.4096	0.0309902	0.359865	0.366791	0.993987	0.1263062	0.07434682
4458	122.3835	-378.2821	500.6657	0.128897	0.628754	0.0348044	0.207544	3.293664	0.1755684	0.3693519	0.1135431
4464	134.8375	-367.5342	502.3716	0.140549	0.464978	0.0424506	0.352022	0.6343237	0.07762508	0.3235698	0.06474233
4470	108.1856	-394.3943	502.5799	0.77966	0.0596348	0.0761799	0.084525	0.4390778	0.3094838	0.2576811	0.6520867
4476	113.0868	-388.7271	501.8138	0.516508	0.183416	0.120766	0.179311	0.5638893	0.3067935	0.2015305	1.153583
4482	128.6525	-372.1594	500.8119	0.0632563	0.0326287	0.693451	0.210664	1.590314	0.1210292	0.1887479	1.316268
4488	117.3317	-383.3065	500.6382	0.489482	0.105359	0.13282	0.272339	0.3793469	0.6833699	0.1428623	2.040652
4494	104.3405	-394.8264	499.1668	0.548986	0.242042	0.132555	0.0764175	1.787084	0.8162264	0.1235202	1.908492
4500	106.7983	-393.4201	500.2184	0.00552382	0.327646	0.0697308	0.5971	2.266978	0.5152563	0.1977308	0.06259949
4506	110.049	-391.5813	501.6303	0.0056219	0.519366	0.110533	0.364478	0.4024979	0.3137035	0.1977308	0.04196972
4512	114.4466	-385.4775	499.9241	0.00679815	0.579247	0.0907802	0.323174	2.409321	0.433833	0.252494	0.04358261
4518	103.9436	-396.7265	500.6701	0.00577204	0.48425	0.075892	0.434086	2.666274	0.171096	0.2668878	0.07891019
4524	104.0328	-396.0242	500.057	0.00878684	0.737178	0.115531	0.138504	1.460565	1.255634	0.09286735	0.1183075
4530	107.6369	-393.481	501.1179	0.0253867	0.490433	0.346184	0.137996	1.119299	0.2929682	0.05723405	0.2154716
4536	112.6966	-389.4118	502.1084	0.167614	0.57406	0.203305	0.0550205	0.677768	0.1517432	0.0916048	0.2091026
4542	109.6922	-392.5952	502.2874	0.0970951	0.705103	0.0537749	0.144027	0.4309257	0.2729352	0.1133637	0.4608269
4548	98.99949	-402.6891	501.6886	0.200065	0.638725	0.0307415	0.130468	0.8073427	0.5484977	0.1077381	0.3332113
4554	112.8687	-387.6376	500.5063	0.371071	0.265129	0.18097	0.18283	2.452808	0.5570636	0.1514835	0.3896844
4560	111.5201	-389.0761	500.5962	0.591696	0.172123	0.117487	0.118694	2.446227	0.4889357	0.1489173	0.3508788
4566	111.5302	-390.532	502.0622	0.454418	0.116604	0.25558	0.173398	0.06398257	0.1948351	0.1489173	0.3827235
4572	107.5199	-394.3132	501.8332	0.403033	0.227065	0.216111	0.15379	0.907466	0.3466857	0.1644333	0.6169337
4578	102.575	-399.1384	501.7134	0.320018	0.274275	0.194692	0.211015	0.6862067	0.6643106	0.1086423	0.3225564
4584	107.2883	-394.2083	501.4966	0.388359	0.332848	0.236269	0.0425243	1.330114	0.1865754	0.1013885	0.3225564
4590	115.042	-387.8722	502.9142	0.529223	0.163237	0.219454	0.0880865	0.5445204	0.08950406	0.2241237	0.3482263
4596	107.7689	-393.1126	500.8815	0.700579	0.216091	0.0396141	0.0437158	2.486597	0.2936165	0.176645	0.3482263
4602	120.4734	-381.0505	501.5239	0.432843	0.317581	0.0784838	0.171092	1.485051	0.4228949	0.1874838	0.3828343
4608	111.9756	-390.655	502.6305	0.794442	0.0237587	0.0854274	0.0963717	0.6283341	0.2907089	0.2518539	0.4191563
4614	125.0593	-376.273	501.3323	0.777297	0.033078	0.0953334	0.0942918	1.394281	0.5496351	0.2090861	0.6005653
4620	118.7766	-383.702	502.4786	0.605471	0.20963	0.0782425	0.106656	0.5859788	0.2794206	0.1859866	0.4586958
4626	117.0623	-385.0379	502.1003	0.683547	0.0470913	0.21245	0.056912	0.9699288	0.09798204	0.1445721	0.4480092
4632	108.5941	-394.0272	502.6213	0.420035	0.329681	0.162336	0.0879488	0.5626526	0.1317499	0.1542933	0.3456502
4638	118.5581	-382.9541	501.5121	0.533844	0.392894	0.0310668	0.0421953	1.348535	0.5508716	0.1724247	0.3078925
4644	115.4299	-386.2406	501.6705	0.641624	0.264089	0.0388343	0.0554533	1.046487	0.3825557	0.122522	0.3881134
4650	123.909	-377.8599	501.769	0.408785	0.271722	0.13159	0.187903	1.128896	0.318955	0.1439231	0.3916979
4656	120.7784	-379.5446	500.3229	0.487033	0.304173	0.06437	0.144424	0.8158005	1.232978	0.04795223	0.2996094
4662	120.1948	-379.8036	499.9983	0.309087	0.419169	0.104721	0.167022	1.330672	1.039748	0.04832008	0.3385752
4668	121.2687	-374.6494	495.9181	0.568866	0.261564	0.0653467	0.104223	12.42038	0.2559754	0.03186897	0.2144795
4674	123.7254	-377.1384	500.8638	0.326017	0.467048	0.0739756	0.13296	2.204218	0.3196121	0.1330441	0.333139
4680	122.5849	-379.5504	502.1353	0.0259499	0.754557	0.138726	0.0807673	0.786097	0.0099307	0.2100897	0.9167905
4686	114.5082	-384.9498	499.458	0.422043	0.44925	0.0825947	0.0461118	2.587682	0.9637393	0.1954365	1.099835
4692	112.785	-389.5906	502.3756	0.443571	0.391068	0.022607	0.142755	0.675892	0.3591042	0.2031462	0.4398787
4698	118.6214	-383.2881	501.9095	0.443571	0.391068	0.022607	0.142755	0.4673339	0.4744489	0.1031286	0.5297295
4704	119.5403	-383.0493	502.5896	0.309089	0.468136	0.030456	0.192319	0.7036067	0.1017188	0.1703163	0.3115775
4710	110.0323	-392.1711	502.2034	0.225471	0.186079	0.544848	0.0436014	0.9789336	0.3581736	0.2197198	0.3115775
4716	115.5177	-386.7526	502.2702	0.221575	0.0913427	0.643733	0.0433496	0.5326633	0.2600345	0.1045007	0.2458621
4722	122.8635	-379.1611	502.0246	0.237783	0.0980245	0.570381	0.0938111	0.6046355	0.2462221	0.08667472	0.3409636
4728	112.1827	-388.7523	500.935	0.36559	0.202173	0.238754	0.193483	1.16194	0.7059862	0.07934454	0.3182089
4734	110.7039	-386.6834	497.3873	0.393865	0.36279	0.0711695	0.172175	10.76881	0.2053685	0.1081024	0.371897
4740	109.3735	-392.2515	501.625	0.0976634	0.699633	0.0850594	0.117644	1.704463	0.2335388	0.2029427	0.3110386
4746	109.7604	-392.5306	502.2909	0.666825	0.0217482	0.0947373	0.21669	0.4089373	0.1773612	0.08564765	0.3168382
4752	122.8787	-379.3986	502.2774	0.677663	0.0133561	0.108947	0.200034	0.4089373	0.2786639	0.1205277	0.5321545
4758	109.9643	-391.6753	501.6396	0.585778	0.0171633	0.140003	0.257056	0.818226	0.428491	0.1754979	0.851502
4764	111.4608	-389.5832	501.044	0.441331	0.0158629	0.294294	0.248512	0.9893572	0.4563835	0.1457635	1.116698
4770	116.5937	-383.7229	500.3166	0.289924	0.0474239	0.499397	0.163255	2.290755	0.5742277	0.1457635	0.6494367
4776	113.9257	-386.9699	500.8956	0.372983	0.0433533	0.456532	0.127132	1.635431	0.2819202	0.07657788	0.3389421
4782	132.6858	-369.8451	502.5308	0.489874	0.0352711	0.371423	0.103431	0.3300121	0.0941068	0.09580281	0.3045226
4788	128.0704	-373.6134	501.6838	0.34425	0.122843	0.369963	0.162945	1.244979	0.04122155	0.09580281	0.3045226
4794	126.1773	-376.358	502.5353	0.399907	0.0241814	0.429777	0.146134	0.5339504	0.1224297	0.1440447	0.4399955
4800	126.2042	-374.8796	501.0838	0.266294	0.0841819	0.425685	0.223838	0.9106752	0.7267645	0.08567409	0.4921359
4806	125.4011	-376.854	502.2551	0.551124	0.191915	0.223783	0.0331781	0.497074	0.3823284	0.1547314	0.5492171
4812	101.3324	-400.8244	502.1568	0.617577	0.160615	0.184629	0.0371787	1.255406	0.2078837	0.3059683	0.4307226
4818	109.1741	-393.579	502.753	0.384613	0.423493	0.158596	0.0332977	0.6360923	0.1985719	0.355973	0.5226
4824	113.3662	-388.1452	501.5114	0.638636	0.1307	0.125307	0.105357	0.9214208	0.3780993	0.2100859	1.031404
4830	120.8248	-382.0434	502.8682	0.695325	0.166271	0.0236946	0.11471	0.4917824	0.01484842	0.1806556	0.4066348
4836	127.2586	-374.5648	501.8234	0.415378	0.331909	0.0237295	0.228983	1.700064	0.01040268	0.2170158	0.4066348
4842	124.5171	-376.3482	500.8652	0.367884	0.577788	0.0140532	0.040275	1.438957	0.3251137	0.06205628	0.2216003
4848	108.5849	-388.9123	497.4972	0.120917	0.809798	0.00633747	0.0629476	9.045386	0.5208371	0.09986359	0.3369296
4854	112.4978	-390.3524	502.8502	0.312976	0.31437	0.298543	0.0741115	0.5569547	0.08326736	0.1938749	0.3001221
4860	115.2283	-387.4431	502.6714	0.520526	0.0305385	0.382708	0.066228	0.2375665	0.133016	0.1151639	0.2818456
4866	130.3493	-372.2819	502.6313	0.323032	0.247891	0.315411	0.113666	0.2375665	0.1230169	0.1133036	0.3538734
4872	117.7817	-383.6049	501.3866	0.255296	0.244719	0.380092	0.119893	1.781839	0.2270448	0.154418	0.3231659
4878	113.8576	-388.9195	502.777	0.321432	0.308115	0.252536	0.117917	0.352662	0.1128434	0.1357923	0.2733514
4884	122.646	-379.7052	502.3511	0.173948	0.61619	0.111854	0.0980076	0.2334449	0.3174724	0.1001723	0.3356148
4890	128.8574	-373.7498	502.6072	0.217635	0.386853	0.259483	0.136029	0.2335285	0.2581115	0.1720344	0.5585378
4896	117.9548	-383.4803	501.435	0.0986077	0.507038	0.194195	0.200159	1.045321	0.3395744	0.1043789	0.5519519
4902	129.6801	-372.6227	502.3028	0.0601806	0.688076	0.0760761	0.175668	0.6677346	0.009531936	0.09803032	0.3284437
4908	129.3673	-371.185	500.5523	0.0402862	0.460613	0.242133	0.256968	1.338357	0.4103219	0.04654702	0.3863104
4914	131.0529	-369.1245	500.1774	0.109551	0.428199	0.225094	0.237155	0.3883107	1.030209	0.02082178	0.3032399
4920	126.728	-371.8712	498.5993	0.0845716	0.626009	0.126541	0.162878	2.046626	1.23849	0.02494475	0.337222
4926	130.8313	-369.417	500.2483	0.403315	0.107014	0.273253	0.216419	0.6353902	1.23849	0.04082787	0.4515267
4932	125.7412	-371.7552	497.4964	0.302893	0.555645	0.0618481	0.0796139	6.055605	1.169116	0.07683676	0.4792682
4938	129.0058	-372.5764	501.5823	0.598315	0.263367	0.0424074	0.09591	0.9265159	0.3523231	0.1370573	0.7099565
4944	129.5196	-372.952	502.4716	0.33085	0.307701	0.260955	0.100494	0.4591666	0.3577162	0.1517813	0.3681279
4950	124.4456	-378.3559	502.8015	0.357262	0.201529	0.383057	0.0581527	0.5203173	0.09026334	0.2629709	0.5840959
4956	122.7076	-379.1068	501.8144	0.522031	0.230814	0.207332	0.0398231	1.650025	0.01522184	0.2629709	0.5569524
4962	129.8197	-371.5905	501.4102	0.742192	0.0231272	0.178062	0.056618	1.74302	0.389281	0.2629709	0.5122668
4968	126.09	-375.6578	501.7478	0.446321	0.049669	0.382414	0.121595	1.2768	0.2894253	0.1947838	0.5122668
4974	118.3177	-382.4938	500.8115	0.193358	0.537108	0.23058	0.0389542	2.67143	0.2231152	0.1782095	0.3824659
4980	118.4539	-383.2352	501.6892	0.6264	0.0923736	0.20139	0.0798363	0.6936352	0.5259231	0.1368914	0.6738295
4986	113.2163	-389.1011	502.3174	0.596475	0.137901	0.191768	0.0738559	0.3710153	0.2858696	0.09498962	0.2525683
4992	123.3483	-379.0162	502.3646	0.78737	0.080198	0.125089	0.00734311	0.7151578	0.2986699	0.2277938	0.5368867
4998	123.6641	-377.0798	500.7439	0.620569	0.0632084	0.276452	0.0397711	3.24601	0.07318449	0.2393292	0.4326725
5004	111.8519	-391.3417	503.1935	0.748342	0.0317236	0.138748	0.0811858	0.3617318	0.03090285	0.2864237	0.4326725
5010	104.298	-395.2773	499.5752	0.404184	0.0224226	0.529467	0.0439263	3.040708	0.5393053	0.08066362	0.4872764
5016	119.5344	-381.1801	500.7145	0.59554	0.0313734	0.155845	0.217242	1.561681	0.6024019	0.08548245	0.3603865
5022	123.6203	-378.886	502.5063	0.271593	0.309921	0.311133	0.107353	0.5026565	0.2554415	0.1412409	0.3300979
5028	124.2349	-378.2278	502.4627	0.531693	0.140589	0.211254	0.116463	0.5026565	0.03780049	0.1001876	0.3300979
5034	116.3876	-386.4709	502.8585	0.234907	0.549278	0.103716	0.112099	0.3381907	0.005749269	0.1468547	0.4185855
5040	125.002	-378.1323	503.1344	0.505525	0.273957	0.0556103	0.164908	0.3381907	0.03727511	0.2157899	0.3409604
5046	126.7124	-374.1978	500.9101	0.0947461	0.662055	0.117178	0.12602	2.2917	0.2271227	0.1320664	0.2907078
5052	117.1373	-383.6997	500.837	0.0687044	0.611126	0.203312	0.116857	1.633162	0.6968915	0.1363751	0.4633122
5058	124.4591	-377.095	501.5541	0.24953	0.365805	0.33955	0.0451145	0.7880901	0.7305746	0.120984	0.4149182
5064	123.3717	-376.1771	499.5488	0.0777705	0.696765	0.177369	0.0480948	0.4648358	1.544607	0.0398011	0.9784615
5070	116.6271	-382.5678	499.1949	0.412698	0.271425	0.276535	0.0393428	1.040231	1.544607	0.03279253	0.5764927
5076	126.0925	-373.9279	500.0204	0.456615	0.0418747	0.390104	0.111407	0.7507855	1.292044	0.03577092	0.3701887
5082	129.9678	-372.2357	502.2034	0.173719	0.624983	0.104612	0.0966859	0.6370008	0.04582292	0.08471883	0.2713525
5088	127.8633	-374.3429	502.2063	0.333541	0.42381	0.135234	0.107415	0.3083156	0.2134589	0.07266708	0.2543468
5094	105.4625	-395.6172	501.0797	0.642322	0.177858	0.100218	0.0796024	1.595373	0.4779912	0.1186501	0.3494868
5100	122.4577	-380.0569	502.5147	0.0927529	0.556828	0.181891	0.168528	0.2875472	0.01145437	0.08299773	0.307069
5106	123.004	-378.411	501.415	0.128468	0.610296	0.128535	0.132701	0.9546579	0.3730244	0.08299773	0.4413751
5112	121.5728	-380.1167	501.6896	0.0914576	0.177241	0.528592	0.202709	0.5330432	0.1763194	0.2133224	1.505857
5118	117.9205	-383.4008	501.3214	0.605853	0.0833244	0.224666	0.0861567	0.4925714	0.7211937	0.2437501	1.43289
5124	117.2162	-384.4882	501.7044	0.497761	0.18562	0.245833	0.0707852	0.5292966	0.6475816	0.1308339	0.6758994
5130	126.8725	-375.9069	502.7794	0.10503	0.592211	0.235073	0.0676868	0.2917053	0.18215	0.180822	0.4894453
5136	127.5533	-374.6413	502.1946	0.1458	0.593538	0.174465	0.0861967	0.06275859	0.01731529	0.1315928	0.2623143
5142	126.5582	-375.7486	502.3068	0.0839627	0.611097	0.276893	0.028047	0.08106975	0.2583818	0.1554951	0.2575057
5148	111.9486	-389.9417	501.8903	0.204406	0.698653	0.0348373	0.0621041	1.00344	0.4117178	0.2882254	0.7061136
5154	133.7249	-368.1453	501.8701	0.29761	0.519687	0.146642	0.0360614	0.07429083	0.01173958	0.07149686	0.2465085
5160	122.0286	-380.5236	502.5522	0.27511	0.504243	0.177572	0.0430747	0.3332661	0.03426604	0.09685002	0.3759496
5166	113.2279	-388.9548	502.1827	0.466134	0.0428624	0.339138	0.151866	0.3566806	0.08194139	0.06346462	0.2149585
5172	119.2382	-382.4535	501.6917	0.797685	0.0165965	0.131316	0.0544025	0.3566806	0.6321343	0.07326541	0.3949388
5178	119.3352	-382.5233	501.8585	0.747411	0.00973287	0.0770089	0.165847	0.3095749	0.5620416	0.07949414	0.3961516
5184	125.9196	-376.7197	502.6393	0.439768	0.258746	0.225655	0.0758312	0.5850601	0.345738	0.2260421	0.3175154
5190	126.8293	-375.3035	502.1328	0.491424	0.349847	0.101224	0.0575047	0.6097273	0.4578171	0.1272856	0.3004096
5196	130.3486	-371.8571	502.2057	0.126093	0.791333	0.0364177	0.046157	0.2579276	0.02086321	0.05787463	0.296872
5202	129.732	-372.9789	502.7108	0.23064	0.245043	0.425438	0.0988791	0.267771	0.0528525	0.1122013	0.3270802
5208	113.6778	-388.8414	502.5192	0.0363519	0.306784	0.466823	0.190041	0.1738881	0.04283631	0.1024747	0.4336266
5214	100.5073	-401.013	501.5203	0.606175	0.236251	0.0846904	0.0728834	1.518689	0.158934	0.1226194	0.2907651
5220	111.3144	-391.4201	502.7345	0.576979	0.10718	0.260769	0.0550725	0.5952489	0.02200025	0.2873464	0.6767945
5226	125.2527	-377.581	502.8338	0.416362	0.430602	0.0205344	0.132501	0.2079818	0.2562172	0.1998191	0.4128054
5232	121.9175	-381.0245	502.942	0.395794	0.474184	0.0226126	0.10741	0.2668396	0.06190644	0.1998191	0.515808
5238	123.1417	-379.7815	502.9232	0.542915	0.0941716	0.215577	0.147336	0.3761417	0.07662863	0.2365695	0.5569024
5244	114.7671	-387.6626	502.4298	0.463768	0.329992	0.107088	0.0991525	0.5082091	0.5008551	0.2365695	0.5065118
5250	116.2358	-386.0614	502.2973	0.851239	0.0233047	0.0651415	0.0603145	0.1043181	0.1386832	0.1226288	0.4699629
5256	116.2254	-386.1613	502.3867	0.565966	0.331019	0.0158791	0.0871358	0.2991465	0.3927807	0.1177203	0.3458867
5262	120.7077	-382.0471	502.7548	0.522869	0.396483	0.0124313	0.0682164	0.3054656	0.1975948	0.1851824	0.5081616
5268	109.3063	-389.0934	498.3997	0.671123	0.178404	0.075869	0.0746043	7.908795	0.3290475	0.188814	0.4486245
5274	105.1174	-396.7372	501.8546	0.529252	0.330793	0.0694991	0.0704564	0.4954793	0.5438177	0.08628537	0.3069294
5280	114.7482	-387.0238	501.772	0.318332	0.524456	0.0766043	0.0806081	0.4038086	0.5567628	0.07094353	0.2805368
5286	113.9743	-388.1516	502.1259	0.151203	0.529332	0.174756	0.144709	0.6773197	0.02286424	0.07927395	0.2805368
5292	113.2212	-388.4503	501.6716	0.570764	0.267683	0.0883739	0.0731795	0.6773197	0.7246016	0.1150666	0.3752416
5298	119.9722	-382.3413	502.3134	0.525381	0.246399	0.12681	0.10141	0.9717396	0.09345512	0.1961986	0.4389826
5304	108.4943	-393.477	501.9712	0.598407	0.259605	0.102027	0.0399615	1.260545	0.3007569	0.2549562	0.4389826
5310	116.8734	-385.4461	502.3195	0.563266	0.129468	0.181715	0.125551	0.2549971	0.3545344	0.2004072	0.8331784
5316	122.7878	-379.6891	502.4769	0.681408	0.0782013	0.186673	0.0537174	0.2549971	0.05825039	0.08202402	0.2706749
5322	117.5304	-384.71	502.2404	0.782603	0.0448929	0.11081	0.0616948	0.5265259	0.2814212	0.1083791	0.3557878
5328	120.9818	-381.5879	502.5696	0.701405	0.143988	0.0993128	0.0552938	0.5265259	0.3321382	0.2589621	0.561377
5334	117.4766	-385.4742	502.9508	0.509116	0.2903	0.134882	0.0657024	0.3953211	0.2160611	0.2411478	0.3731711
5340	113.2058	-389.0834	502.2893	0.538953	0.194763	0.0641322	0.202152	0.5556397	0.07246688	0.1655061	0.7980167
5346	121.088	-381.8736	502.9616	0.369455	0.391475	0.0259021	0.213168	0.3922911	0.05435155	0.1909882	0.3988075
5352	114.236	-388.1741	502.4101	0.289248	0.372202	0.171659	0.166891	0.2549959	0.292085	0.1066391	0.3621234
5358	101.9888	-399.4716	501.4604	0.0607087	0.497688	0.229534	0.212069	0.2956047	0.9620471	0.09012916	0.5122617
5364	106.1087	-395.7651	501.8738	0.0312729	0.697857	0.140791	0.130079	0.660492	0.8266489	0.1890294	0.4471689
5370	99.3662	-401.3493	500.7155	0.130936	0.258227	0.398758	0.212079	0.4144972	0.7062274	0.116815	1.683257
5376	111.9893	-388.5361	500.5254	0.705343	0.0543135	0.0838718	0.156472	0.7937775	0.7062274	0.1064216	1.367646
5382	116.9889	-384.8315	501.8204	0.701203	0.0357091	0.0926487	0.170439	0.6295893	0.6795963	0.1888252	0.6744842
5388	122.2524	-380.0591	502.3115	0.451251	0.191224	0.251775	0.10575	0.3522888	0.3815349	0.245625	0.8842801
5394	134.6846	-368.084	502.7685	0.373947	0.252934	0.233243	0.139876	0.4738744	0.01565558	0.1433433	0.3553654
5400	117.3887	-384.6725	502.0612	0.609616	0.0349512	0.265952	0.0894809	0.9964449	0.2326645	0.15865	0.3819126
5406	122.4489	-377.3248	499.7737	0.695819	0.0259573	0.146308	0.131916	4.950585	0.008633835	0.20869	0.5472507
5412	119.1403	-383.2304	502.3707	0.734051	0.0228648	0.15646	0.0866238	0.592977	0.4137316	0.2336099	0.5578438
5418	124.487	-378.0101	502.4971	0.72581	0.0226081	0.173631	0.0779507	0.4747366	0.2029372	0.1523481	0.4985157
5424	125.6624	-376.2201	501.8825	0.636324	0.0560686	0.198497	0.10911	0.4469087	0.5887383	0.186218	0.8698981
5430	111.3251	-390.3153	501.6405	0.508992	0.22723	0.126979	0.136799	0.5076748	0.7721807	0.1219047	0.5890743
5436	118.2545	-382.2932	500.5476	0.447149	0.416968	0.0471271	0.0887558	1.026044	0.9132425	0.1119504	0.9221681
5442	107.6433	-390.7528	498.3961	0.0912057	0.729569	0.107055	0.0721711	7.914644	0.07792569	0.1114965	0.2709151
5448	106.4038	-394.0829	500.4867	0.210822	0.523479	0.170153	0.0955455	3.38372	0.2716677	0.2313282	0.3900317
5454	117.8265	-382.2491	500.0755	0.178805	0.31365	0.475199	0.0323461	0.8023843	0.07891788	0.1611413	3.321033
5460	124.7879	-374.5015	499.2894	0.583422	0.129588	0.0510237	0.235967	2.126131	0.4069429	0.2205875	2.487869
5466	122.2924	-378.8906	501.1829	0.559625	0.158665	0.0687792	0.212931	1.65269	0.2238849	0.1601796	0.6810199
5472	119.6928	-381.6722	501.365	0.42264	0.125042	0.316417	0.1359	1.298223	0.1422162	0.09620385	0.5142872
5478	114.5963	-386.3379	500.9343	0.55247	0.212382	0.108023	0.127125	0.6872035	0.8717333	0.1479132	1.135543
5484	124.2277	-378.0997	502.3274	0.301146	0.616301	0.018546	0.0640069	0.8552466	0.219027	0.192915	0.4042981
5490	124.1059	-375.6751	499.781	0.227996	0.538761	0.0472123	0.18603	2.999007	0.1560842	0.053561	0.222397
5496	119.1863	-381.1192	500.3056	0.299944	0.557501	0.0288556	0.1137	3.421689	0.1212153	0.1380949	0.3657026
5502	113.3716	-387.1365	500.5081	0.226446	0.597625	0.0604022	0.115526	1.761393	0.9025397	0.1237844	0.4050497
5508	119.9279	-382.3906	502.3184	0.119225	0.721459	0.0684339	0.0908816	0.4300556	0.5296171	0.150083	0.3686888
5514	129.2557	-372.7275	501.9832	0.148508	0.647929	0.133996	0.0695677	1.018862	0.1304958	0.119697	0.3127476
5520	116.7486	-384.7245	501.4731	0.637524	0.0275116	0.265014	0.0699503	0.9499347	0.5334336	0.1055383	0.4208359
5526	114.208	-386.7529	500.9609	0.643267	0.0277594	0.0544627	0.274511	1.312571	0.5334336	0.1138135	0.6418767
5532	128.806	-373.8378	502.6437	0.453661	0.407943	0.00247141	0.135924	0.4474863	0.1856131	0.1423494	0.314768
5538	128.3989	-372.9179	501.3168	0.426287	0.334264	0.00525842	0.234191	0.8268254	0.2911564	0.05187063	0.314768
5544	125.2705	-377.17	502.4405	0.522788	0.324673	0.00650785	0.146031	0.4097992	0.07299146	0.08852182	0.2625274
5550	126.8238	-374.597	501.4207	0.617903	0.110745	0.00769188	0.26366	0.3075068	0.6734636	0.06091065	0.5019989
5556	116.8752	-385.4914	502.3667	0.667074	0.0589661	0.00776581	0.266194	0.4546644	0.199455	0.1690125	0.7128036
5562	122.5276	-379.8807	502.4083	0.671289	0.154549	0.0022078	0.171955	0.4175602	0.2054284	0.1104919	0.3921089
5568	118.5656	-383.4115	501.9771	0.752078	0.103444	0.00266704	0.141811	1.161209	0.1891994	0.2084388	0.5317535
5574	115.8827	-385.5582	501.4409	0.769984	0.105511	0.00254554	0.121959	0.363743	0.7998037	0.1220681	0.8766166
5580	119.6541	-382.4028	502.0569	0.35859	0.357778	0.140044	0.143587	0.4299764	0.6695575	0.1503623	0.5049984
5586	106.9166	-395.1039	502.0205	0.403193	0.184123	0.18695	0.225733	0.4299764	0.3074989	0.07440636	0.3232828
5592	114.3245	-387.1494	501.4738	0.157403	0.323152	0.387581	0.131864	1.307145	0.4123521	0.1257771	0.289247
5598	120.6123	-380.256	500.8683	0.490185	0.251344	0.131371	0.1271	0.6231133	1.102201	0.08266066	0.6011336
5604	131.1281	-371.5604	502.6885	0.388438	0.414077	0.0909759	0.10651	0.6061556	0.04752878	0.1728121	0.4077454
5610	127.142	-375.5762	502.7182	0.218092	0.625239	0.0339261	0.122742	0.2118976	0.1381944	0.1420874	0.424787
5616	130.1864	-372.4541	502.6405	0.163415	0.724707	0.0199076	0.0919703	0.4945056	0.1165344	0.1378517	0.3220293
5622	116.2541	-386.0975	502.3516	0.0965941	0.734757	0.0282743	0.140374	0.3721671	0.4284021	0.1378517	0.4353732
5628	124.5039	-378.6346	503.1385	0.0559876	0.761676	0.0205236	0.161812	0.2354186	0.03325365	0.2041281	0.3376497
5634	122.4118	-378.5121	500.9239	0.0470663	0.83435	0.0390018	0.0795817	2.083931	0.2532964	0.1227579	0.3804281
5640	130.9383	-371.9733	502.9116	0.110659	0.696591	0.126435	0.0663146	0.2644519	0.04510385	0.158388	0.4081661
5646	127.1655	-373.4346	500.6001	0.0974993	0.520309	0.309892	0.0723001	1.028816	0.6918978	0.04500559	0.2460274
5652	115.1383	-380.8392	495.9774	0.121864	0.650331	0.0691486	0.158657	6.348258	1.360238	0.01850544	0.3802553
5658	122.9843	-376.332	499.3163	0.290237	0.554098	0.0550208	0.100645	0.6180592	1.699137	0.02492818	0.4808366
5664	122.3618	-377.4569	499.8187	0.130018	0.627995	0.0855313	0.156455	0.6063538	1.335906	0.02820414	0.4706767
5670	116.0615	-379.4562	495.5177	0.332403	0.230105	0.218668	0.218824	5.875831	1.637443	0.01257777	0.3631696
5676	107.6758	-391.0691	498.7449	0.366055	0.327063	0.144702	0.162181	1.240114	1.637443	0.02183021	0.3344907
5682	115.9188	-383.3534	499.2721	0.34599	0.309135	0.191585	0.153291	0.6905977	1.637443	0.02250429	0.4068752
5688	107.3184	-391.9439	499.2623	0.717558	0.144808	0.0807585	0.0568755	0.7357398	1.637443	0.02250429	0.3590331
5694	101.4422	-396.9993	498.4415	0.529339	0.318182	0.0405046	0.111974	0.6639012	2.138517	0.01634376	0.4621803
5700	102.3827	-395.0593	497.442	0.576483	0.346521	0.0329118	0.0440845	1.691703	2.138517	0.01490648	0.3900278
5706	103.1161	-393.0282	496.1443	0.570322	0.310412	0.050993	0.0682731	3.672082	2.138517	0.0167053	0.518868
5712	98.80537	-397.2481	496.0535	0.556406	0.207898	0.100773	0.134923	3.536455	2.138517	0.01411401	0.518868
5718	105.534	-391.3908	496.9248	0.357174	0.266874	0.348361	0.027591	2.36631	2.185292	0.01747801	0.518868
5724	123.4618	-379.5306	502.9924	0.712627	0.125841	0.0773297	0.0842019	0.2376489	0.01566649	0.1563442	0.3260332
5730	119.8708	-382.9937	502.8645	0.827339	0.0925128	0.0568493	0.0232986	0.4304844	0.002788355	0.1481727	0.3260332
5736	109.4145	-393.3957	502.8101	0.659023	0.200341	0.0901827	0.0504541	0.4600244	0.02969316	0.1481727	0.3260332
5742	119.5695	-383.1322	502.7017	0.705716	0.143683	0.0965723	0.0540288	0.4600244	0.09371211	0.1481727	0.3889063
5748	121.6366	-381.1942	502.8308	0.680363	0.105077	0.175048	0.0395119	0.4600244	0.1434865	0.1860337	0.3531925
5754	116.8518	-386.1774	503.0291	0.507556	0.161886	0.269685	0.0608736	0.4600244	0.07660804	0.2331122	0.3531925
5760	111.831	-389.5589	501.3899	0.514705	0.293976	0.0676252	0.123694	1.638237	0.3926621	0.2095409	0.4944981
5766	130.5536	-371.0293	501.5829	0.553429	0.258674	0.0790566	0.108841	1.158778	0.448363	0.2095409	0.6660317
5772	112.5403	-387.5238	500.0642	0.459982	0.109814	0.216972	0.213232	0.3004989	1.359318	0.02827425	0.473209
5778	119.136	-381.4931	500.629	0.703431	0.0299846	0.139819	0.126766	0.5404643	1.125901	0.04752306	0.418074
5784	121.9312	-379.2606	501.1918	0.667004	0.0987247	0.111607	0.122664	1.869553	0.2110522	0.1588812	0.5130989
5790	113.5458	-385.364	498.9098	0.469899	0.231396	0.213768	0.0849373	2.797745	0.7551879	0.1453991	1.570863
5796	127.465	-374.1861	501.6511	0.525836	0.230533	0.217968	0.0256629	0.09599291	0.7551879	0.1687549	0.6652783
5802	128.9863	-372.6077	501.594	0.684843	0.129441	0.1414	0.0443162	0.5443761	0.7865167	0.09646233	0.3952188
5808	120.7785	-381.3836	502.1621	0.527431	0.229334	0.209104	0.03413	0.5443761	0.4310742	0.115886	0.2858954
5814	128.6555	-374.0094	502.6649	0.611384	0.106664	0.242388	0.0395627	0.3909156	0.1003233	0.1299834	0.3854518
5820	126.6488	-375.9046	502.5534	0.613977	0.100129	0.230834	0.0550604	0.8195714	0.03817163	0.1905478	0.3854518
5826	124.0965	-374.3102	498.4067	0.649172	0.0485451	0.244066	0.0582167	6.442342	0.6435406	0.1648542	0.5377776
5832	106.4468	-392.877	499.3238	0.181441	0.50958	0.134732	0.174246	0.5446613	1.313429	0.05533991	1.725645
5838	111.8254	-388.3484	500.1738	0.116926	0.615706	0.0894475	0.177921	0.5315823	1.313429	0.05465235	0.8103807
5844	119.6403	-380.629	500.2694	0.215092	0.415742	0.184372	0.184793	0.4909327	1.313429	0.03523864	0.3522464
5850	119.447	-381.2152	500.6623	0.131647	0.60197	0.136223	0.13016	0.2812791	1.313429	0.04736555	0.3990559
5856	117.0477	-380.2643	497.3119	0.115539	0.669951	0.0255286	0.188981	5.842715	1.313429	0.07313765	0.558817
5862	106.7838	-394.093	500.8768	0.716997	0.0309899	0.0244242	0.227588	1.649687	0.5128791	0.1487667	0.651314
5868	125.0031	-377.54	502.5431	0.632056	0.200081	0.0133772	0.154486	0.666979	0.08255509	0.2853085	0.7259471
5874	116.2758	-386.4125	502.6883	0.721467	0.0869236	0.0152696	0.17634	0.6796389	0.1017302	0.2166724	0.4155092
5880	124.2953	-377.6231	501.9184	0.699169	0.0705318	0.0897147	0.140584	0.5321953	0.297922	0.1721862	0.9885048
5886	107.3645	-394.7252	502.0897	0.813529	0.0820684	0.0146461	0.0897569	1.051298	0.02150612	0.1721862	0.5736042
5892	113.5927	-389.0341	502.6269	0.631779	0.147138	0.0543986	0.166684	0.4783332	0.1213361	0.2867148	0.7965841
5898	125.5669	-376.7014	502.2683	0.487202	0.0674936	0.0765359	0.368768	0.5069588	0.1473256	0.1757774	0.8318624
5904	124.863	-377.2092	502.0722	0.0581698	0.306619	0.228044	0.407168	0.589205	0.1540143	0.2104132	1.043951
5910	120.8819	-378.0963	498.9782	0.0377374	0.24417	0.453944	0.264149	1.833675	1.262474	0.04679887	0.6968939
5916	125.7366	-373.183	498.9196	0.359609	0.0525925	0.28215	0.305649	3.187157	0.6066626	0.07288034	0.8867065
5922	118.4156	-380.1602	498.5758	0.427178	0.23994	0.06128	0.271601	3.807849	0.922836	0.07288034	0.5904505
5928	116.5505	-383.9984	500.5489	0.747965	0.120826	0.06524	0.0659696	1.240034	0.922836	0.1094829	0.6979185
5934	115.5946	-385.3208	500.9153	0.709198	0.136328	0.0532381	0.101236	2.294093	0.3250483	0.1662066	0.3835126
5940	120.3284	-381.8631	502.1915	0.819992	0.0308528	0.0313959	0.117759	0.5382365	0.1501692	0.09019668	0.3835126
5946	125.1735	-376.4805	501.654	0.803148	0.0437401	0.0294974	0.123614	0.4382985	0.8201453	0.1094534	0.5139701
5952	119.2491	-383.6678	502.9169	0.783184	0.0571142	0.0233319	0.13637	0.2719063	0.1481635	0.1846193	0.3976491
5958	121.132	-381.4523	502.5842	0.690194	0.0752798	0.0760051	0.158521	0.4683602	0.3312938	0.1812306	0.3976491
5964	119.4557	-383.7567	503.2125	0.470358	0.430762	0.0517965	0.0470834	0.3874675	0.101216	0.3293499	0.3664851
5970	116.1547	-385.7845	501.9391	0.545549	0.103761	0.337622	0.0130677	1.274841	0.09713021	0.1649904	0.4019173
5976	109.8804	-391.3208	501.2012	0.193429	0.226255	0.558692	0.0216242	1.836489	0.4051157	0.1649904	0.3385784
5982	118.7313	-383.1181	501.8494	0.375782	0.0612021	0.377713	0.185303	0.344137	0.4071491	0.06366028	0.332698
5988	120.7376	-382.3355	503.0731	0.267598	0.23847	0.411543	0.0823898	0.2248226	0.1763125	0.2706757	0.4251786
5994	117.4807	-384.3187	501.7994	0.622671	0.191007	0.155243	0.0310792	0.239419	0.5051749	0.062765	0.2311791
6000	113.8202	-388.1438	501.964	0.522635	0.190558	0.164615	0.122192	0.1980694	0.2902092	0.06064959	0.2292064
6006	97.81406	-404.1549	501.969	0.460813	0.203346	0.205448	0.130392	0.1980694	0.1583005	0.05242868	0.2397662
6012	100.8284	-400.8812	501.7095	0.174745	0.0360654	0.67737	0.111819	0.2307563	0.7858965	0.07910819	0.2936647
6018	114.0704	-388.4096	502.48	0.577462	0.173565	0.156881	0.0920915	0.227423	0.2904433	0.1139687	0.3322874
6024	118.2871	-383.4424	501.7296	0.60778	0.182678	0.165118	0.0444239	0.04084276	0.1578023	0.172465	0.3082256
6030	117.6055	-384.9736	502.5791	0.275101	0.230715	0.357774	0.13641	0.3421439	0.2414605	0.1245521	0.3082256
6036	127.0492	-375.9053	502.9544	0.262264	0.248226	0.370222	0.119287	0.4081375	0.1167267	0.1898125	0.2815738
6042	121.5786	-379.9332	501.5118	0.405069	0.0993631	0.311328	0.18424	0.7459689	0.3112951	0.05883793	0.2480825
6048	125.2644	-376.4958	501.7602	0.47521	0.109843	0.338541	0.0764064	0.6596342	0.3138542	0.07068486	0.2450072
6054	125.5891	-376.5594	502.1485	0.46279	0.0741538	0.253708	0.209349	0.401957	0.3917505	0.1026445	0.4257395
6060	129.8796	-371.4811	501.3607	0.422602	0.279791	0.22354	0.0740663	0.160173	0.3823287	0.03652279	0.232213
6066	125.85	-373.9838	499.8337	0.165933	0.702599	0.0533054	0.0781619	0.3953511	1.092797	0.01547232	0.2694282
6072	128.3672	-370.9257	499.2929	0.182962	0.545176	0.190753	0.0811082	0.3953511	1.436472	0.01263149	0.2694282
6078	129.4656	-369.5448	499.0104	0.211253	0.625784	0.123288	0.0396749	3.393827	0.8173178	0.06142116	0.2929311
6084	135.2786	-366.313	501.5916	0.209947	0.67643	0.0126789	0.100944	0.4379872	0.8650671	0.09416359	0.4057367
6090	140.9752	-361.3355	502.3106	0.641456	0.186735	0.0108924	0.160917	0.3773318	0.3777802	0.1232661	0.4407948
6096	116.0939	-386.493	502.5869	0.556088	0.272779	0.0316316	0.139501	0.1870924	0.2583255	0.1660895	0.5264269
6102	128.0901	-374.1468	502.2368	0.862852	0.0787471	0.0276117	0.0307891	0.7538623	0.165433	0.1242757	0.334505
6108	128.4934	-374.1275	502.6209	0.777988	0.134298	0.0366795	0.0510347	0.2510559	0.01394928	0.09541699	0.3301148
6114	119.6905	-383.0689	502.7593	0.311002	0.516361	0.0514509	0.121186	0.2138838	0.3935078	0.200406	0.3376283
6120	133.2157	-369.4297	502.6454	0.536621	0.0585022	0.284988	0.119889	0.3703764	0.1973568	0.1449528	0.4068154
6126	129.836	-372.9116	502.7477	0.390413	0.232079	0.281647	0.0958611	0.3324756	0.1563247	0.1422892	0.3436888
6132	118.8725	-381.7371	500.6096	0.687281	0.130961	0.127665	0.0540938	2.637768	0.3217468	0.1422892	0.3436888
6138	121.8069	-381.1979	503.0048	0.721614	0.10564	0.0881867	0.0845594	0.2866609	0.02459954	0.2822988	0.6598626
6144	115.7562	-386.4994	502.2556	0.626131	0.223981	0.076518	0.0733706	0.2866609	0.4995731	0.1231555	0.425385
6150	123.888	-377.5806	501.4687	0.306198	0.499812	0.0554368	0.138553	0.4904937	0.3248448	0.0423686	0.2399644
6156	121.1635	-380.1028	501.2663	0.31947	0.521475	0.0144962	0.144558	0.3944505	0.5821608	0.04242136	0.3435315
6162	128.3947	-373.0745	501.4692	0.326461	0.532887	0.0211141	0.119537	0.3944505	0.2045703	0.03431081	0.2067051
6168	123.7094	-378.0122	501.7216	0.207748	0.707086	0.0113765	0.0737899	0.2608477	0.633651	0.0665462	0.2765191
6174	124.4351	-373.0929	497.528	0.367413	0.366782	0.0509649	0.21484	8.797447	0.1612546	0.06177297	0.3312109
6180	123.9399	-377.784	501.7239	0.385965	0.389272	0.0414212	0.183342	0.2041364	0.6031666	0.07109682	0.3943102
6186	129.764	-372.2356	501.9996	0.28524	0.599451	0.0105869	0.104722	0.3047131	0.6246725	0.1070179	0.4424841
6192	126.0872	-376.1925	502.2797	0.15114	0.682039	0.0153164	0.151504	0.3995659	0.2407967	0.09604996	0.3890771
6198	120.7737	-382.0041	502.7777	0.476369	0.275912	0.00576701	0.241952	0.3995659	0.03075248	0.1861694	0.589181
6204	119.1445	-377.8704	497.015	0.426699	0.289757	0.00844142	0.275103	7.900027	0.6398301	0.1861694	1.539735
6210	111.7944	-386.7272	498.5216	0.394974	0.504493	0.0048232	0.0957092	7.293139	0.3414244	0.2144438	0.5898529
6216	120.6635	-376.8641	497.5277	0.275641	0.603067	0.00688192	0.11441	12.23659	0.2504022	0.2526074	0.3976874
6222	121.4685	-377.5803	499.0488	0.740636	0.157011	0.0031954	0.0991576	2.008728	1.025756	0.132576	1.645254
6228	122.8999	-378.1953	501.0952	0.719563	0.195171	0.0434099	0.0418555	0.5244831	1.025756	0.1268688	0.8789225
6234	115.901	-384.8836	500.7846	0.183947	0.56725	0.215606	0.0331973	2.12958	0.4911045	0.1526928	0.4124009
6240	120.5235	-380.7032	501.2267	0.177348	0.644033	0.140927	0.0376909	2.448636	0.0675185	0.2244302	0.4124009
6246	124.0933	-378.0584	502.1516	0.154345	0.629712	0.0339472	0.181996	1.073167	0.1253591	0.2244302	0.5477415
6252	124.4832	-377.6449	502.1281	0.26826	0.562574	0.0366469	0.132519	1.342305	0.0714333	0.2505647	0.426957
6258	123.0863	-379.5884	502.6746	0.489181	0.356555	0.0281695	0.126094	0.6025369	0.03000438	0.1680829	0.426957
6264	116.8837	-383.7216	500.6053	0.312354	0.57898	0.0281527	0.0805137	2.549309	0.1885908	0.1121451	0.368264
6270	120.262	-382.1564	502.4184	0.413211	0.4603	0.019978	0.106511	0.3552378	0.1476983	0.1334154	0.6358696
6276	115.5707	-386.06	501.6307	0.343016	0.370972	0.197595	0.0884173	1.682422	0.06107851	0.1613032	0.3709907
6282	117.371	-385.3393	502.7104	0.286808	0.175613	0.417028	0.120551	0.5206578	0.1367181	0.1709094	0.3709907
6288	119.2845	-382.2323	501.5169	0.699458	0.043175	0.208652	0.0487149	1.544066	0.1417347	0.1308593	0.3715277
6294	103.095	-398.523	501.618	0.759099	0.0526702	0.114489	0.0737419	0.9666841	0.6112886	0.163266	0.5061692
6300	130.0673	-372.2861	502.3533	0.0989478	0.0899989	0.709229	0.101824	0.7408515	0.009141739	0.1131183	0.2998677
6306	121.8776	-379.8143	501.692	0.302583	0.111531	0.51233	0.0735556	0.6568246	0.5302269	0.0850273	0.2998677
6312	123.6775	-378.4398	502.1173	0.307791	0.228344	0.327065	0.1368	0.4269328	0.02275512	0.0582074	0.259511
6318	116.9974	-384.8487	501.8461	0.106861	0.750719	0.0746625	0.0677578	0.5349868	0.01803342	0.04850044	0.2161703
6324	123.0443	-378.3094	501.3536	0.233042	0.607557	0.0535455	0.105856	0.3165102	0.002102096	0.02304153	0.2120566
6330	124.8286	-376.656	501.4846	0.229048	0.584877	0.0260005	0.160075	2.015729	0.08171746	0.2182312	0.4341633
6336	131.1441	-370.8879	502.032	0.416848	0.416862	0.0626411	0.103649	0.8662461	0.03630713	0.09193819	0.2949594
6342	138.541	-363.6841	502.2251	0.459602	0.312057	0.0690659	0.159275	0.3491189	0.2528386	0.08314976	0.3381114
6348	132.6927	-367.0993	499.7919	0.266519	0.601998	0.0372722	0.0942111	2.009674	1.00094	0.09781925	0.6478576
6354	132.92	-365.4265	498.3465	0.038511	0.616477	0.248535	0.0964771	6.331943	0.3097919	0.07444978	0.3345023
6360	127.0054	-375.413	502.4184	0.017513	0.583396	0.287492	0.1116	0.5349396	0.1707169	0.1130073	0.2587678
6366	107.9218	-389.6365	497.5583	0.00734548	0.267667	0.268836	0.456151	5.433717	0.881602	0.08559987	1.022177
6372	125.0532	-374.8162	499.8693	0.00147646	0.534435	0.145944	0.318144	1.408276	0.7972191	0.0618343	0.8658128
6378	132.9637	-367.7171	500.6809	0.00215478	0.517563	0.43141	0.0488723	2.236968	0.3384383	0.1092744	0.3184959
6384	115.1645	-382.9026	498.0671	0.00238394	0.32468	0.618866	0.0540698	6.184238	0.7471246	0.08140077	0.2702372
6390	116.3227	-383.8913	500.214	0.00249093	0.294373	0.64664	0.0564964	1.493579	0.9398021	0.07557556	0.4937775
6396	111.7825	-390.3679	502.1504	0.0034082	0.232521	0.688633	0.0754373	0.5563424	0.3467592	0.2056286	0.7986491
6402	113.8229	-386.1812	500.0042	0.0624279	0.398362	0.463451	0.0757595	3.552854	0.3255206	0.1461421	0.4437475
6408	125.8755	-376.2125	502.088	0.124817	0.586744	0.137777	0.150661	0.3910085	0.4679306	0.09152312	0.2672942
6414	124.236	-377.1652	501.4011	0.29501	0.388767	0.149272	0.166951	1.721552	0.3260772	0.2214068	0.512953
6420	122.4159	-379.332	501.7479	0.383575	0.219325	0.342303	0.0547976	1.337362	0.2122707	0.1609378	0.4045079
6426	114.5006	-387.8413	502.3418	0.610828	0.177619	0.133263	0.0782902	0.8994486	0.05198591	0.1537805	0.3509333
6432	112.0779	-384.4535	496.5314	0.467298	0.219232	0.130437	0.183032	8.376715	0.7987992	0.117258	1.371068
6438	114.2685	-386.7022	500.9707	0.394571	0.308969	0.110137	0.186323	0.6941878	0.6021719	0.117258	1.193068
6444	122.1882	-378.4254	500.6135	0.157923	0.22539	0.322602	0.294085	0.1941907	0.6165099	0.07078269	1.503303
6450	125.9778	-374.4158	500.3936	0.244291	0.136789	0.0800754	0.538845	0.4810305	0.7339291	0.04235642	0.9857526
6456	118.1849	-382.5335	500.7184	0.560323	0.0826333	0.161005	0.196039	0.4810305	0.9193869	0.1099906	1.307808
6462	128.0866	-373.9257	502.0123	0.166167	0.125173	0.652006	0.0566546	0.6789164	0.4334884	0.1161615	0.3059666
6468	124.5938	-376.5035	501.0973	0.479116	0.307825	0.0737349	0.139325	0.6446284	0.5609468	0.04444508	0.3191091
6474	123.5144	-375.9489	499.4633	0.103475	0.588109	0.104351	0.204065	2.678804	0.4424503	0.04143908	0.231102
6480	123.8638	-376.3617	500.2256	0.31768	0.450534	0.131009	0.100776	1.738542	0.8658428	0.07433849	0.2940038
6486	117.7701	-383.1954	500.9656	0.320403	0.454395	0.132132	0.0930703	2.453997	0.2015225	0.1759178	0.3848946
6492	122.7113	-379.9186	502.6299	0.294583	0.577036	0.0101914	0.11819	0.7233353	0.2009651	0.2427088	0.3848946
6498	109.0929	-393.0156	502.1084	0.303403	0.360305	0.10307	0.233222	1.011142	0.2659531	0.2187675	0.4980642
6504	112.4644	-388.8394	501.3038	0.357141	0.400035	0.0744231	0.168401	0.2708335	0.5342929	0.2268693	1.827591
6510	117.4429	-383.6366	501.0795	0.429618	0.225354	0.0174883	0.327539	0.09772942	0.4064949	0.2494788	1.930871
6516	121.749	-376.2593	498.0084	0.449195	0.318678	0.0117658	0.220361	8.850509	0.2728896	0.2315762	0.7210031
6522	134.7668	-367.9816	502.7484	0.599732	0.200456	0.00780447	0.192007	0.4530915	0.1738444	0.235048	0.5639349
6528	127.7788	-374.4983	502.2771	0.65298	0.105789	0.045567	0.195663	0.4562164	0.1698756	0.3832043	1.217592
6534	120.1887	-380.9722	501.1609	0.595964	0.17803	0.125821	0.100184	0.4562164	0.3152176	0.3500923	2.406596
6540	114.0586	-385.8015	499.8601	0.690849	0.0212875	0.163781	0.124082	2.339558	0.1936063	0.4344778	2.117014
6546	106.3088	-395.5088	501.8176	0.488395	0.00864447	0.41524	0.0877199	0.7933523	0.06933915	0.3805834	1.447814
6552	119.5354	-381.091	500.6264	0.619659	0.00517174	0.248427	0.126743	1.13444	0.2260669	0.2018963	1.955552
6558	124.2927	-375.7153	500.008	0.461948	0.468271	0.0327233	0.0370578	1.171849	0.6429302	0.2558829	2.363762
6564	123.857	-377.5831	501.4401	0.747283	0.139833	0.0529358	0.0599476	0.6573824	0.5422653	0.1585627	1.036595
6570	118.6801	-383.3344	502.0145	0.674829	0.126275	0.141409	0.0574872	0.7753284	0.3311809	0.1202019	0.3481143
6576	114.9251	-386.2317	501.1569	0.694714	0.0944247	0.149916	0.0609456	0.6566756	0.8247585	0.08605875	0.5886653
6582	118.7382	-383.3429	502.0812	0.243335	0.331626	0.320094	0.104945	0.1738956	0.6071818	0.1153752	0.3951743
6588	119.9632	-382.3749	502.3381	0.186533	0.53501	0.169489	0.108968	0.3337567	0.6273262	0.1645469	0.3951743
6594	120.7648	-380.792	501.5568	0.201282	0.645936	0.0843243	0.0684573	1.371978	0.132218	0.1144565	0.3951743
6600	121.1924	-380.776	501.9684	0.469089	0.362545	0.113473	0.054894	1.128239	0.06722523	0.1278394	0.3472783
6606	120.195	-381.3334	501.5284	0.591488	0.177483	0.154758	0.0762706	1.505233	0.1605919	0.1281275	0.3541612
6612	120.2504	-380.5749	500.8254	0.695776	0.0747332	0.139773	0.0897182	1.55811	0.5114745	0.08886003	0.3803062
6618	108.8315	-394.2057	503.0372	0.295317	0.213745	0.404278	0.0866599	0.229636	0.1655767	0.2054628	0.2744503
6624	104.458	-396.384	500.842	0.410971	0.317465	0.113063	0.158501	0.2598415	0.7261196	0.07697889	1.232847
6630	122.2971	-379.4112	501.7084	0.315599	0.383707	0.0541883	0.246505	0.6966235	0.2487506	0.08316009	0.5440447
6636	114.4098	-385.5848	499.9946	0.102574	0.659	0.0553368	0.183089	0.719603	1.514528	0.04263528	0.3677081
6642	111.4387	-388.1178	499.5565	0.0453338	0.591585	0.198722	0.164359	1.290151	0.5070417	0.01671393	0.1767657
6648	109.9903	-390.2425	500.2329	0.0748349	0.420623	0.412992	0.0915501	2.709748	0.08967376	0.06829905	0.2096372
6654	120.5575	-379.3553	499.9129	0.471876	0.271899	0.217613	0.0386123	4.957638	0.1039384	0.2232305	0.3174759
6660	112.3923	-390.0018	502.3941	0.462208	0.274736	0.219884	0.0431718	0.5462899	0.3155696	0.1366867	0.2992683
6666	123.1308	-379.355	502.4859	0.637187	0.229792	0.0969116	0.0361094	0.5683192	0.2016087	0.1367953	0.2992683
6672	118.4648	-379.5461	498.0109	0.760392	0.0772441	0.11565	0.046714	7.069621	0.7394757	0.1126225	0.2992683
6678	125.1491	-377.0926	502.2417	0.546195	0.161784	0.257495	0.0345263	0.7017345	0.1952064	0.1166244	0.2692158
6684	124.7811	-376.7739	501.5549	0.542769	0.163005	0.259439	0.0347869	1.144227	0.3443765	0.1056855	0.3030772
6690	125.1093	-377.4992	502.6085	0.529695	0.22278	0.210928	0.036597	0.3193313	0.2873066	0.1349147	0.3030772
6696	111.9543	-390.7077	502.662	0.403439	0.284712	0.230421	0.0814283	0.2563529	0.3151773	0.1894985	0.5112441
6702	119.6815	-380.9712	500.6527	0.46399	0.205042	0.0849012	0.246067	0.1325844	0.5247636	0.02165405	0.2472825
6708	118.2242	-382.7194	500.9435	0.453945	0.226844	0.160806	0.158405	0.3179307	0.2946333	0.02031782	0.2188613
6714	124.9595	-377.6433	502.6028	0.177951	0.650556	0.0912525	0.0802407	0.08369192	0.1375416	0.1959132	0.2655417
6720	123.305	-379.4241	502.7291	0.209141	0.402915	0.206428	0.181517	0.2759592	0.2839005	0.2063601	0.5238733
6726	127.4583	-375.4341	502.8924	0.337194	0.544846	0.0692851	0.0486749	0.1473498	0.02198228	0.1779537	0.4274137
6732	111.2341	-391.3998	502.6339	0.421252	0.486119	0.0657052	0.0269239	0.08147468	0.04792516	0.2325895	0.4643233
6738	112.8274	-389.3342	502.1616	0.522787	0.233287	0.202461	0.0414654	0.06817488	0.2965881	0.1956522	0.4294245
6744	111.305	-389.9774	501.2824	0.199292	0.701387	0.0348899	0.0644313	1.941072	0.2736564	0.1688309	0.3117135
6750	107.1044	-391.987	499.0915	0.53749	0.0593432	0.342214	0.0609531	5.484286	0.3621981	0.300766	0.8182566
6756	118.2581	-382.5486	500.8067	0.744741	0.0280795	0.115375	0.111804	2.45595	0.4091143	0.2289555	0.501957
6762	128.2482	-373.8054	502.0536	0.26007	0.61943	0.0313062	0.0891946	0.2905682	0.3922315	0.07451677	0.2301808
6768	131.4789	-370.7258	502.2046	0.217171	0.660113	0.0281679	0.0945485	0.2905682	0.3604634	0.09136281	0.3696277
6774	117.4101	-384.8257	502.2358	0.136291	0.675258	0.0160263	0.172425	0.8271665	0.5195452	0.25339	0.3696277
6780	127.6367	-374.8353	502.472	0.317543	0.613176	0.0145529	0.0547276	0.4610234	0.1879733	0.117952	0.3442177
6786	123.3588	-378.2747	501.6335	0.10888	0.433406	0.35517	0.102544	0.1176989	0.5343857	0.0681489	0.2747065
6792	123.3166	-378.6456	501.9622	0.330873	0.31056	0.173893	0.184674	0.5041544	0.1918742	0.06438801	0.2376276
6798	124.487	-377.4081	501.8951	0.538165	0.213864	0.128542	0.119429	0.2291184	0.1836674	0.04867424	0.2474268
6804	114.5764	-384.9454	499.5218	0.19245	0.205367	0.500573	0.101609	2.163287	0.752305	0.04389198	0.1829904
6810	120.0223	-380.938	500.9603	0.277434	0.327789	0.329832	0.0649452	0.2231837	0.8359612	0.03625677	0.211477
6816	124.7328	-376.3351	501.0679	0.269122	0.344528	0.319949	0.0664016	0.2231837	0.7290006	0.03625677	0.212528
6822	125.8043	-374.9281	500.7324	0.103629	0.429964	0.328623	0.137784	1.341496	0.7343166	0.07835529	0.3122473
6828	117.7602	-385.0697	502.83	0.237035	0.298851	0.307286	0.156829	0.2328195	0.02174137	0.1243776	0.308116
6834	120.376	-381.3705	501.7465	0.0145148	0.830605	0.0743934	0.0804864	1.208048	0.358461	0.1653772	0.3960881
6840	111.4641	-389.5617	501.0258	0.00265201	0.908656	0.0520508	0.0366413	2.127639	0.3966699	0.2005742	0.4474711
6846	103.9351	-398.1978	502.1329	0.00236792	0.815415	0.164921	0.0172965	1.160543	0.2836384	0.284578	0.4391614
6852	111.279	-391.5862	502.8652	0.0401018	0.362601	0.370166	0.227131	0.2302281	0.107925	0.1949702	0.5299446
6858	114.553	-386.9233	501.4763	0.678703	0.105187	0.0989921	0.117119	1.306737	0.139317	0.09346187	0.3587601
6864	115.4486	-387.0862	502.5348	0.231421	0.255342	0.327743	0.185494	0.6120391	0.07679109	0.1601499	0.4806948
6870	110.6827	-389.7939	500.4766	0.197734	0.386204	0.23383	0.182232	2.373913	0.2493856	0.09189058	0.4019511
6876	119.3449	-379.9435	499.2884	0.300831	0.474759	0.137469	0.0869417	5.76684	0.1985972	0.1677065	0.3502359
6882	130.2913	-372.2903	502.5815	0.327354	0.314807	0.184402	0.173436	0.3601908	0.1985755	0.1261582	0.3682416
6888	123.8942	-378.9496	502.8438	0.546795	0.238808	0.137507	0.0768903	0.2450167	0.08948306	0.1457938	0.3664479
6894	111.0441	-390.5988	501.6429	0.635961	0.131084	0.148552	0.0844039	0.9286581	0.4275528	0.1166034	0.459192
6900	115.1603	-386.9073	502.0675	0.485416	0.102438	0.301071	0.111075	0.1130757	0.501637	0.1354604	0.459192
6906	115.1481	-387.5925	502.7405	0.486261	0.397509	0.0868545	0.0293748	0.4850777	0.02350705	0.1461239	0.3856462
6912	120.2222	-382.7603	502.9824	0.780984	0.0323405	0.139497	0.0471789	0.3677851	0.05451956	0.1878077	0.3839479
6918	126.0202	-376.453	502.4732	0.516888	0.139726	0.262442	0.0809435	0.5269104	0.3057243	0.2278981	0.6157039
6924	118.8244	-382.0574	500.8817	0.412722	0.267742	0.164433	0.155103	1.20219	0.1913866	0.2576732	1.759669
6930	103.2732	-398.3646	501.6378	0.315209	0.42884	0.222967	0.0329836	0.667156	0.746572	0.1356435	0.532571
6936	96.79728	-404.8374	501.6347	0.183505	0.567022	0.223557	0.0259159	0.667156	0.1528229	0.1867007	1.344776
6942	121.3084	-374.9189	496.2273	0.010619	0.501797	0.178855	0.308729	10.41673	0.5757783	0.06977687	0.8855496
6948	115.1019	-381.9757	497.0777	0.648642	0.16105	0.014661	0.175647	10.41673	0.6272182	0.1507454	0.6063667
6954	124.6332	-377.9831	502.6163	0.287484	0.652922	0.00974714	0.0498466	0.6567588	0.1660936	0.1910195	0.3626263
6960	115.2149	-386.4857	501.7006	0.421562	0.53378	0.0160598	0.0285987	1.168829	0.3148959	0.1369149	0.3895765
6966	113.7142	-387.9784	501.6926	0.421562	0.53378	0.0160598	0.0285987	0.6825906	0.5366749	0.08801703	0.2840769
6972	95.72695	-405.045	500.772	0.396407	0.238363	0.304953	0.0602772	2.822722	0.1023539	0.2210639	0.5852072
6978	104.5516	-396.359	500.9105	0.469009	0.165324	0.326027	0.0396404	2.900359	0.1376491	0.2305547	0.377502
6984	97.18161	-403.6287	500.8103	0.668969	0.108419	0.133005	0.0896074	1.984317	0.6675642	0.1912395	0.4703409
6990	115.6336	-386.3146	501.9482	0.464315	0.184312	0.199039	0.152333	1.241576	0.2299229	0.1912395	0.3825139
6996	108.4879	-389.7266	498.2144	0.595091	0.0584041	0.241806	0.104699	9.520812	0.09166917	0.1787853	0.3409051
7002	121.1144	-380.8091	501.9235	0.174691	0.609477	0.131796	0.0840356	1.197461	0.1785915	0.1849827	0.1293181
7008	120.2943	-377.59	497.8843	0.326605	0.367286	0.0635981	0.242511	6.826191	0.7088095	0.1291154	0.09331714
7014	117.9256	-383.4069	501.3324	0.118344	0.490034	0.0632927	0.328329	1.513694	0.2336998	0.1514604	0.1046525
7020	115.9387	-386.2648	502.2036	0.223768	0.400392	0.288339	0.087501	0.2034071	0.1914252	0.07100971	0.2781776
7026	123.016	-379.0103	502.0264	0.222039	0.652387	0.0387483	0.0868249	0.4115766	0.5418252	0.1881506	0.8135133
7032	123.7315	-379.0145	502.746	0.215128	0.632081	0.0665027	0.0862878	0.1299205	0.1542657	0.204096	0.4748075
7038	130.038	-372.1593	502.1973	0.27939	0.604898	0.0636427	0.0520688	0.3785223	0.1663303	0.08536164	0.4748075
7044	123.6272	-377.9797	501.6068	0.184159	0.565822	0.0524569	0.197563	1.393777	0.3813066	0.2103114	0.5009976
7050	118.9608	-380.3998	499.3606	0.0528315	0.83608	0.0162271	0.0948613	0.6319963	0.542499	0.2103114	4.495378
7056	96.19269	-400.3412	496.5339	0.162585	0.792606	0.0153833	0.029426	4.761239	0.3334402	0.5378046	5.64469
7062	119.3446	-376.4137	495.7582	0.0464118	0.195827	0.502488	0.255273	6.636906	0.5293761	0.1374007	4.003333
7068	130.4084	-369.4637	499.8721	0.540436	0.163003	0.137219	0.159342	2.199131	0.7997138	0.106407	0.6945419
7074	120.2617	-380.262	500.5238	0.348874	0.361644	0.262046	0.0274363	0.407293	1.05346	0.04234098	0.6190938
7080	114.4916	-388.409	502.9006	0.686338	0.101189	0.196154	0.0163197	0.2940845	0.1790909	0.1770678	0.3321889
7086	101.453	-400.8893	502.3423	0.442036	0.423549	0.027996	0.106418	0.4825846	0.7971407	0.2728428	0.3831828
7092	121.0481	-379.2882	500.3363	0.496373	0.0863654	0.300354	0.116908	2.325803	0.4181692	0.122361	0.6341019
7098	117.9319	-380.8888	498.8206	0.682844	0.0464816	0.209115	0.0615587	7.210017	0.05341295	0.1602125	0.4219097
7104	104.5768	-393.9667	498.5435	0.433396	0.190122	0.252968	0.123514	7.210017	0.472868	0.1919798	0.3927817
7110	120.2861	-375.3263	495.6125	0.495669	0.0629666	0.321426	0.119939	21.35897	0.3014225	0.1919798	0.4328772
7116	117.0774	-380.2649	497.3423	0.532297	0.0376816	0.345179	0.0848429	11.21508	0.1359088	0.1049014	0.3432989
7122	112.5238	-390.4705	502.9943	0.574703	0.237302	0.06676	0.121235	0.2391444	0.1867039	0.2018584	0.31069
7128	108.2894	-394.7193	503.0087	0.594315	0.290265	0.0488975	0.0665223	0.3296876	0.1197133	0.2018584	0.3552345
7134	108.9876	-392.6245	501.6121	0.537797	0.284082	0.112602	0.0655195	1.213699	0.5954851	0.1791136	0.3163441
7140	114.2871	-384.9562	499.2434	0.287643	0.492072	0.104733	0.115551	1.492216	0.8851416	0.1741285	2.378953
7146	110.4292	-388.871	499.3001	0.227086	0.599006	0.0826839	0.0912242	1.457473	0.7846039	0.1647832	2.434099
7152	118.9232	-380.8702	499.7934	0.234881	0.333822	0.313194	0.118104	0.5568407	1.127793	0.09682349	1.955177
7158	129.6713	-371.0942	500.7655	0.38819	0.197775	0.0657308	0.348305	0.274945	0.740052	0.07757881	1.304919
7164	121.3016	-379.741	501.0427	0.439142	0.269741	0.182556	0.108562	0.550447	0.9680694	0.07774619	0.5861028
7170	116.336	-385.5685	501.9045	0.378172	0.408441	0.173926	0.0394609	0.9189192	0.1411576	0.09648055	0.3120376
7176	119.2134	-382.0288	501.2422	0.329686	0.373528	0.161992	0.134794	1.158089	0.6537597	0.108207	0.3203431
7182	124.0171	-378.8781	502.8951	0.315449	0.219357	0.24347	0.221725	0.1840473	0.07084818	0.2166255	0.5655481
7188	119.7542	-382.0613	501.8155	0.269486	0.388132	0.121404	0.220978	0.7923	0.4923289	0.1245993	0.4087404
7194	124.1566	-376.9407	501.0972	0.365565	0.428337	0.0357472	0.17035	0.4546112	0.8394566	0.08642013	0.8306184
7200	103.3663	-399.1339	502.5002	0.544982	0.297154	0.0551235	0.10274	0.8176637	0.1709172	0.2495476	0.4685702
7206	94.0282	-407.0485	501.0767	0.683444	0.14554	0.0788901	0.0921259	1.176533	0.7992802	0.1705037	0.6757288
7212	107.2179	-391.85	499.0679	0.473076	0.341837	0.0853811	0.0997058	3.900444	0.8930624	0.1273586	0.5320003
7218	115.1442	-387.2433	502.3875	0.471171	0.340461	0.0890636	0.0993044	0.3134533	0.5589472	0.2046299	0.569774
7224	113.7795	-386.2645	500.0441	0.371071	0.272483	0.249098	0.107348	2.861015	0.3068135	0.2545586	1.145047
7230	117.3449	-384.5554	501.9003	0.301082	0.323415	0.286512	0.088991	1.253713	0.02524148	0.1288039	0.3426132
7236	102.7713	-398.0032	500.7745	0.21026	0.0916951	0.420861	0.277184	1.774119	0.3582427	0.08212575	0.3236599
7242	123.2241	-379.2992	502.5233	0.264089	0.455893	0.227819	0.0521999	0.7147006	0.205079	0.1863283	0.328104
7248	101.8705	-400.4937	502.3642	0.401042	0.047195	0.488486	0.0632767	0.3872248	0.3031291	0.1081439	0.3298541
7254	109.1516	-388.785	497.9366	0.451253	0.234675	0.223185	0.0908863	8.797295	0.2693886	0.1151382	0.3298541
7260	125.9735	-375.658	501.6315	0.547438	0.284696	0.0576072	0.110259	0.7587581	0.2693886	0.06732796	0.3298541
7266	125.2776	-375.9021	501.1797	0.131309	0.475191	0.168761	0.224739	0.7587581	0.6563733	0.06431697	0.3669376
7272	126.6565	-375.5565	502.213	0.513926	0.272431	0.0583601	0.155283	0.5107873	0.2306452	0.09776612	0.3724748
7278	123.5847	-378.2012	501.7859	0.391571	0.117749	0.334167	0.156514	0.3801505	0.7215296	0.09122337	0.3724748
7284	117.7252	-383.54	501.2653	0.431562	0.142934	0.180048	0.245456	0.3801505	0.9368552	0.06933241	0.4584501
7290	114.9494	-383.8968	498.8462	0.329965	0.0651732	0.35866	0.246201	3.526654	0.9368552	0.1049764	0.7468608
7296	117.8799	-380.7666	498.6465	0.432124	0.133523	0.293455	0.140898	6.257752	0.1529834	0.1155563	0.5974799
7302	121.4471	-380.0451	501.4922	0.37149	0.0292491	0.437714	0.161547	0.4391652	0.8245664	0.08322591	0.4472663
7308	114.6083	-386.7133	501.3216	0.439112	0.00819588	0.361739	0.190953	0.4958946	0.8317153	0.07443287	0.4631423
7314	114.912	-387.5285	502.4405	0.456922	0.292873	0.0515076	0.198698	0.9081695	0.1685019	0.2473824	0.4301085
7320	113.8225	-388.0757	501.8982	0.632039	0.0556034	0.0411245	0.271233	0.1886033	0.1502877	0.06713952	0.6136936
7326	117.189	-383.6012	500.7903	0.286073	0.0251672	0.17717	0.51159	0.9206442	0.2487936	0.06528412	1.003343
7332	110.4791	-388.2899	498.769	0.698091	0.034463	0.185755	0.0816919	0.7749204	1.059963	0.07026292	2.823424
7338	122.2418	-377.2457	499.4875	0.495053	0.0555565	0.351342	0.0980489	1.938694	1.219662	0.06596705	0.4614384
7344	119.4977	-381.8251	501.3229	0.865982	0.012048	0.0894456	0.0325246	0.3796594	0.8854876	0.06405974	0.3728812
7350	110.5749	-390.5654	501.1403	0.552736	0.272381	0.0601624	0.11472	0.2495177	0.2724966	0.0240248	0.2090088
7356	113.8146	-387.4979	501.3125	0.580858	0.286239	0.0123456	0.120557	0.0897399	0.1186612	0.03663387	0.2213733
7362	113.2035	-387.3097	500.5133	0.243273	0.335369	0.3478	0.0735582	2.434012	0.2235351	0.09134697	0.3237954
7368	122.2736	-380.4124	502.6859	0.585672	0.244655	0.149375	0.0202974	0.48854	0.1645816	0.165113	0.3784249
7374	129.1791	-371.9508	501.13	0.56893	0.291866	0.119486	0.0197172	1.321813	0.5797519	0.1189576	0.4558404
7380	121.8283	-379.7396	501.5678	0.309573	0.405785	0.230172	0.0544696	0.987049	0.2974832	0.0828699	0.2768169
7386	115.0687	-387.2471	502.3159	0.692454	0.148072	0.129344	0.0301302	0.626457	0.1938951	0.1206482	0.3422869
7392	116.5001	-384.1612	500.6612	0.509355	0.226765	0.191316	0.072564	2.162494	0.4613084	0.1278084	0.4137644
7398	115.0889	-385.0371	500.126	0.135903	0.0605044	0.685533	0.11806	2.080565	0.6822298	0.07216888	0.2281485
7404	120.4529	-379.6645	500.1175	0.313981	0.508916	0.0240613	0.153041	0.1772338	0.906253	0.01656112	0.2539023
7410	110.8554	-389.4396	500.2949	0.626225	0.166469	0.0635451	0.143761	0.2525199	0.906253	0.01901898	0.2429911
7416	121.6376	-380.563	502.2005	0.530179	0.236425	0.029222	0.204174	0.1955534	0.06477868	0.0615437	0.2737713
7422	130.0474	-372.3049	502.3523	0.535186	0.189078	0.112451	0.163286	0.1955534	0.3226044	0.1001381	0.2737713
7428	127.8965	-372.7293	500.6257	0.297562	0.589952	0.0216994	0.0907864	1.435972	0.8255115	0.09106422	0.3940764
7434	123.6414	-377.6033	501.2447	0.174022	0.609144	0.17622	0.0406144	0.3839401	0.8562349	0.1289116	1.039889
7440	121.2756	-380.3397	501.6153	0.417109	0.109185	0.355056	0.11865	0.3908515	0.4180367	0.1449224	1.191938
7446	116.8391	-384.1566	500.9957	0.359483	0.161501	0.122901	0.356115	0.3908515	0.9957895	0.07257772	0.6927671
7452	121.394	-378.9722	500.3662	0.566468	0.123115	0.193666	0.116751	1.512711	0.886401	0.1122551	0.6927671
7458	121.9593	-380.2577	502.217	0.0987711	0.277191	0.436037	0.188001	0.1953534	0.4222425	0.1004825	0.3518467
7464	125.2955	-376.2054	501.501	0.056865	0.826588	0.00830951	0.108237	0.5671752	0.7580833	0.0842841	0.3795067
7470	120.9668	-379.5251	500.4919	0.686514	0.139617	0.00619569	0.167673	1.614788	0.7348145	0.149141	0.8351105
7476	123.185	-377.3699	500.5549	0.422149	0.365018	0.00758416	0.205249	0.5255277	1.037924	0.08500387	1.088407
7482	130.9838	-370.4328	501.4166	0.492084	0.349329	0.00565114	0.152936	0.05507688	0.0278232	0.2135066	1.270975
7488	125.3892	-376.1722	501.5613	0.426051	0.395756	0.0433895	0.134803	0.09659816	0.7243624	0.1859416	0.8433751
7494	100.8523	-399.1702	500.0225	0.543671	0.110292	0.140864	0.205174	3.528904	0.2419138	0.1904168	0.6920755
7500	113.7619	-384.5051	498.2669	0.402806	0.227457	0.111889	0.257848	3.63443	0.7795034	0.1173882	1.546178
7506	111.5529	-388.3394	499.8923	0.156384	0.393145	0.350479	0.0999919	3.015423	0.7411964	0.150523	0.4669088
7512	125.0844	-376.8331	501.9176	0.110585	0.378279	0.378232	0.132904	0.9369226	0.1400235	0.0990099	0.2899786
7518	121.4514	-377.8902	499.3416	0.0408372	0.25561	0.600054	0.103499	4.662329	0.1253151	0.08768581	0.3469306
7524	119.107	-383.2309	502.3379	0.0423127	0.264846	0.621734	0.0711072	0.5307765	0.0713844	0.09615936	0.3734776
7530	108.3083	-392.3547	500.663	0.641992	0.205117	0.110299	0.0425914	1.4409	0.4855502	0.05906077	0.273063
7536	111.833	-388.8554	500.6884	0.429662	0.359285	0.175555	0.0354978	2.466742	0.456313	0.2107065	0.5191249
7542	106.8888	-394.8157	501.7045	0.331503	0.556973	0.0443056	0.067218	0.8090687	0.8701848	0.2274413	0.5259272
7548	123.6664	-379.3051	502.9715	0.388283	0.430152	0.0845455	0.0970197	0.6189018	0.04119996	0.2652172	0.3476261
7554	123.6277	-378.6699	502.2976	0.58906	0.288968	0.056796	0.065176	0.9952368	0.2026395	0.2401425	0.4360105
7560	122.5013	-379.8424	502.3436	0.562121	0.24551	0.0471204	0.145248	0.6027385	0.07418371	0.1142518	0.4360105
7566	123.9722	-377.9521	501.9243	0.451971	0.357971	0.0732714	0.116786	0.8035248	0.004868492	0.07129637	0.2618813
7572	122.5234	-379.6345	502.1579	0.607742	0.0921368	0.0515876	0.248534	0.2978667	0.001474437	0.05443965	0.3033029
7578	132.8284	-369.2953	502.1237	0.651757	0.0614821	0.0932515	0.19351	1.152873	0.01894689	0.2234701	0.6004047
7584	124.159	-378.2969	502.4559	0.758767	0.0852262	0.0242593	0.131747	0.4225596	0.01203252	0.2234701	1.001068
7590	117.3648	-385.2935	502.6582	0.189653	0.460838	0.0603729	0.289136	0.352026	0.06870202	0.1708128	0.6488139
7596	114.1695	-388.7519	502.9213	0.324837	0.465034	0.0762729	0.133856	0.2023446	0.1254383	0.1708128	0.3341837
7602	119.6719	-383.001	502.6728	0.46757	0.380928	0.038097	0.113404	0.1702256	0.2426134	0.3880274	0.07692032
7608	121.8985	-380.7892	502.6877	0.0485852	0.67439	0.0126804	0.264345	0.1167134	0.192254	0.3731072	0.09077638
7614	109.0461	-393.1754	502.2215	0.0404513	0.561486	0.0105575	0.387505	0.6588336	0.6619502	0.2944576	0.1265092
7620	126.7687	-374.593	501.3617	0.0762199	0.242375	0.0198929	0.661512	0.6545562	0.4736245	0.2169928	0.04498115
7626	118.1047	-383.4227	501.5273	0.0925997	0.613613	0.0099724	0.283815	0.817528	0.3067921	0.3076157	0.04509028
7632	120.8448	-378.3709	499.2158	0.2292	0.585883	0.0578813	0.127035	4.844385	0.1415142	0.08105526	0.2465528
7638	118.7337	-382.3727	501.1064	0.394447	0.491008	0.00808148	0.106464	0.2569176	0.7593162	0.03860351	0.2250367
7644	119.6775	-380.9628	500.6403	0.0407317	0.135001	0.0229505	0.801317	1.228488	0.394478	0.1988347	0.03945657
7650	113.7402	-387.0025	500.7428	0.358391	0.0920991	0.00284249	0.546667	0.3257332	0.274986	0.1678819	0.02344637
7656	103.6943	-397.0587	500.753	0.704493	0.101557	0.0112672	0.182683	0.3257332	0.4598727	0.07504437	0.03998975
7662	103.4189	-397.0443	500.4632	0.155504	0.288349	0.0407963	0.515351	0.6383396	0.08801935	0.1532985	0.02195149
7668	104.9679	-391.7187	496.6866	0.0835019	0.0542828	0.00489336	0.857322	7.606233	0.5235058	0.1335915	0.03284743
7674	126.0508	-374.597	500.6479	0.137881	0.0686022	0.0117252	0.781792	1.603435	0.3632406	0.1485483	0.06001481
7680	130.435	-371.4967	501.9317	0.0320841	0.828839	0.0651328	0.0739443	0.4321138	0.05657099	0.228797	0.04153606
7686	120.2888	-382.0189	502.3077	0.00875853	0.78425	0.0943571	0.112635	0.512802	0.1591152	0.3460082	0.0570182
7692	110.3903	-390.8069	501.1972	0.00314668	0.744307	0.108392	0.144155	1.707165	0.3114191	0.2946023	0.07307739
7698	106.698	-394.8856	501.5836	0.0510077	0.578526	0.199867	0.1706	1.484979	0.4846766	0.3801603	0.1070999
7704	100.5471	-401.2963	501.8434	0.592253	0.0447423	0.288375	0.0746293	1.040092	0.0239323	0.09000786	0.3120309
7710	105.0045	-396.2565	501.261	0.220891	0.484734	0.0963773	0.197997	0.4552606	0.7853752	0.1450983	0.056518
7716	102.1249	-398.3401	500.465	0.108605	0.502048	0.115839	0.273508	1.054775	0.8679565	0.1270881	0.056518
7722	110.0968	-390.4546	500.5514	0.0663703	0.667967	0.0707907	0.194872	1.839349	0.8679565	0.229415	0.08597663
7728	110.1223	-391.035	501.1573	0.158453	0.573165	0.0724845	0.195898	1.405997	0.4074943	0.3798782	0.05503292
7734	126.387	-376.2533	502.6402	0.101746	0.805928	0.014462	0.0778642	0.3873865	0.4363949	0.2083366	0.3934433
7740	126.4034	-375.3682	501.7716	0.341504	0.346034	0.223835	0.0886271	0.8262347	0.4397714	0.1216583	0.4561253
7746	128.1266	-372.2704	500.397	0.565757	0.137376	0.166378	0.130489	0.4793325	0.7658247	0.0969655	1.747521
7752	131.63	-370.5363	502.1663	0.213183	0.630436	0.0208586	0.135522	0.3838045	0.3740479	0.09265696	0.3398004
7758	121.0311	-381.7737	502.8048	0.663087	0.0392154	0.0361032	0.261595	0.2771121	0.160227	0.2049492	0.5663373
7764	124.8003	-375.9634	500.7637	0.392971	0.325661	0.130322	0.151046	1.68312	0.1461229	0.1334931	1.012486
7770	118.131	-382.7974	500.9284	0.0246695	0.629407	0.0369654	0.308958	0.3757894	0.9676978	0.104838	0.05785482
7776	106.445	-391.8938	498.3387	0.131951	0.335688	0.0402805	0.492081	2.130792	0.9453757	0.1278929	0.02469418
7782	113.1508	-387.0622	500.2129	0.413328	0.152156	0.104737	0.329779	1.0956	0.9332151	0.1066082	1.131944
7788	120.9126	-380.9148	501.8274	0.659455	0.0765001	0.0429315	0.221113	0.5148093	0.4974539	0.2169866	1.039495
7794	120.54	-381.8685	502.4085	0.258076	0.405978	0.0783583	0.257588	0.6388216	0.01090088	0.1296027	0.4943364
7800	111.535	-385.0522	496.5873	0.268769	0.00320006	0.704331	0.0236997	5.821774	0.4099696	0.2472349	3.92923
7806	134.6265	-367.0101	501.6366	0.655274	0.000344148	0.333171	0.0112107	0.4686298	0.1241562	0.1412752	1.392971
7812	118.4406	-381.7954	500.236	0.613237	0.0014576	0.369528	0.0157776	0.0807214	0.5668997	0.2467094	2.695881
7818	126.3453	-373.2716	499.6169	0.345241	0.00193354	0.538402	0.114424	0.2791598	0.888411	0.1240412	3.224661
7824	122.3692	-376.0656	498.4347	0.252644	0.00644252	0.630167	0.110746	0.4256071	0.9739581	0.1280195	5.338712
7830	112.2518	-382.8555	495.1073	0.11583	0.0076164	0.744988	0.131565	1.225878	1.480722	0.05709036	9.322129
7836	116.3218	-379.7315	496.0532	0.291046	0.0133212	0.368612	0.32702	0.6314148	1.480722	0.04693873	7.599837
7842	97.86009	-398.7874	496.6475	0.183935	0.00705068	0.600514	0.2085	3.899955	1.053947	0.09876785	3.067256
7848	112.7893	-386.6938	499.4832	0.575113	0.00212519	0.391114	0.031648	1.08222	1.116484	0.07628241	1.44248
7854	102.3318	-396.9841	499.3159	0.280888	0.00620559	0.523135	0.189771	2.564681	0.8136936	0.1041556	0.9590319
7860	108.6124	-392.6171	501.2295	0.237405	0.369577	0.14914	0.243879	1.039779	0.7281741	0.1774397	0.748335
7866	117.6219	-384.3002	501.922	0.152235	0.692397	0.0905556	0.064812	0.265674	0.2751889	0.2593053	1.477093
7872	105.7262	-396.4159	502.1421	0.271895	0.557761	0.115622	0.0547229	0.2986431	0.3013041	0.08665399	0.4565157
7878	119.2094	-383.6338	502.8432	0.603317	0.0696789	0.221955	0.105049	0.3050309	0.1252967	0.1493818	0.3182189
7884	119.9959	-382.3665	502.3624	0.362467	0.0568029	0.477614	0.103116	0.3675684	0.003938087	0.07275455	0.3130757
7890	112.3778	-389.6799	502.0577	0.166706	0.528952	0.241284	0.0630583	0.3964178	0.07505958	0.05604408	0.2420817
7896	125.8449	-375.7448	501.5897	0.187125	0.283819	0.470231	0.0588241	0.9795932	0.2871627	0.0838572	0.2948686
7902	124.5038	-376.9305	501.4344	0.310671	0.223743	0.370697	0.0948881	0.6566986	0.7738316	0.0838572	0.3057405
7908	127.7196	-373.655	501.3746	0.181812	0.676004	0.0521883	0.0899957	1.06854	0.2549892	0.06878521	0.2537834
7914	118.7229	-382.7856	501.5085	0.39469	0.41905	0.0454813	0.140779	0.6222275	0.739282	0.0990649	0.4755114
7920	129.0833	-373.0349	502.1182	0.386881	0.539885	0.00912881	0.0641052	0.3505412	0.6726791	0.1462546	0.485111
7926	124.4305	-376.9807	501.4112	0.361195	0.564261	0.0452802	0.0292641	0.4416793	0.6068152	0.2001321	1.391584
7932	124.2952	-377.6301	501.9253	0.621041	0.172924	0.161712	0.044323	0.6218368	0.7667227	0.1970803	0.5237417
7938	116.8177	-383.381	500.1987	0.328921	0.279865	0.329753	0.0614616	2.075182	0.8518085	0.1024258	0.3710289
7944	120.4069	-381.7654	502.1723	0.31149	0.155488	0.395157	0.137865	0.5335437	0.3609377	0.1061252	0.293126
7950	122.0306	-379.4582	501.4888	0.204117	0.663917	0.0485575	0.083409	0.2927152	1.021204	0.09308102	0.4506296
7956	123.764	-378.036	501.8	0.345681	0.508446	0.0507368	0.0951369	0.07775579	0.3022457	0.09711825	0.3957105
7962	117.3381	-382.8255	500.1636	0.383986	0.372866	0.0691411	0.174007	2.84831	0.3682275	0.1118355	0.4494188
7968	116.4273	-384.5509	500.9781	0.106102	0.621011	0.196175	0.0767129	0.7541909	0.6517046	0.2631379	1.640614
7974	127.6102	-374.8859	502.4961	0.476973	0.32136	0.131758	0.0699089	0.9365122	0.05638822	0.2768033	0.5143067
7980	116.3145	-385.2093	501.5238	0.379858	0.344923	0.136839	0.13838	2.019633	0.1454474	0.256776	0.4113442
7986	116.7064	-385.2957	502.002	0.247934	0.458514	0.119301	0.174251	0.3967172	0.6877147	0.1212308	0.4076991
7992	105.64	-395.9867	501.6267	0.238889	0.0690335	0.430727	0.26135	0.6848863	0.1909157	0.267092	1.513225
7998	115.5054	-386.1068	501.6122	0.330676	0.0652515	0.376555	0.227517	0.9273582	0.3683856	0.1435607	0.6972283
8004	89.34351	-411.7497	501.0932	0.79796	0.0330846	0.0143649	0.154591	2.6688	0.1213426	0.5001363	0.599668
8010	106.3533	-393.2425	499.5958	0.0391183	0.646849	0.294809	0.0192238	3.780761	0.08632196	0.2838077	1.360236
8016	125.6855	-376.4598	502.1453	0.321351	0.398913	0.209085	0.0706516	1.053104	0.01765663	0.1353871	0.3285317
8022	111.855	-387.9633	499.8184	0.306784	0.230893	0.447806	0.0145179	3.189227	0.4451738	0.08943164	0.2922138
8028	108.2647	-391.1874	499.4521	0.019706	0.204129	0.705807	0.0703579	3.189227	0.823859	0.1330505	0.630353
8034	122.8798	-379.467	502.3467	0.763971	0.0438368	0.0185715	0.17362	0.6795195	0.07641733	0.1169434	0.3522173
8040	113.4849	-388.6524	502.1373	0.606827	0.0297579	0.012607	0.350808	0.6795195	0.1815706	0.1427151	0.6182046
8046	108.436	-391.8004	500.2363	0.42869	0.152306	0.0234163	0.395588	1.969172	0.2948753	0.1757937	1.376569
8052	111.4116	-388.1594	499.571	0.511908	0.187776	0.235452	0.0648632	3.336675	0.8004731	0.1850939	0.6743353
8058	102.9176	-399.2167	502.1343	0.624839	0.0161188	0.226755	0.132287	0.8310707	0.1718079	0.1302845	0.402213
8064	109.1284	-393.3307	502.4591	0.591817	0.143937	0.223411	0.0408344	0.3200154	0.35264	0.125917	0.358141
8070	119.366	-383.1603	502.5263	0.620527	0.228611	0.0654225	0.08544	0.4330782	0.3188651	0.1504389	0.3710426
8076	112.0829	-390.5804	502.6632	0.235797	0.559158	0.10372	0.101325	0.2128308	0.1519247	0.1175269	0.2417763
8082	118.9006	-382.9721	501.8727	0.347801	0.487717	0.0325393	0.131942	0.359346	0.698088	0.1240624	0.5772925
8088	131.4097	-370.6154	502.0251	0.625821	0.0888185	0.112045	0.173316	0.6055033	0.3537927	0.1019077	0.3726253
8094	109.8678	-391.6766	501.5444	0.324639	0.479693	0.100876	0.0947929	0.3864059	0.8261534	0.138293	0.823631
8100	106.7876	-393.6506	500.4382	0.338557	0.537027	0.0182936	0.106123	1.980841	0.5431605	0.2556971	1.114303
8106	111.416	-390.8723	502.2883	0.199022	0.516076	0.101063	0.183839	0.7647481	0.04126752	0.1922923	0.7109862
8112	113.6944	-388.2848	501.9792	0.395432	0.351696	0.0684055	0.184467	0.8757298	0.1920425	0.1055761	0.290366
8118	117.7426	-383.8984	501.641	0.0596188	0.846233	0.0191002	0.0750475	0.6149148	0.6767717	0.1083599	0.4845038
8124	121.6013	-374.5299	496.1312	0.328429	0.308945	0.161853	0.200773	14.00179	0.6900617	0.1642682	0.7130086
8130	123.1042	-379.0696	502.1738	0.335328	0.315435	0.144247	0.20499	0.4605035	0.5726803	0.1582748	0.491914
8136	102.4946	-399.8231	502.3177	0.36097	0.37557	0.230612	0.0328477	0.3660818	0.3624914	0.1672732	0.6703212
8142	108.781	-393.0849	501.8659	0.243841	0.576268	0.129491	0.0504008	0.6249135	0.5976371	0.134911	0.4943718
8148	116.0989	-384.3812	500.4801	0.801904	0.118838	0.028984	0.0502735	1.515036	0.8671128	0.1147335	0.6174054
8154	112.4651	-389.727	502.1921	0.813198	0.0577727	0.0782614	0.0507681	0.5245962	0.2851262	0.09816824	0.3008551
8160	114.3611	-387.2618	501.6229	0.410194	0.0928862	0.223332	0.273587	0.3833765	0.8426275	0.09425964	0.4492541
8166	125.0195	-376.7692	501.7887	0.422685	0.0957145	0.259852	0.221749	0.3936214	0.4379471	0.06313735	0.3060438
8172	123.5083	-377.2504	500.7588	0.176271	0.346179	0.313771	0.163779	0.3526258	1.147355	0.05280396	0.5363722
8178	120.9233	-379.1601	500.0834	0.450608	0.303466	0.102355	0.143571	0.852243	1.112106	0.03478983	0.3492604
8184	127.2638	-374.226	501.4897	0.410401	0.129938	0.412759	0.0469011	1.730861	0.01535676	0.1413017	0.4360467
8190	119.5334	-379.3837	498.9172	0.835567	0.0523759	0.0204666	0.0915905	7.54562	0.01597538	0.2279399	0.4720888
8196	121.6079	-380.633	502.2409	0.835567	0.0523759	0.0204666	0.0915905	1.27393	0.004650965	0.2642153	0.4720888
8202	117.1818	-385.2248	502.4067	0.795339	0.0979983	0.0194812	0.087181	1.102832	0.04122334	0.3627165	0.5512897
8208	115.2853	-387.1147	502.4001	0.793722	0.0987727	0.0196352	0.0878699	0.7600888	0.3103178	0.3627165	0.6334171
8214	123.7174	-378.7106	502.428	0.850476	0.0661988	0.0199503	0.0633749	0.6318761	0.3057328	0.2099128	0.5090134
8220	117.3684	-383.2892	500.6576	0.881547	0.0259705	0.00649762	0.0859852	3.071478	0.3057328	0.2616387	0.4321538
8226	114.6502	-387.9684	502.6187	0.860771	0.0195605	0.0500812	0.0695874	0.520677	0.1840706	0.1544372	0.3364081
8232	102.5676	-399.409	501.9765	0.437971	0.154441	0.289703	0.117884	0.5631936	0.3602837	0.08554826	0.2501277
8238	115.2531	-387.6184	502.8715	0.254847	0.563741	0.128943	0.0524686	0.5585719	0.10468	0.2048427	0.2517196
8244	119.9371	-382.7043	502.6415	0.203904	0.63898	0.0194704	0.137646	0.1173257	0.05063833	0.2273783	0.6846827
8250	127.9996	-374.3955	502.3951	0.287131	0.586856	0.0272004	0.0988122	0.2139197	0.2092864	0.09662695	0.3752091
8256	128.0137	-373.7394	501.7531	0.314759	0.485018	0.0357368	0.164487	0.8457116	0.08410429	0.06887655	0.3160337
8262	127.0513	-375.3944	502.4457	0.194955	0.685687	0.017478	0.10188	0.3421447	0.09754148	0.08717578	0.2977015
8268	122.4903	-379.8265	502.3168	0.330233	0.506418	0.0881051	0.0752439	0.6831103	0.02655257	0.1025993	0.3080154
8274	122.9434	-379.4709	502.4143	0.50747	0.199636	0.135392	0.157502	0.7908875	0.06640761	0.1492701	0.3582032
8280	128.9729	-373.6775	502.6504	0.446543	0.384143	0.0714224	0.0978911	0.8890962	0.0123191	0.2752329	0.448478
8286	126.7852	-375.6611	502.4464	0.320509	0.426037	0.106916	0.146538	0.3798489	0.3777286	0.1340529	0.3487767
8292	131.5442	-370.7586	502.3028	0.377157	0.347721	0.102684	0.172438	0.1828078	0.4532079	0.1524616	0.551535
8298	133.5197	-368.5946	502.1143	0.169417	0.684011	0.00527316	0.141298	0.378673	0.6434846	0.1505035	0.5177663
8304	125.1466	-377.1671	502.3137	0.053951	0.877742	0.00161463	0.0666926	0.378673	0.3863643	0.1276889	0.4554692
8310	120.3083	-381.9653	502.2735	0.721512	0.190765	0.00212486	0.0855982	0.3103092	0.3493139	0.1088581	0.4554692
8316	119.7066	-381.9026	501.6092	0.371802	0.48087	0.00581216	0.141516	0.9967252	0.5702989	0.1291833	0.3366671
8322	124.7286	-377.9419	502.6705	0.453003	0.418712	0.00506087	0.123224	0.1350192	0.2893742	0.3301821	0.6565094
8328	122.3299	-379.2984	501.6283	0.188742	0.618651	0.00476618	0.187841	1.013778	0.5628943	0.1816616	0.565752
8334	128.1917	-373.8969	502.0886	0.274161	0.552428	0.029157	0.144253	0.9243433	0.06380728	0.1091291	0.2727645
8340	120.8003	-381.511	502.3113	0.328988	0.603885	0.0101846	0.0569422	0.5308675	0.04958286	0.08799192	0.339295
8346	117.3413	-384.5696	501.9109	0.403872	0.383427	0.00545186	0.20725	0.4169753	0.7349082	0.1455545	0.5727869
8352	121.0114	-380.7299	501.7414	0.378463	0.198113	0.010853	0.412571	0.4459024	0.4284571	0.07850587	0.5403464
8358	117.0737	-385.022	502.0957	0.700476	0.130519	0.014032	0.154973	0.3693509	0.4284571	0.1135824	0.5502344
8364	120.281	-382.3437	502.6247	0.198605	0.645351	0.00716087	0.148883	0.7127455	0.02907174	0.1748693	0.3800769
8370	125.8753	-376.4334	502.3087	0.485934	0.26287	0.189452	0.0617438	0.071776	0.226247	0.1995198	0.4099532
8376	118.1831	-383.554	501.7371	0.0517174	0.590433	0.207056	0.150793	1.290338	0.04276278	0.1115496	0.3465689
8382	116.3303	-386.5553	502.8856	0.0344676	0.622108	0.166846	0.176579	0.2979239	0.1225171	0.1553841	0.2989606
8388	123.9307	-378.6682	502.599	0.119129	0.70683	0.0845547	0.0894872	0.2596045	0.4253827	0.1678834	0.373987
8394	123.6513	-378.0434	501.6946	0.0963247	0.592878	0.257305	0.0534925	1.065636	0.3773737	0.3773661	0.9557556
8400	115.9512	-385.7473	501.6985	0.310948	0.425179	0.190045	0.0738273	0.08723603	0.4420172	0.2945611	1.157183
8406	126.244	-376.5865	502.8305	0.254141	0.417856	0.282243	0.0457602	0.3126791	0.1281902	0.2778941	0.7097805
8412	113.8339	-385.9112	499.7451	0.471063	0.208643	0.163957	0.156337	2.17322	0.3326736	0.2514262	1.998448
8418	120.0558	-381.1408	501.1967	0.733583	0.140483	0.0247734	0.10116	1.190765	0.4714182	0.3440082	1.219767
8424	103.3195	-398.9854	502.3049	0.521284	0.0988354	0.172449	0.207432	0.7569828	0.1405984	0.1978934	0.6257623
8430	129.2745	-373.1973	502.4718	0.266759	0.501887	0.181764	0.0495891	0.715113	0.1873168	0.3300063	0.699229
8436	124.3333	-375.7616	500.0949	0.455238	0.330145	0.141282	0.0733342	1.312048	0.4134293	0.3917812	2.612664
8442	111.4923	-389.7745	501.2667	0.309685	0.61369	0.00199109	0.0746337	0.3770176	0.7878821	0.1110434	0.9780634
8448	123.3078	-376.3097	499.6176	0.521751	0.279014	0.00337314	0.195862	2.571734	0.8372014	0.09560216	0.5777725
8454	128.2416	-374.1088	502.3504	0.415175	0.15136	0.338683	0.0947817	0.3638497	0.3720514	0.1782131	0.6711259
8460	121.1652	-380.9871	502.1524	0.200873	0.299905	0.308887	0.190335	0.4054991	0.3521237	0.1008563	0.4462767
8466	121.4851	-380.9789	502.464	0.431641	0.318244	0.127541	0.122574	0.322043	0.2619011	0.1136645	0.36753
8472	123.7807	-378.6434	502.424	0.0673604	0.608656	0.0385322	0.285452	0.2258248	0.2965664	0.1285849	0.4978225
8478	127.9852	-374.2359	502.2211	0.138763	0.800182	0.0178671	0.043188	0.5403487	0.1309495	0.08546065	0.2903391
8484	135.4633	-365.6104	501.0737	0.128699	0.742147	0.0135792	0.115575	2.460847	0.1402425	0.1811446	0.3399637
8490	117.9092	-383.0059	500.915	0.240775	0.542184	0.0133292	0.203712	2.36001	0.3569294	0.1971563	0.4209782
8496	127.1857	-374.4233	501.609	0.505824	0.300317	0.00992948	0.183929	1.257557	0.4184401	0.1629679	0.4209782
8502	127.2464	-373.0502	500.2966	0.260315	0.575512	0.00840897	0.155764	3.558384	0.1870072	0.1612147	0.3319512
8508	113.2743	-388.2311	501.5054	0.299088	0.528659	0.0315328	0.14072	1.784111	0.1686921	0.174293	0.3533867
8514	118.4229	-382.7066	501.1296	0.353242	0.443317	0.0372423	0.166199	0.9927003	0.6579805	0.07961576	0.3533867
8520	99.98358	-400.0772	500.0607	0.512022	0.193091	0.0539825	0.240905	3.410137	0.1419097	0.1120444	0.4518812
8526	120.2178	-381.1808	501.3986	0.257839	0.642824	0.0317879	0.0675496	0.04534721	0.295011	0.1120444	0.3386545
8532	124.3249	-377.9246	502.2496	0.156131	0.728166	0.0359323	0.0797706	0.09477772	0.1638995	0.1120444	0.3361201
8538	126.1791	-376.5239	502.703	0.243935	0.630414	0.0502126	0.0754386	0.1132805	0.04414313	0.1507086	0.3361201
8544	129.667	-372.4631	502.1301	0.470828	0.400951	0.034241	0.0939797	0.1164689	0.5087842	0.151069	0.4850071
8550	133.108	-367.5766	500.6846	0.252122	0.430966	0.2727	0.0442116	2.235342	0.3301021	0.1131697	0.3689292
8556	126.1058	-376.4843	502.5901	0.354563	0.348533	0.22054	0.0763641	0.344566	0.01047352	0.09312841	0.2845244
8562	113.5857	-389.4053	502.991	0.365079	0.346167	0.228326	0.0604273	0.4373808	0.007711263	0.1807406	0.3185438
8568	119.2104	-383.4917	502.7021	0.503006	0.105955	0.223225	0.167814	0.3831321	0.01619166	0.1232861	0.4021048
8574	123.6856	-376.2705	499.9561	0.532239	0.322204	0.0830913	0.0624658	1.705483	1.024418	0.06820618	0.393568
8580	128.4427	-373.1002	501.5429	0.479117	0.210904	0.131562	0.178417	0.3893864	0.8635018	0.08261606	0.3874042
8586	124.1773	-377.5451	501.7225	0.312112	0.458672	0.11299	0.116226	0.4262565	0.7748998	0.09590054	0.3874042
8592	123.6019	-378.5533	502.1552	0.330102	0.406472	0.114545	0.148882	0.2350972	0.4683363	0.09590054	0.3514515
8598	106.7898	-394.4183	501.2081	0.431329	0.0404958	0.355126	0.173049	0.07805448	0.4752223	0.05444453	0.2292409
8604	113.9532	-388.3962	502.3494	0.434415	0.0459721	0.349369	0.170244	0.2506282	0.2978052	0.09390165	0.2679756
8610	121.3203	-380.7202	502.0405	0.248395	0.299834	0.331834	0.119936	0.2997038	0.2978052	0.06592727	0.2679756
8616	122.3412	-379.3077	501.6489	0.34998	0.482608	0.0705818	0.0968299	0.799426	0.2090244	0.06614507	0.3005893
8622	119.1155	-381.4657	500.5813	0.327377	0.49939	0.0730362	0.100197	0.5353259	0.9275908	0.03269062	0.2601223
8628	122.4312	-379.3365	501.7677	0.291577	0.291968	0.327215	0.0892401	0.7481241	0.3177625	0.07998724	0.2577805
8634	117.5822	-382.4658	500.048	0.388331	0.267807	0.243609	0.100253	0.8482746	1.184923	0.03706493	0.3835419
8640	113.5448	-388.179	501.7237	0.442442	0.11085	0.277555	0.169154	0.4917519	0.3781903	0.05988186	0.271306
8646	113.9284	-387.3191	501.2474	0.511907	0.238191	0.200132	0.0497693	0.3283214	0.6757601	0.0421426	0.271306
8652	131.0846	-369.5204	500.605	0.135214	0.323301	0.372499	0.168986	2.424479	0.1471841	0.09277949	0.3303265
8658	128.9116	-369.5064	498.418	0.130645	0.605107	0.195297	0.0689508	3.778012	0.9261523	0.04521268	0.3009723
8664	123.1828	-372.1604	495.3432	0.0771123	0.57148	0.238206	0.113201	23.97151	0.09851472	0.1535072	0.3727592
8670	112.0519	-388.402	500.4539	0.439489	0.409421	0.0389028	0.112187	2.973533	0.3591251	0.3152949	0.7137096
8676	116.9596	-382.5836	499.5431	0.507335	0.412032	0.0191221	0.0615114	4.195879	0.4240833	0.1263036	0.3561292
8682	127.1979	-374.3046	501.5025	0.236167	0.638818	0.0296471	0.095368	1.287654	0.4659112	0.2073329	0.6053671
8688	125.4842	-376.2214	501.7056	0.516759	0.262188	0.102679	0.118374	1.074026	0.5874735	0.2605432	0.6053671
8694	129.4197	-372.3701	501.7898	0.37645	0.195211	0.198963	0.229376	1.074026	0.2781477	0.2729564	0.8395677
8700	131.6349	-369.7698	501.4047	0.431525	0.143791	0.293683	0.131001	1.720145	0.2543389	0.2091163	0.5490799
8706	123.6317	-378.4526	502.0843	0.681665	0.124446	0.174083	0.0198063	0.6281726	0.04373592	0.1849251	1.022845
8712	117.5406	-384.455	501.9956	0.518049	0.381873	0.0472447	0.0528335	0.7710421	0.5301254	0.2085807	0.5648165
8718	114.4743	-387.4987	501.973	0.385082	0.433159	0.0870205	0.0947385	0.1809682	0.7901975	0.1229398	0.3746684
8724	121.7198	-381.0147	502.7345	0.432125	0.451356	0.0540702	0.0624493	0.54237	0.06739136	0.1711591	0.4009252
8730	120.8459	-381.0174	501.8633	0.103651	0.629986	0.137173	0.12919	0.7404657	0.6333269	0.1666954	0.4869095
8736	121.8751	-380.1452	502.0203	0.625958	0.170765	0.171318	0.0319589	1.276774	0.201764	0.202967	0.324038
8742	118.6691	-384.3754	503.0445	0.633372	0.188784	0.0698896	0.107954	0.3958154	0.01589593	0.202967	0.3859808
8748	110.5509	-392.5484	503.0993	0.599477	0.072121	0.268844	0.0595579	0.3958154	0.002077756	0.3079259	0.5602774
8754	120.6635	-381.6151	502.2785	0.372341	0.339662	0.12445	0.163547	0.3958154	0.03155061	0.3079259	1.350945
8760	121.706	-381.1092	502.8152	0.387199	0.434684	0.0622509	0.115866	0.3387424	0.1044214	0.1431019	0.3179479
8766	122.6645	-380.5545	503.219	0.310371	0.506	0.0299933	0.153636	0.3387424	0.06984055	0.2924679	0.3862896
8772	121.4598	-381.4355	502.8953	0.457036	0.291731	0.104268	0.146964	0.3464682	0.1618272	0.173147	0.2912722
8778	126.5749	-376.2009	502.7758	0.384516	0.247067	0.231146	0.137271	0.2356553	0.3138323	0.1740261	0.3066421
8784	126.8648	-375.884	502.7489	0.210289	0.516354	0.182999	0.0903585	0.4238599	0.1745594	0.2426844	0.6045153
8790	124.1972	-378.5979	502.7951	0.443404	0.0679377	0.409119	0.0795391	0.3213694	0.2747179	0.3106882	0.6438986
8796	120.4949	-382.1584	502.6533	0.730865	0.137021	0.0453145	0.0867999	0.5563187	0.4195886	0.3361096	0.466568
8802	122.73	-378.8708	501.6008	0.688557	0.181937	0.0280214	0.101485	0.7571046	0.6109199	0.2405426	0.9546423
8808	122.5413	-378.1835	500.7248	0.685428	0.183765	0.028303	0.102505	3.364006	0.09571325	0.3297451	0.505177
8814	113.829	-388.4286	502.2576	0.685428	0.183765	0.028303	0.102505	0.7089221	0.4105707	0.1789881	0.3859468
8820	120.2226	-382.6187	502.8412	0.603573	0.283462	0.00385893	0.109107	0.5502978	0.2219199	0.2714432	0.3902344
8826	123.8506	-377.7973	501.6479	0.300547	0.508106	0.00384719	0.1875	1.438265	0.3841338	0.2036483	0.3902344
8832	121.1546	-379.5451	500.6997	0.361651	0.525806	0.00213776	0.110405	3.225172	0.1643759	0.2657326	0.4508516
8838	128.1441	-374.5421	502.6862	0.233056	0.655322	0.00212027	0.109501	0.7879714	0.08159071	0.2536594	0.4056817
8844	126.9253	-374.6142	501.5395	0.229328	0.65872	0.00188275	0.110069	0.6734389	0.683645	0.1118977	0.542027
8850	131.9562	-369.552	501.5083	0.50577	0.452223	0.00164836	0.0403583	0.5441403	0.8187498	0.1011536	0.4947763
8856	124.9682	-378.0348	503.0031	0.700073	0.279364	0.00228161	0.0182817	0.4587036	0.03953162	0.2081999	0.3548939
8862	123.4855	-378.8254	502.3109	0.48821	0.360248	0.0308231	0.120719	0.1067964	0.3951226	0.1559548	0.3778594
8868	135.2848	-367.1433	502.4281	0.627198	0.226298	0.0395982	0.106906	0.6640239	0.1335998	0.1437658	0.392618
8874	123.7143	-377.453	501.1673	0.387667	0.444888	0.0805336	0.0869114	1.636351	0.5000299	0.1437658	0.346407
8880	122.6775	-379.8643	502.5419	0.370442	0.523903	0.0226054	0.0830498	0.7299339	0.06777615	0.2512813	0.6224324
8886	130.7444	-371.325	502.0694	0.0997316	0.543756	0.291349	0.0651636	1.31596	0.06296295	0.220857	0.453262
8892	128.5288	-374.0064	502.5352	0.305454	0.483	0.077223	0.134323	0.3975207	0.1358945	0.1078516	0.3024156
8898	120.9206	-381.0503	501.9709	0.509581	0.258522	0.178008	0.0538884	0.4560812	0.5113327	0.09192428	0.3195957
8904	120.0302	-381.4404	501.4706	0.399275	0.285102	0.162851	0.152771	1.210137	0.4275151	0.1232267	0.3899954
8910	121.7532	-380.4621	502.2153	0.118583	0.484067	0.287021	0.110329	0.4698243	0.3078988	0.09627658	0.2803753
8916	126.1262	-375.5777	501.7039	0.4381	0.129461	0.312367	0.120072	0.8758473	0.2578914	0.0899032	0.4111393
8922	119.8951	-382.1017	501.9968	0.349771	0.303741	0.27711	0.0693784	0.3349923	0.09780175	0.05120463	0.2287262
8928	132.161	-370.2184	502.3794	0.217924	0.607613	0.0955328	0.07893	0.2016956	0.4496934	0.1284528	0.3594203
8934	118.0969	-382.9729	501.0697	0.484061	0.207097	0.133521	0.175322	0.3457532	0.4098026	0.1090738	1.614072
8940	133.8409	-367.9212	501.7621	0.217414	0.1782	0.377274	0.227112	0.4233464	0.3936171	0.06620453	0.4261339
8946	131.2469	-370.0778	501.3247	0.630749	0.0486452	0.157591	0.163015	0.8394806	0.5141157	0.07191289	0.3789656
8952	116.0449	-384.2588	500.3038	0.609705	0.177549	0.110682	0.102064	2.708767	0.0176124	0.3439598	1.413035
8958	112.253	-389.5695	501.8225	0.703219	0.0199799	0.159083	0.117718	0.5369452	0.7600302	0.2691152	0.8723047
8964	112.5232	-387.5996	500.1228	0.217124	0.0673993	0.582069	0.133408	3.488929	0.1989971	0.196096	0.6754297
8970	121.3629	-378.348	499.7109	0.592688	0.133187	0.183	0.0911248	4.737728	0.02962382	0.1292681	0.3428708
8976	112.8038	-386.6578	499.4616	0.347873	0.106834	0.491808	0.0534849	4.737728	0.3116576	0.1292681	0.2713399
8982	127.8866	-374.5143	502.4009	0.129517	0.131483	0.628447	0.110553	0.5664627	0.01962168	0.1064795	0.4139819
8988	114.6595	-385.6376	500.2971	0.113791	0.353353	0.277915	0.254942	0.20621	0.7287032	0.01614644	0.2280728
8994	112.184	-388.9739	501.1579	0.389573	0.310027	0.243136	0.0572636	0.5783369	0.4640809	0.03880959	0.2327042
9000	117.9347	-382.2449	500.1796	0.513042	0.187864	0.171814	0.127279	1.366573	0.6569568	0.03880959	0.2651448
9006	128.1112	-374.1518	502.263	0.278415	0.643115	0.0396244	0.0388451	0.4451453	0.3753599	0.1204168	0.4117235
9012	121.1516	-380.0559	501.2075	0.331409	0.134858	0.356596	0.177137	0.1924243	0.714435	0.07208985	0.7952557
9018	115.3023	-386.2734	501.5758	0.561645	0.0909243	0.103153	0.244278	0.5056122	0.09316374	0.08712527	1.052052
9024	121.9687	-378.6147	500.5834	0.389411	0.228346	0.2506	0.131643	0.374125	0.8336142	0.08712527	1.451789
9030	120.1658	-380.7702	500.936	0.50122	0.287881	0.0361009	0.174799	0.0793607	0.8699823	0.1084747	0.7911893
9036	124.0053	-376.9333	500.9387	0.715534	0.0383729	0.0302496	0.215844	0.2782585	0.8699823	0.06308798	0.8145556
9042	125.5187	-375.9452	501.4639	0.78279	0.132982	0.00396869	0.0802594	0.2782585	0.5630767	0.1302381	1.187327
9048	113.9061	-388.2381	502.1442	0.265762	0.615818	0.00557973	0.11284	0.5117821	0.4342572	0.1135348	0.3477927
9054	123.282	-377.9384	501.2204	0.505838	0.454681	0.00171255	0.0377684	1.982296	0.05427631	0.122619	0.3498858
9060	115.7078	-386.4214	502.1292	0.219917	0.705264	0.00293223	0.0718869	0.7781447	0.2262685	0.122619	0.3514238
9066	124.2409	-377.3553	501.5962	0.302142	0.49593	0.0283298	0.173598	0.5544696	0.6728044	0.08189708	0.3514238
9072	126.2803	-374.8683	501.1486	0.319419	0.58308	0.045225	0.0522754	0.03945211	0.3871732	0.1165605	0.3514238
9078	114.5854	-385.0249	499.6103	0.61119	0.313851	0.024343	0.0506157	0.05538716	1.455507	0.04148692	0.3525008
9084	120.3149	-380.6656	500.9805	0.285161	0.439737	0.0539087	0.221193	0.1852437	1.063837	0.07778343	0.7329171
9090	131.8671	-369.8057	501.6728	0.576208	0.24217	0.0785628	0.103058	0.2642749	0.7319593	0.07251811	0.3310487
9096	132.2186	-370.7314	502.95	0.389776	0.401201	0.0520332	0.15699	0.2642749	0.02133727	0.1747823	0.4641587
9102	122.5111	-379.9331	502.4441	0.515379	0.221102	0.169543	0.0939762	0.497959	0.4904347	0.2606219	0.560436
9108	116.6173	-385.4178	502.0351	0.717976	0.114854	0.0554509	0.11172	0.7208489	0.2596825	0.1135732	0.4289073
9114	117.0657	-385.4043	502.47	0.667449	0.157829	0.05863	0.116091	0.5748128	0.2998792	0.1603628	0.3410321
9120	130.261	-371.923	502.184	0.425452	0.269407	0.252829	0.0523126	0.9359992	0.2077932	0.1603628	0.3410321
9126	124.7132	-378.0873	502.8004	0.583006	0.286205	0.0682505	0.062538	0.5109842	0.05058549	0.1641245	0.3410321
9132	117.3249	-384.848	502.1729	0.458115	0.185252	0.129278	0.227355	0.5059023	0.4756421	0.1290737	0.3916729
9138	117.3191	-384.4805	501.7997	0.288291	0.355266	0.281053	0.0753898	1.584998	0.0597459	0.2389842	0.5343911
9144	115.1086	-387.2035	502.3121	0.350133	0.464072	0.10562	0.0801756	0.882696	0.3021287	0.2389842	0.4336377
9150	116.2776	-386.2394	502.517	0.287769	0.18554	0.336556	0.190134	0.2333036	0.3021287	0.138639	0.455379
9156	110.7559	-388.7835	499.5394	0.667636	0.117545	0.121101	0.0937181	3.106707	0.7568482	0.2038368	0.9290311
9162	115.6239	-386.4262	502.0501	0.45878	0.407875	0.0999701	0.033375	0.6354841	0.4072522	0.2230519	0.8018958
9168	120.9773	-380.4206	501.3979	0.545931	0.099359	0.241338	0.113372	0.8650386	0.4862347	0.1290971	0.7759396
9174	119.0117	-382.4044	501.4161	0.269023	0.032141	0.126887	0.571949	0.2964402	0.4073707	0.08127019	1.006133
9180	115.3783	-384.6561	500.0344	0.384334	0.033522	0.308654	0.273489	1.189149	0.967807	0.08321717	0.9827884
9186	117.1182	-385.2733	502.3915	0.472555	0.0582914	0.362174	0.10698	0.4668381	0.04607767	0.1948765	0.9116417
9192	112.7598	-388.8975	501.6573	0.571935	0.0110562	0.303725	0.113284	1.334525	0.1947719	0.1948765	0.6399829
9198	118.7081	-383.877	502.5852	0.488254	0.0294308	0.438301	0.0440151	0.6317897	0.2255979	0.1948765	0.3762945
9204	113.597	-388.7822	502.3793	0.687034	0.0482825	0.130772	0.133911	0.5861808	0.3512205	0.1528225	0.3322219
9210	125.172	-377.0837	502.2557	0.709639	0.0528158	0.0910609	0.146484	0.5327249	0.01833755	0.07658911	0.268043
9216	112.8863	-389.3767	502.263	0.484079	0.0577287	0.298082	0.16011	0.3319169	0.1921067	0.07732322	0.281583
9222	115.3163	-385.2135	500.5298	0.385109	0.10263	0.134094	0.378166	1.041356	0.152104	0.1949935	2.285337
9228	110.3805	-386.561	496.9415	0.400703	0.0241364	0.544527	0.030633	12.67745	0.08939502	0.2166156	0.9516348
9234	114.2971	-386.4443	500.7414	0.338979	0.569366	0.0518775	0.0397772	0.7433194	0.9836267	0.05258881	0.2374532
9240	132.6215	-369.598	502.2195	0.464026	0.282041	0.151038	0.102894	0.7518789	0.3856683	0.1657101	0.3408893
9246	130.8751	-371.2177	502.0928	0.461363	0.359595	0.106493	0.0725484	0.08297957	0.02897605	0.08509817	0.2425277
9252	125.2929	-375.5276	500.8205	0.383973	0.435401	0.120247	0.0603789	2.503661	0.07427611	0.1227971	0.366658
9258	122.396	-378.7968	501.1928	0.461813	0.359599	0.0483453	0.130243	2.451519	0.009623837	0.173046	0.3203517
9264	122.6044	-379.914	502.5184	0.291072	0.425604	0.0914466	0.191878	0.3675893	0.3681501	0.1454883	0.3573679
9270	120.5927	-381.7906	502.3833	0.67085	0.189995	0.0263097	0.112845	0.3675893	0.01835415	0.1005272	0.5770146
9276	126.3354	-374.1536	500.4891	0.633161	0.162779	0.107379	0.096681	3.665128	0.00148204	0.2678818	0.5852257
9282	118.5475	-384.261	502.8084	0.507585	0.228024	0.113587	0.150804	0.6104344	0.2517244	0.3219839	0.4022246
9288	124.5295	-377.1525	501.682	0.311047	0.478051	0.0649754	0.145927	0.7613052	0.659341	0.1397293	0.4978358
9294	128.4759	-373.749	502.2249	0.501597	0.173449	0.0780373	0.246917	0.446873	0.17769	0.1568027	0.827138
9300	118.523	-383.2318	501.7548	0.154726	0.542373	0.263613	0.0392885	1.238017	0.4254713	0.2757599	0.5885724
9306	120.742	-381.0524	501.7944	0.226552	0.723212	0.00974884	0.0404872	0.1221621	0.4067658	0.07145886	0.3358848
9312	129.4436	-372.3986	501.8423	0.240317	0.538015	0.0298565	0.191811	0.2867444	0.09107706	0.0420172	0.2154497
9318	132.0471	-370.5648	502.6119	0.0671701	0.665179	0.141342	0.126308	0.5430319	0.1788046	0.1538011	0.3124021
9324	135.6812	-365.6469	501.3282	0.0202151	0.514084	0.402019	0.0636811	1.938336	0.05891917	0.132821	0.3178817
9330	132.82	-367.3955	500.2155	0.0351114	0.654263	0.26815	0.0424757	2.202953	0.6096553	0.08180817	0.2793353
9336	134.1766	-365.9768	500.1534	0.259053	0.3327	0.338912	0.0693343	2.123997	0.5561441	0.06656222	0.2405475
9342	133.8021	-367.9396	501.7417	0.192758	0.207308	0.544545	0.0553889	0.3190757	0.7180424	0.1286678	0.7325007
9348	134.1991	-366.2694	500.4686	0.590535	0.29109	0.0813138	0.0370616	2.856116	0.4503703	0.1859609	0.4144299
9354	122.6439	-379.0319	501.6758	0.048093	0.71869	0.119791	0.113426	0.406522	0.8139906	0.173725	0.8440284
9360	132.2772	-370.0739	502.351	0.0464699	0.694434	0.115748	0.143348	0.801157	0.008064292	0.1588871	0.5281228
9366	119.5745	-380.6054	500.1799	0.21647	0.615355	0.0293513	0.138824	2.411596	0.9748653	0.1654829	0.3858108
9372	106.6944	-393.3428	500.0372	0.280074	0.0200509	0.355008	0.344866	0.2673195	1.073718	0.03033683	0.846642
9378	98.31977	-401.1206	499.4404	0.331606	0.132623	0.157804	0.377967	0.1621149	1.073718	0.02747479	1.290335
9384	128.7474	-373.6708	502.4182	0.0779796	0.288436	0.517683	0.115902	0.1788169	0.3261883	0.138489	0.4903932
9390	120.3875	-380.3452	500.7327	0.110433	0.172173	0.430109	0.287286	0.4712569	0.9308964	0.03964761	0.4123909
9396	127.2778	-373.3343	500.612	0.40212	0.0690095	0.320062	0.208809	0.4919701	1.036831	0.03964761	0.4060149
9402	125.4909	-373.5491	499.04	0.645975	0.00892368	0.268935	0.0761662	2.609835	1.038065	0.05196	0.4023711
9408	125.3416	-374.933	500.2746	0.599398	0.00828025	0.268273	0.124048	0.5080704	1.134958	0.02976464	0.3498165
9414	104.9008	-397.8764	502.7772	0.110831	0.736906	0.0500733	0.10219	0.07578041	0.1192315	0.4744779	0.4136423
9420	113.8359	-387.1294	500.9654	0.313856	0.483113	0.0768078	0.126223	1.951548	0.2433466	0.1104415	0.3625798
9426	115.692	-385.0488	500.7408	0.422546	0.442603	0.0088821	0.125969	2.268444	0.208233	0.1239739	0.4940482
9432	125.0527	-377.3395	502.3922	0.122161	0.746442	0.00330543	0.128092	0.424155	0.1342093	0.09158555	0.2755472
9438	121.6088	-380.208	501.8168	0.0722567	0.714575	0.00216286	0.211006	1.146142	0.1593145	0.1166919	0.2995261
9444	124.1873	-378.1746	502.3618	0.0189542	0.747995	0.0121761	0.220874	0.2033686	0.09387961	0.0829082	0.3953097
9450	119.6926	-381.3299	501.0226	0.16404	0.619975	0.0329143	0.183071	0.04531915	0.6317252	0.133589	0.5321444
9456	116.5586	-384.0655	500.6241	0.140161	0.70621	0.0288128	0.124816	0.6992833	0.6706566	0.03298352	0.365739
9462	117.219	-385.3034	502.5223	0.571822	0.185364	0.0864414	0.156373	0.3336064	0.2594568	0.1211349	0.347978
9468	117.0663	-385.6225	502.6888	0.658192	0.146533	0.0543504	0.140925	0.5850989	0.01137703	0.1776607	0.4893256
9474	112.3508	-390.455	502.8058	0.297452	0.585834	0.0703196	0.0463948	0.6186509	0.1454848	0.3658997	0.1153677
9480	108.8601	-392.5476	501.4077	0.238632	0.289651	0.191409	0.280309	0.4282503	0.9111331	0.1558099	0.06872811
9486	102.7929	-397.3618	500.1547	0.077527	0.307266	0.0355484	0.579659	1.063257	1.06483	0.1567308	0.04536108
9492	110.9216	-391.6157	502.5373	0.0596109	0.294334	0.0715064	0.574549	0.1163074	0.2561907	0.3938735	0.0801903
9498	113.6078	-387.6795	501.2874	0.127538	0.469047	0.0631967	0.340219	1.239067	0.3200531	0.2065585	0.06370929
9504	107.0789	-394.736	501.815	0.601427	0.0897387	0.196119	0.112716	0.6552909	0.5141449	0.09628946	0.291171
9510	123.6321	-378.4671	502.0992	0.593067	0.114025	0.218835	0.0740729	0.6552909	0.2496483	0.09868051	0.291171
9516	112.3414	-388.3502	500.6916	0.309204	0.109238	0.501808	0.0797499	2.992866	0.08113764	0.1485367	0.2775652
9522	118.6706	-384.0572	502.7278	0.432057	0.190535	0.312402	0.0650066	0.5102211	0.1252472	0.1573093	0.2775652
9528	119.8574	-378.9339	498.7913	0.120907	0.468553	0.333991	0.0765489	6.381795	0.459323	0.1675035	0.3528542
9534	113.622	-388.1545	501.7766	0.334532	0.518635	0.0816079	0.0652253	1.492005	0.04218938	0.1501149	0.348382
9540	109.6813	-393.5695	503.2508	0.0936243	0.795157	0.0312181	0.0800008	0.1636922	0.001417614	0.3874507	0.1294552
9546	117.0549	-384.6888	501.7436	0.268162	0.461141	0.0954357	0.175262	0.8450823	0.3511426	0.09892966	0.3829123
9552	121.187	-380.8376	502.0246	0.0723408	0.283828	0.597962	0.0458692	0.9519222	0.2830563	0.1874539	0.5321616
9558	118.0101	-383.1357	501.1459	0.340074	0.417469	0.176409	0.0660476	2.154418	0.005106024	0.3229083	0.9146499
9564	123.3908	-379.2442	502.6349	0.377271	0.394015	0.0824626	0.146251	0.8322217	0.01694351	0.4379028	0.6531523
9570	125.1822	-377.0309	502.2131	0.308462	0.504538	0.0674226	0.119577	0.1098392	0.4797967	0.1417648	0.3241102
9576	117.531	-385.0195	502.5506	0.551252	0.292957	0.0659288	0.0898618	0.07563669	0.1245263	0.3249884	0.5578294
9582	116.0272	-385.6217	501.6489	0.618512	0.139164	0.114067	0.128258	0.8076958	0.7096185	0.1259313	0.3296977
9588	121.2665	-381.0729	502.3394	0.561031	0.306893	0.0772155	0.0548613	0.5280004	0.1488369	0.1021861	0.3341762
9594	119.1155	-383.7393	502.8548	0.419185	0.40606	0.102166	0.0725888	0.1133366	0.08447447	0.2020849	0.3341762
9600	122.7551	-379.6036	502.3587	0.505508	0.088805	0.31815	0.0875371	0.2689546	0.06833331	0.07240048	0.2752629
9606	128.3318	-374.0222	502.354	0.607516	0.0911102	0.209048	0.0923259	0.3206766	0.1528678	0.08143928	0.2752629
9612	120.4062	-382.0767	502.4829	0.643128	0.0964511	0.189978	0.0704424	0.5090863	0.2304708	0.1326675	0.3241601
9618	116.7517	-384.2217	500.9734	0.464821	0.201263	0.102008	0.231907	2.195341	0.2119303	0.1454107	0.4221944
9624	107.0425	-395.3544	502.3969	0.682348	0.043991	0.261137	0.0125247	1.11804	0.0224081	0.235305	0.3765875
9630	122.5669	-378.5437	501.1106	0.698681	0.0463863	0.108941	0.145991	2.210371	0.06865283	0.1387595	0.3765875
9636	122.1042	-378.7908	500.895	0.782348	0.0638077	0.0945288	0.0593153	2.063716	0.4752033	0.2045402	0.5589575
9642	116.4495	-384.2533	500.7028	0.193051	0.094788	0.517411	0.19475	0.7532513	1.063543	0.08529515	0.6887037
9648	115.9303	-384.731	500.6613	0.310618	0.0959077	0.523523	0.0699509	0.4037595	1.063543	0.04009198	0.4245641
9654	112.8226	-389.6149	502.4374	0.431777	0.107475	0.398126	0.0626224	0.317328	0.5016819	0.1826581	0.5068704
9660	108.6735	-394.0132	502.6868	0.370749	0.295481	0.296938	0.0368318	0.4514996	0.2515529	0.1697808	0.3302474
9666	109.8238	-391.6826	501.5064	0.603911	0.0703994	0.298855	0.0268347	1.70993	0.2287532	0.1880777	0.4128328
9672	111.0009	-391.202	502.2029	0.530664	0.0542309	0.394433	0.0206716	0.9826506	0.2607269	0.1987484	0.3679387
9678	120.4257	-381.8113	502.237	0.727248	0.132793	0.130842	0.00911686	0.9826506	0.2415011	0.218303	0.4166502
9684	121.1342	-380.4194	501.5536	0.611785	0.177508	0.0821535	0.128554	0.9192424	0.6050981	0.1212679	0.4053986
9690	111.684	-390.5631	502.2472	0.208703	0.676301	0.0156068	0.0993894	0.5546843	0.326207	0.1300227	0.4275259
9696	114.9167	-385.6604	500.577	0.135576	0.741104	0.014407	0.108913	0.6165542	1.120854	0.04882726	0.4206254
9702	125.4621	-376.287	501.7491	0.215312	0.697216	0.0228802	0.0645917	0.7579951	0.5137512	0.1012524	0.2851264
9708	114.3197	-383.5709	497.8906	0.189247	0.488523	0.0842864	0.237944	10.03071	0.207326	0.1997092	0.5011253
9714	123.414	-376.7755	500.1895	0.199066	0.529847	0.0659188	0.205168	3.472828	0.1682712	0.1431649	0.4445759
9720	110.4604	-392.3365	502.7969	0.731357	0.0330931	0.0930243	0.142525	0.4598869	0.178675	0.2135517	0.4509893
9726	116.303	-384.989	501.2919	0.555729	0.0300489	0.222959	0.191263	1.296967	0.4907212	0.126379	0.4509893
9732	116.9473	-384.4685	501.4158	0.43383	0.43505	0.0764814	0.0546387	0.3311506	1.151732	0.09170876	0.3425089
9738	121.4656	-380.8904	502.3559	0.465785	0.467682	0.00779537	0.0587371	0.4417418	0.1555009	0.09170876	0.2758638
9744	118.5603	-383.7029	502.2633	0.214957	0.604785	0.00949216	0.170766	0.3834717	0.3282383	0.1077224	0.4280652
9750	122.6233	-378.9959	501.6192	0.254468	0.511552	0.165971	0.0680094	0.04433034	0.04698986	0.1077224	0.2429645
9756	121.9594	-380.5579	502.5172	0.692428	0.191475	0.0844954	0.0316021	0.09733436	0.1538699	0.2610254	0.6618883
9762	130.6557	-370.6939	501.3496	0.575742	0.111737	0.058885	0.253636	0.04484048	0.4814129	0.2198418	0.6618883
9768	129.7216	-372.0384	501.76	0.335757	0.448177	0.0554911	0.160574	0.728972	0.1760732	0.1969757	1.150227
9774	114.0663	-388.2133	502.2796	0.12538	0.74802	0.0391963	0.087404	0.1557343	0.4589624	0.1189718	0.3047184
9780	122.2166	-379.6793	501.8959	0.0581461	0.646167	0.257551	0.0381355	0.3516843	0.6190307	0.15326	0.7802009
9786	135.4437	-366.6091	502.0527	0.179137	0.366494	0.40973	0.0446385	0.3615856	0.5958337	0.1196423	0.4716227
9792	136.2203	-364.8102	501.0305	0.188828	0.177469	0.546682	0.0870217	0.3202279	1.038165	0.05097439	0.3413701
9798	132.8302	-368.4567	501.2869	0.404006	0.130788	0.402882	0.0623247	0.906288	0.5242346	0.07312509	0.3413701
9804	127.9925	-373.9768	501.9694	0.34302	0.41316	0.112957	0.130863	0.429189	0.4649807	0.1054294	0.5323526
9810	123.739	-376.6118	500.3508	0.131581	0.42279	0.147801	0.297828	0.6819379	0.4800789	0.1606362	2.425936
9816	121.3873	-380.7035	502.0908	0.0348242	0.624772	0.077723	0.262681	0.1640711	0.07261108	0.09490716	0.7456128
9822	119.9489	-381.9011	501.85	0.0438224	0.786207	0.092156	0.0778141	0.3384287	0.7035391	0.09717433	0.4151208
9828	120.11	-380.2944	500.4045	0.0308818	0.554043	0.31849	0.0965852	2.747297	0.2859138	0.1091819	0.2911406
9834	122.996	-377.46	500.456	0.0425325	0.75688	0.155322	0.0452648	2.606628	0.2559656	0.1037167	0.3445118
9840	128.5358	-373.7286	502.2644	0.044168	0.88451	0.0331171	0.0382048	0.176867	0.2729933	0.09045288	0.3445118
9846	127.5509	-375.1451	502.696	0.121451	0.797239	0.0298496	0.0514605	0.2871243	0.3612573	0.1724504	0.3445118
9852	128.6489	-373.2062	501.8551	0.2974	0.106594	0.418852	0.177154	0.4549093	0.3395025	0.0998045	0.6966943
9858	128.9547	-372.7581	501.7128	0.510674	0.0473935	0.363167	0.0787657	0.2133546	0.6745811	0.08763895	0.523834
9864	125.8934	-373.8859	499.7793	0.532341	0.00697683	0.378575	0.0821075	2.890203	0.6392383	0.08763895	0.3065084
9870	127.5504	-373.7973	501.3477	0.334696	0.021546	0.558425	0.0853335	0.3680329	0.4764005	0.0415724	0.3803038
9876	131.3624	-369.9291	501.2915	0.127975	0.51631	0.209703	0.146011	0.08987957	0.2605277	0.0415724	0.2747229
9882	131.4452	-371.0424	502.4876	0.236841	0.489869	0.161112	0.112178	0.5955074	0.07359744	0.119513	0.2926152
9888	129.566	-373.0696	502.6356	0.240833	0.575829	0.0760288	0.107309	0.3803322	0.2655589	0.1478167	0.3377172
9894	119.4033	-382.723	502.1263	0.284403	0.335255	0.0874865	0.292855	0.6058396	0.2422272	0.09760379	0.3377172
9900	122.9336	-377.8788	500.8124	0.577986	0.0334447	0.147004	0.241565	0.7092516	0.6104192	0.03794785	0.3541305
9906	119.6848	-378.8183	498.5031	0.599753	0.0205192	0.129065	0.250662	5.36686	0.564037	0.07756123	0.3352892
9912	117.0868	-383.9297	501.0165	0.552407	0.0286885	0.118877	0.300028	1.029549	0.326295	0.04828892	0.3029612
9918	113.2419	-387.9371	501.1791	0.604966	0.19019	0.0252472	0.179597	0.6625133	0.8886876	0.07920875	0.4257718
9924	123.9786	-377.758	501.7367	0.522947	0.161634	0.206538	0.108881	0.06238447	0.3944129	0.1427026	0.462355
9930	123.4573	-378.1256	501.5828	0.531493	0.308716	0.00554592	0.154245	0.4321876	0.8616991	0.08619736	0.331793
9936	125.7479	-375.7364	501.4843	0.29375	0.468781	0.00324994	0.234219	0.7996747	0.1726301	0.05208729	0.267497
9942	124.3865	-376.5917	500.9782	0.158727	0.447898	0.11286	0.280514	1.3346	0.4801788	0.1340189	0.7731916
9948	133.7409	-368.055	501.7959	0.0822962	0.58242	0.122802	0.212482	0.2406462	0.5246913	0.07298776	0.4442651
9954	126.0381	-375.8259	501.8639	0.338615	0.419748	0.0885027	0.153135	0.2508145	0.570505	0.07298776	0.2797653
9960	110.0874	-391.242	501.3294	0.175211	0.377759	0.309213	0.137816	1.612562	0.2687337	0.1235219	0.3079342
9966	119.405	-381.7467	501.1518	0.219639	0.362363	0.171078	0.24692	1.099961	0.2095851	0.05519135	0.3573069
9972	117.5685	-384.6999	502.2684	0.464029	0.24888	0.117501	0.169591	0.2087271	0.2723633	0.09264633	0.4075039
9978	115.9691	-386.5119	502.4811	0.423071	0.325634	0.0966725	0.154622	0.330577	0.1986085	0.1094211	0.3827408
9984	116.7304	-384.6442	501.3746	0.144019	0.636445	0.156983	0.062553	1.452867	0.09291331	0.09368249	0.3842404
9990	125.9966	-374.8933	500.89	0.287546	0.625891	0.0619666	0.0245967	2.262088	0.3835383	0.1627034	0.3498878
9996	126.8911	-375.9584	502.8496	0.515018	0.276351	0.10673	0.101901	0.7088365	0.04272887	0.251298	0.346404
10002	111.9177	-390.5113	502.429	0.235322	0.452684	0.200321	0.111674	0.5287794	0.01392106	0.247006	0.9766538
10008	109.9292	-392.5223	502.4514	0.190114	0.476117	0.243549	0.0902202	0.6874102	0.1238773	0.1517872	0.392385
10014	126.0459	-376.214	502.2599	0.149105	0.580199	0.212345	0.0583506	0.5199154	0.4417964	0.1518615	0.4480846
10020	122.7861	-378.7775	501.5636	0.0404419	0.45634	0.450535	0.0526834	0.3906392	0.558349	0.05509867	0.2651621
10026	118.7364	-381.4541	500.1905	0.223691	0.495137	0.0605229	0.22065	2.209936	0.3354309	0.05799332	0.2699591
10032	107.7166	-393.0335	500.7501	0.165401	0.476152	0.163993	0.194454	2.153232	0.1767155	0.09869132	0.4161274
10038	109.6319	-392.4287	502.0606	0.305217	0.512202	0.0838022	0.0987785	0.6836296	0.4390859	0.1355862	0.3914051
10044	113.9034	-385.8457	499.7491	0.401615	0.523099	0.0210982	0.0541877	3.114713	0.6393813	0.101897	0.3387396
10050	113.897	-386.2561	500.1531	0.189669	0.709844	0.017302	0.0831846	2.503408	0.8097382	0.1310665	0.3387396
10056	115.1364	-387.1528	502.2892	0.181792	0.680363	0.0581157	0.0797298	0.7329231	0.1711645	0.1276843	0.3054488
10062	113.7224	-388.7617	502.4841	0.480229	0.411034	0.0355649	0.0731722	0.7487462	0.2661504	0.1996452	0.2973979
10068	119.6381	-381.7108	501.349	0.144446	0.484979	0.250215	0.12036	0.2913048	0.7818954	0.05231109	0.2922199
10074	116.191	-385.8905	502.0815	0.151021	0.675872	0.0799862	0.0931204	0.08057174	0.448318	0.1549939	0.3326912
10080	116.5371	-379.9169	496.454	0.0781615	0.537845	0.301632	0.0823618	16.42061	0.2085676	0.1494876	0.3062123
10086	120.2368	-382.2431	502.4798	0.337843	0.484319	0.0983043	0.0795332	0.6289108	0.1093019	0.1376274	0.3649159
10092	132.7673	-369.7708	502.5381	0.117307	0.616187	0.20902	0.0574864	0.1110367	0.1418517	0.1376274	0.3206576
10098	125.0517	-377.1743	502.2261	0.122981	0.500278	0.275267	0.101475	0.1604141	0.02572546	0.06519515	0.3106073
10104	129.6638	-372.0232	501.6871	0.130406	0.567092	0.230139	0.0723626	0.4254586	0.2181351	0.04479507	0.2363217
10110	122.9279	-379.2904	502.2183	0.163104	0.384169	0.287845	0.164882	0.1952966	0.04976034	0.06313739	0.3217512
10116	126.2334	-375.8542	502.0876	0.0179727	0.078804	0.794666	0.108557	0.1566832	0.1343464	0.06279187	0.2840734
10122	120.377	-379.7422	500.1192	0.00400392	0.0762209	0.840542	0.0792337	2.464368	0.5183165	0.0810427	0.2748325
10128	128.1125	-374.44	502.5525	0.0184115	0.734577	0.133725	0.113286	0.525532	0.3721086	0.2219969	0.459513
10134	127.04	-375.543	502.583	0.0266001	0.661566	0.248342	0.0634913	0.1083253	0.07177243	0.1369889	0.3325518
10140	129.741	-372.7534	502.4944	0.0840202	0.657939	0.0711813	0.18686	0.1065579	0.03112791	0.1306968	0.4395834
10146	132.0278	-369.6991	501.727	0.0415978	0.325741	0.540148	0.0925129	0.7966525	0.2163741	0.07194417	0.2363359
10152	133.8519	-368.5069	502.3588	0.0534553	0.265996	0.581033	0.0995153	0.2078455	0.1491931	0.08327743	0.3331578
10158	126.5264	-375.274	501.8004	0.11717	0.583042	0.17268	0.127109	0.8843689	0.2294339	0.08878826	0.2600273
10164	134.9876	-366.6539	501.6415	0.297512	0.318459	0.277842	0.106187	0.8843689	0.4997819	0.1073868	0.3534529
10170	131.4291	-367.4929	498.922	0.0404002	0.706796	0.182901	0.0699024	5.808386	0.4168137	0.1322136	0.2819431
10176	120.7465	-381.8082	502.5548	0.0050913	0.426056	0.476485	0.0923682	0.3523538	0.2069191	0.1144854	0.2747907
10182	115.073	-386.1119	501.1849	0.616865	0.0745369	0.289225	0.0193732	1.985546	0.4013527	0.190775	0.337198
10188	126.7566	-373.9564	500.713	0.694642	0.22282	0.062334	0.0202048	2.054731	0.5386999	0.1285332	0.3556666
10194	123.6403	-377.0167	500.6571	0.569237	0.210805	0.0510807	0.168878	2.220741	0.4006183	0.1338057	0.4753719
10200	99.52075	-392.6842	492.205	0.251764	0.144189	0.27559	0.328457	36.65714	0.9104816	0.05752965	0.4526723
10206	99.52939	-397.1729	496.7022	0.497587	0.141276	0.209112	0.152024	11.01349	0.7803105	0.1083112	0.4316764
10212	115.1899	-384.9185	500.1084	0.38957	0.310579	0.163718	0.136133	4.291613	0.02679407	0.2189359	0.5233551
10218	116.5552	-383.3029	499.8581	0.0865783	0.523236	0.235509	0.154676	4.418854	0.008271844	0.1206056	0.2770847
10224	118.4504	-384.0375	502.488	0.428092	0.259423	0.256876	0.0556088	0.8704585	0.2882889	0.2782484	0.338028
10230	129.8043	-370.7035	500.5078	0.60699	0.25037	0.0219075	0.120733	0.09071142	1.185323	0.06317475	0.5713259
10236	128.2564	-372.501	500.7574	0.534626	0.220522	0.0192957	0.225557	0.09071142	0.6714156	0.04393833	0.5124869
10242	126.3953	-373.7686	500.1638	0.379738	0.391291	0.0329429	0.196028	0.7417872	0.6687648	0.0207893	0.3366546
10248	127.6104	-373.2009	500.8113	0.686912	0.108565	0.022545	0.181977	0.214436	0.6875383	0.02707915	0.3366546
10254	109.9055	-390.8996	500.8051	0.251948	0.617634	0.0877744	0.042644	1.960081	0.4757256	0.1150881	0.2696129
10260	123.25	-379.2564	502.5064	0.422971	0.373848	0.152391	0.0507894	0.5693448	0.2291249	0.1504075	0.3345372
10266	130.0801	-371.6002	501.6803	0.345817	0.129869	0.481728	0.0425868	1.074737	0.2356699	0.09770743	0.240484
10272	121.8975	-380.0951	501.9926	0.236156	0.162615	0.513268	0.0879611	0.5110752	0.4867448	0.09724529	0.3094249
10278	108.438	-392.8337	501.2717	0.103248	0.117105	0.543375	0.236272	1.294195	0.1868203	0.08748322	0.4890454
10284	121.1681	-380.3967	501.5648	0.342411	0.289471	0.231437	0.136681	0.6929853	0.7439923	0.107106	0.3940246
10290	118.3249	-381.9494	500.2743	0.300924	0.194852	0.362452	0.141772	3.159609	0.2634882	0.136022	0.3990613
10296	121.2909	-380.9425	502.2334	0.251857	0.443801	0.164146	0.140196	0.9332981	0.1735316	0.1776237	0.4128096
10302	120.2761	-381.8548	502.1309	0.439425	0.188496	0.277878	0.094202	1.374364	0.2110621	0.3377357	0.3705247
10308	120.8988	-375.5482	496.447	0.567269	0.169995	0.15974	0.102996	15.88384	0.1252732	0.117733	0.3342244
10314	128.553	-369.462	498.015	0.614104	0.161634	0.126682	0.0975794	8.777014	0.4161594	0.1660534	0.3925267
10320	113.5354	-385.8652	499.4006	0.456372	0.228342	0.273212	0.0420747	4.667135	0.4377513	0.1452412	0.3691925
10326	117.5245	-385.0184	502.5429	0.23956	0.617054	0.0912445	0.0521417	0.9537593	0.148631	0.2930235	0.3691925
10332	122.0824	-380.4342	502.5167	0.0827397	0.7366	0.102285	0.0783749	0.4788034	0.03286615	0.1000318	0.2521661
10338	122.4444	-379.1964	501.6408	0.430598	0.293384	0.207836	0.0681822	1.2106	0.2235752	0.1080632	0.2336505
10344	119.4142	-383.1475	502.5617	0.383799	0.231195	0.297906	0.0870999	0.7396037	0.146845	0.2067235	0.4050165
10350	104.8683	-395.6276	500.4958	0.473164	0.32585	0.183091	0.0178952	1.347689	0.9882476	0.1183882	0.6500363
10356	122.4204	-380.1485	502.5689	0.877779	0.0130004	0.0684285	0.0407917	0.4507873	0.4170184	0.2318035	0.4962608
10362	106.8624	-394.7514	501.6139	0.48191	0.182836	0.287001	0.0482523	1.392674	0.3496853	0.1802744	0.4293175
10368	114.4529	-387.1334	501.5863	0.272621	0.604305	0.041611	0.0814626	1.139761	0.6451679	0.2029439	0.4711699
10374	105.3454	-396.1265	501.4718	0.218393	0.463817	0.142166	0.175624	1.139761	0.6451679	0.3056569	0.7773873
10380	107.4872	-388.5142	496.0014	0.42987	0.133179	0.208386	0.228564	14.53204	0.6268728	0.1054929	0.4810089
10386	111.0146	-387.8347	498.8492	0.584097	0.0712164	0.164384	0.180302	2.885242	0.591017	0.0287925	0.2539379
10392	116.3344	-385.1617	501.496	0.465076	0.103449	0.268213	0.163261	0.6993637	0.5130679	0.06881459	0.2482669
10398	134.836	-366.7162	501.5522	0.51683	0.0990554	0.256821	0.127293	0.2856504	0.2973381	0.03798505	0.2482669
10404	120.9253	-380.5129	501.4383	0.422537	0.0739867	0.294994	0.208482	0.2856504	0.7507854	0.06408351	0.4592473
10410	116.8066	-384.4715	501.2781	0.215263	0.28369	0.227908	0.273139	1.059752	0.4230718	0.07488549	0.296666
10416	122.2331	-379.1742	501.4073	0.166391	0.32808	0.237647	0.267883	1.062923	0.093131	0.06275596	0.3715219
10422	123.5442	-378.2298	501.774	0.0885491	0.472032	0.27452	0.164899	0.3329108	0.5842097	0.1413228	0.8875798
10428	118.9848	-380.1276	499.1124	0.725954	0.0544734	0.106241	0.113332	3.737716	0.9267509	0.1482273	0.6429057
10434	115.0868	-382.4906	497.5774	0.636468	0.0477587	0.25653	0.0592432	6.251089	0.9523411	0.1018164	0.7612948
10440	120.4871	-378.1331	498.6202	0.807255	0.0223905	0.111788	0.0585664	4.094542	0.9523411	0.09250793	0.5717699
10446	119.4048	-381.3627	500.7675	0.691686	0.129522	0.0407058	0.138086	0.5579043	1.221789	0.06327271	0.4208
10452	118.0125	-382.7794	500.7919	0.696612	0.161486	0.0567314	0.0851703	1.393378	0.7429452	0.09119081	0.3325596
10458	115.6741	-386.1799	501.8539	0.680958	0.180329	0.0554565	0.0832563	0.408036	0.7285294	0.09951754	0.3325596
10464	111.1555	-389.63	500.7855	0.65441	0.258752	0.015831	0.0710071	2.462348	0.1721474	0.1257964	0.3421192
10470	123.3922	-378.6373	502.0295	0.720706	0.0834584	0.0805522	0.115284	0.3999752	0.04935268	0.05299079	0.2354204
10476	127.6243	-374.1733	501.7977	0.703521	0.155643	0.0407159	0.10012	0.2598423	0.2848161	0.04907627	0.2198467
10482	116.843	-385.724	502.567	0.81168	0.115505	0.0157421	0.0570737	0.3553034	0.2117056	0.1178475	0.2859029
10488	113.8569	-388.3911	502.2479	0.702595	0.0980435	0.0851506	0.114211	0.3095229	0.6568694	0.1449548	0.3782827
10494	105.4893	-393.7546	499.2439	0.784624	0.059693	0.028137	0.127546	3.760573	0.7475692	0.103324	0.4067729
10500	113.09	-388.9494	502.0394	0.320104	0.322396	0.209335	0.148166	0.9405437	0.4019586	0.2534524	0.5782014
10506	82.03709	-418.2826	500.3197	0.356114	0.232192	0.232884	0.17881	3.120949	0.3876897	0.2355038	0.6059565
10512	106.1228	-394.8653	500.988	0.649093	0.22265	0.116976	0.0112806	1.926375	0.04836971	0.6007962	1.273489
10518	127.0902	-370.1946	497.2848	0.864024	0.0395979	0.0891701	0.00720775	13.81493	0.03318462	0.4164002	0.6829907
10524	115.2116	-386.3157	501.5273	0.688693	0.0191119	0.28645	0.00574513	2.191893	0.08159906	0.4305539	0.5202421
10530	112.3621	-390.6228	502.9849	0.831689	0.0230801	0.0365356	0.108696	0.408279	0.2262418	0.2919489	0.4149721
10536	119.7567	-382.3892	502.1459	0.509281	0.231374	0.065243	0.194102	0.9347841	0.3008383	0.1901899	0.4149721
10542	116.0415	-384.5939	500.6354	0.629674	0.229093	0.0355298	0.105703	3.076608	0.2319491	0.2186133	0.4314389
10548	108.3625	-392.7109	501.0734	0.554794	0.261591	0.154646	0.0289684	1.465336	0.1421565	0.4436288	1.507249
10554	119.8058	-382.6488	502.4546	0.574378	0.227181	0.071392	0.127049	0.6064803	0.1559728	0.1418965	0.3956281
10560	105.0726	-388.9593	494.032	0.532634	0.0214649	0.240884	0.205017	19.47734	0.8044084	0.1885069	1.881212
10566	114.6532	-387.3608	502.0141	0.701106	0.0326892	0.11073	0.155475	0.3218353	0.4106431	0.2302474	1.138759
10572	124.6239	-378.5405	503.1645	0.586889	0.029685	0.300123	0.0833029	0.2639371	0.01028352	0.2386361	0.4432515
10578	113.0643	-389.6556	502.7199	0.46806	0.0993483	0.331669	0.100923	0.3849533	0.09589329	0.1297871	0.3166043
10584	112.4645	-389.1384	501.6029	0.407731	0.0865433	0.41781	0.0879152	1.309163	0.4142693	0.1888956	0.4834443
10590	114.5881	-387.1881	501.7762	0.533405	0.259024	0.0645946	0.142976	1.053004	0.2921241	0.2632273	0.8429181
10596	115.6107	-382.5395	498.1502	0.695282	0.172632	0.0221587	0.109927	5.733173	0.4687292	0.2255878	1.438693
10602	120.6014	-381.0814	501.6827	0.369047	0.158453	0.158624	0.313876	0.8356127	0.3465933	0.1692313	0.8484179
10608	114.3917	-388.3141	502.7058	0.659606	0.200349	0.0453278	0.0947171	0.8333768	0.1094614	0.3447773	0.4390591
10614	113.872	-388.4778	502.3498	0.573957	0.217905	0.099281	0.108858	0.8333768	0.1319631	0.2578197	0.6525117
10620	110.4758	-391.4545	501.9303	0.665542	0.115133	0.106709	0.112616	1.172174	0.2708836	0.2930786	0.6525117
10626	116.209	-384.8564	501.0654	0.592352	0.190281	0.117135	0.100232	1.34704	0.6274713	0.1688944	0.6935436
10632	122.4924	-379.6111	502.1035	0.653718	0.141007	0.125355	0.079919	0.9475261	0.332205	0.1974503	0.4383986
10638	120.1039	-382.6524	502.7563	0.251059	0.40996	0.236853	0.102128	0.3609061	0.09536999	0.1512573	0.4383986
10644	121.966	-378.9761	500.942	0.0874393	0.780964	0.0746733	0.0569236	0.8464759	0.98656	0.1115585	0.6471871
10650	113.8259	-387.608	501.4339	0.364965	0.336031	0.240469	0.0585339	1.042762	0.3194551	0.07869991	0.3113926
10656	113.3826	-389.1818	502.5644	0.441228	0.209465	0.300383	0.0489236	0.5394868	0.09666858	0.1277043	0.3113926
10662	103.6917	-398.1425	501.8342	0.257508	0.46284	0.238791	0.0408616	0.6794363	0.4050964	0.09723305	0.4022209
10668	124.3688	-377.5209	501.8897	0.617573	0.10901	0.247005	0.0264118	1.458318	0.06345793	0.1848903	0.3929813
10674	106.3028	-395.0301	501.3329	0.435281	0.434086	0.103563	0.0270699	1.25091	0.7639274	0.19329	0.4713253
10680	110.2694	-389.4217	499.6911	0.373766	0.430491	0.152969	0.0427732	3.208509	0.6168949	0.09653996	0.3078916
10686	118.698	-383.2543	501.9523	0.244998	0.25091	0.452658	0.0514334	0.5937967	0.2773921	0.07858877	0.2804361
10692	106.4636	-391.5859	498.0495	0.228875	0.282204	0.310811	0.17811	6.107975	0.4579402	0.06047843	0.4049501
10698	118.8676	-382.0133	500.8809	0.226623	0.358617	0.334096	0.0806646	1.471229	0.49941	0.08655792	0.3921589
10704	129.061	-370.4763	499.5373	0.236359	0.379781	0.155346	0.228514	2.300741	0.8459467	0.05626958	0.3696905
10710	131.4881	-368.7288	500.2169	0.154667	0.276706	0.427739	0.140889	1.01022	1.00287	0.04410319	0.3934118
10716	121.8432	-378.1174	499.9606	0.0307288	0.0777042	0.52829	0.363277	1.507049	0.515844	0.03402585	0.4426013
10722	125.8244	-371.7651	497.5896	0.122569	0.0664336	0.480549	0.330448	6.712879	0.5578863	0.05195575	0.40916
10728	119.9108	-379.1343	499.0451	0.113314	0.377945	0.238513	0.270228	2.453501	0.7669433	0.05195575	0.7659395
10734	119.8668	-380.5243	500.3911	0.220947	0.328977	0.209998	0.240078	0.1089691	1.103817	0.03890488	0.4569496
10740	115.5203	-384.845	500.3653	0.448628	0.289237	0.143049	0.119085	0.7955425	1.035295	0.04026101	0.3324146
10746	124.5504	-376.4091	500.9595	0.11474	0.352523	0.245079	0.287659	0.3732294	0.5039086	0.02782305	0.1770721
10752	127.2829	-374.0833	501.3662	0.133497	0.37819	0.285143	0.20317	0.5379077	0.568404	0.05215816	0.2445374
10758	128.6464	-373.4937	502.1401	0.07653	0.216805	0.626096	0.0805688	0.1573212	0.1044071	0.06395947	0.2445374
10764	112.2081	-388.5379	500.746	0.0660523	0.680468	0.144155	0.109324	0.7249141	0.829993	0.04359372	0.2481788
10770	112.0347	-389.1499	501.1846	0.428564	0.0629701	0.303456	0.205011	1.210483	0.3106162	0.0742521	0.382454
10776	110.9743	-390.1701	501.1444	0.725159	0.118218	0.107268	0.0493546	0.4751463	0.6864968	0.0437625	0.2917211
10782	106.7038	-394.441	501.1448	0.312296	0.129873	0.435278	0.122553	0.3548474	0.8839968	0.04854735	0.2917211
10788	111.9437	-390.6375	502.5811	0.3524	0.282257	0.210422	0.154921	0.5133955	0.3957055	0.2102453	0.3788408
10794	120.3512	-382.2629	502.614	0.373188	0.32739	0.184466	0.114956	0.2966642	0.2446725	0.1245888	0.2682691
10800	123.9376	-378.8865	502.8242	0.371176	0.479432	0.092036	0.0573554	0.3215496	0.2109177	0.1734377	0.3594951
10806	128.264	-374.5712	502.8352	0.697396	0.0946102	0.0681483	0.139846	0.4476197	0.07090207	0.1833862	0.4392219
10812	122.602	-379.7455	502.3475	0.649354	0.0836966	0.0602871	0.206663	0.4476197	0.1154688	0.2357159	1.012072
10818	108.8129	-391.2826	500.0955	0.301405	0.168985	0.509099	0.0205116	0.9018563	0.5301353	0.3464092	3.011364
10824	107.351	-387.4063	494.7573	0.429595	0.337119	0.174601	0.0586862	14.61966	0.1783123	0.2727714	3.375186
10830	124.1034	-375.6062	499.7097	0.30542	0.4478	0.127211	0.119569	4.041254	0.4411131	0.2294667	0.6504951
10836	118.2757	-383.4227	501.6984	0.322452	0.472773	0.166	0.0387749	0.4658903	0.006088008	0.1898623	1.695039
10842	118.6265	-381.0167	499.6432	0.225227	0.404886	0.190276	0.179611	1.758535	0.01206204	0.2300582	3.035488
10848	119.6401	-381.2148	500.8549	0.861167	0.0443343	0.0831832	0.0113155	1.214013	0.2692391	0.2765202	1.723337
10854	109.9147	-390.9068	500.8215	0.6358	0.140206	0.213762	0.0102315	1.482687	0.6974605	0.2432763	0.9529658
10860	110.1028	-391.3121	501.4149	0.327903	0.627891	0.0353113	0.0088953	0.1356789	0.8327895	0.2069401	1.139639
10866	113.7238	-385.6852	499.4091	0.338626	0.306809	0.344908	0.0096563	1.899283	0.01100171	0.4047212	3.640895
10872	102.0153	-400.337	502.3523	0.337828	0.494065	0.0382003	0.129907	0.5795355	0.243463	0.2305175	0.7433479
10878	116.0544	-386.39	502.4444	0.398915	0.452216	0.0338289	0.115041	0.8324235	0.01391179	0.1748768	0.4593322
10884	112.9478	-390.2734	503.2213	0.390656	0.442854	0.0538302	0.112659	0.2304916	0.01104921	0.231845	0.3528533
10890	118.3257	-383.3697	501.6954	0.535675	0.0784388	0.286855	0.0990321	1.291445	0.06361854	0.123459	0.4627201
10896	115.9209	-383.9007	499.8216	0.714821	0.0992352	0.109726	0.0762182	3.010436	0.5403782	0.09749826	0.4081656
10902	123.9016	-377.1636	501.0652	0.620875	0.136148	0.0452744	0.197702	0.6866185	0.852814	0.06412825	0.3557748
10908	110.7908	-389.7324	500.5231	0.495861	0.301399	0.049246	0.153494	1.597746	0.7607128	0.08487514	0.3557748
10914	119.9443	-380.9237	500.868	0.693664	0.0701913	0.160796	0.075349	0.645586	1.220444	0.08195618	0.453863
10920	118.6146	-382.933	501.5477	0.32404	0.295079	0.232024	0.148858	1.459912	0.1977238	0.1256793	0.2991074
10926	116.4264	-383.1937	499.6201	0.509235	0.191793	0.202218	0.0967535	1.804038	0.934985	0.05045632	0.4818415
10932	107.3719	-392.4321	499.804	0.463569	0.233135	0.0872688	0.216027	1.804038	0.7559785	0.06257631	0.6619742
10938	109.6012	-390.6757	500.277	0.537457	0.334944	0.0237218	0.103877	2.024016	0.5178397	0.08105531	0.4860045
10944	112.2376	-387.4049	499.6425	0.256648	0.610191	0.0051663	0.127995	3.384123	0.6773997	0.1402017	0.5183416
10950	108.5725	-391.8746	500.4471	0.786673	0.114822	0.00818768	0.090318	1.839451	0.6843658	0.1049609	0.5012558
10956	95.24619	-405.8127	501.0589	0.660444	0.0828668	0.0334899	0.2232	0.7596544	0.563844	0.04972281	0.3446443
10962	114.4559	-387.112	501.5679	0.457988	0.373943	0.0304095	0.13766	0.6306615	0.2262593	0.04972281	0.2389001
10968	108.036	-392.2738	500.3097	0.442561	0.301154	0.0268437	0.229442	0.4815766	1.18303	0.03236961	0.3792704
10974	121.8353	-379.1845	501.0197	0.659697	0.145102	0.0324685	0.162732	1.111417	0.383201	0.05659989	0.3069027
10980	109.4273	-392.4135	501.8408	0.559525	0.224624	0.0674245	0.148426	1.490168	0.02552723	0.1547948	0.3057524
10986	116.8875	-384.9039	501.7914	0.239473	0.443708	0.0989636	0.217855	0.6431325	0.755635	0.1465222	0.4493971
10992	121.3961	-377.0413	498.4374	0.517265	0.0747585	0.235315	0.172662	6.192029	0.5326819	0.1028789	0.3421248
10998	123.8359	-378.5213	502.3572	0.3642	0.177753	0.302843	0.155204	0.3493442	0.1168695	0.08123229	0.3100711
11004	136.2573	-365.4164	501.6737	0.601247	0.0678032	0.284912	0.0460378	1.069162	0.08594885	0.08028796	0.2650177
11010	128.2502	-373.8462	502.0964	0.35495	0.153224	0.340603	0.151222	0.9348684	0.2158707	0.1390797	0.3071377
11016	110.3196	-390.6537	500.9733	0.322171	0.139074	0.33918	0.199574	1.154834	0.332644	0.0532044	0.3071377
11022	121.5365	-380.4709	502.0074	0.638876	0.0553134	0.226434	0.0793757	1.048783	0.307216	0.1761131	0.3777862
11028	130.2962	-371.8161	502.1122	0.445269	0.381371	0.113822	0.0595376	0.265472	0.3923805	0.07928538	0.2755599
11034	118.1735	-383.8934	502.0669	0.33326	0.34485	0.202563	0.119327	0.2271254	0.1112547	0.05479945	0.2203565
11040	120.3876	-382.0742	502.4618	0.3809	0.32021	0.188089	0.110801	0.2383161	0.1350162	0.08826716	0.2458679
11046	118.9125	-381.94	500.8525	0.0920122	0.561998	0.266573	0.0794168	1.883377	0.1757069	0.08299062	0.1732453
11052	114.1332	-388.3683	502.5014	0.0855411	0.474135	0.276057	0.164266	0.1889685	0.1652177	0.1008001	0.2956612
11058	133.6869	-368.8764	502.5633	0.0572617	0.822497	0.0690055	0.0512361	0.1469584	0.125466	0.1150373	0.3103428
11064	131.2401	-369.9789	501.2191	0.0845767	0.800749	0.0654216	0.0492531	2.352126	0.1143223	0.1949935	0.3407277
11070	131.6597	-370.5365	502.1962	0.119379	0.522299	0.319465	0.0388579	0.8750793	0.2040205	0.157995	0.3994348
11076	135.578	-366.8995	502.4775	0.232549	0.633182	0.0793922	0.054877	0.440005	0.3257546	0.1358186	0.3130395
11082	131.6087	-369.6552	501.2638	0.229472	0.49693	0.1333	0.140298	1.826017	0.1407625	0.1239619	0.347859
11088	107.9248	-393.0243	500.9491	0.463509	0.246207	0.154379	0.135905	1.426575	0.4080973	0.07543134	0.3148579
11094	108.842	-393.7819	502.6239	0.209255	0.552407	0.155845	0.0824925	0.3481137	0.4857881	0.3698167	0.6435032
11100	116.1352	-386.2162	502.3514	0.0961222	0.548343	0.291629	0.0639054	0.515821	0.5026292	0.1951562	0.4650473
11106	115.3462	-386.4952	501.8413	0.179548	0.290934	0.477239	0.0522784	1.014709	0.4556907	0.1527576	0.3098288
11112	124.0717	-376.4792	500.5509	0.262302	0.523249	0.0807142	0.133734	0.05050429	0.8354249	0.0785025	0.5092137
11118	124.3691	-377.1713	501.5403	0.0456614	0.681453	0.0346852	0.2382	0.9052789	0.5462617	0.125464	0.5234178
11124	113.2236	-389.0772	502.3008	0.189164	0.468327	0.193536	0.148972	0.9253724	0.1499088	0.1869145	0.4089828
11130	115.1599	-387.3945	502.5544	0.0671921	0.819509	0.0268985	0.0864009	0.4150587	0.5104736	0.2779086	0.5385252
11136	114.0038	-388.6741	502.6779	0.520183	0.346856	0.0169972	0.115964	0.3203317	0.143075	0.1231172	0.3162482
11142	124.9777	-377.2379	502.2156	0.464029	0.39343	0.00969369	0.132847	0.4998232	0.5410195	0.2021666	0.5978396
11148	121.1253	-380.216	501.3413	0.380885	0.364366	0.131715	0.123034	0.3366858	0.1027059	0.2189968	2.294531
11154	124.2437	-377.5297	501.7734	0.185407	0.504046	0.154675	0.155873	0.2708226	0.3143367	0.3419089	1.740152
11160	124.3708	-376.0831	500.4539	0.59654	0.0970855	0.26321	0.0431646	0.4958161	0.02185109	0.3749243	4.112504
11166	113.0834	-388.1306	501.2139	0.232182	0.574703	0.1525	0.0406152	0.6745145	0.4609631	0.2435346	1.641902
11172	113.8018	-387.9851	501.7869	0.443216	0.212662	0.304313	0.0398091	0.7252335	0.2090462	0.2502906	1.231597
11178	107.7367	-394.4947	502.2314	0.506394	0.140068	0.327318	0.02622	0.2399298	0.1363074	0.1777751	1.061089
11184	111.5574	-390.23	501.7874	0.603601	0.20561	0.159234	0.0315555	0.09222855	0.7102688	0.2853529	0.8285661
11190	115.505	-387.1851	502.6901	0.436497	0.453973	0.0746396	0.0348897	0.3685914	0.4251314	0.2055714	0.3517277
11196	120.7726	-381.3477	502.1202	0.549324	0.0868414	0.175098	0.188736	0.2429578	0.1292229	0.06317257	0.3827424
11202	127.2177	-375.1093	502.327	0.751952	0.0599292	0.128085	0.0600338	0.2998198	0.3339065	0.1033118	0.3690131
11208	126.8193	-374.9147	501.7341	0.417658	0.105937	0.369236	0.107169	0.37618	0.1886007	0.0435748	0.2575543
11214	131.9426	-369.2589	501.2016	0.495351	0.358379	0.106669	0.0396008	0.4771108	0.7550557	0.05179869	0.3399683
11220	123.7783	-376.8926	500.6709	0.267456	0.276816	0.33783	0.117898	0.54921	0.899374	0.03554911	0.2747702
11226	111.879	-386.9948	498.8737	0.613777	0.109867	0.190571	0.0857854	1.820315	1.255116	0.02808254	0.3275188
11232	107.0869	-394.0556	501.1425	0.396969	0.354914	0.0922581	0.155859	0.7563251	0.07896048	0.03108387	0.2164456
11238	118.2976	-383.3351	501.6327	0.330959	0.499219	0.0769168	0.0929057	0.6650935	0.02048571	0.04465356	0.2164456
11244	122.0363	-379.2484	501.2848	0.598246	0.301302	0.0464229	0.0540296	0.6353627	0.32254	0.0410332	0.2164456
11250	117.1862	-383.0973	500.2834	0.12884	0.398356	0.249179	0.223625	0.2594928	1.053888	0.0220916	0.2906558
11256	121.6422	-380.1588	501.8009	0.10354	0.301441	0.34331	0.251708	0.228227	0.01917726	0.03699971	0.2906558
11262	128.4695	-373.6743	502.1438	0.190624	0.496769	0.175271	0.137336	0.1275441	0.344765	0.1094876	0.4422678
11268	128.2928	-373.993	502.2859	0.0480687	0.793447	0.0888581	0.0696258	0.08597828	0.2110553	0.1593614	0.4602939
11274	124.3863	-376.373	500.7593	0.00970716	0.648388	0.254997	0.0869076	2.225258	0.4679311	0.1649338	0.4482263
11280	128.5044	-373.8807	502.385	0.000911834	0.512612	0.411846	0.07463	0.7175543	0.3882806	0.2445059	0.4610785
11286	118.5142	-383.3176	501.8319	0.00136489	0.767451	0.119473	0.111711	1.113545	0.1214305	0.2445059	0.8617494
11292	126.8077	-374.4422	501.2499	0.000571288	0.743959	0.147178	0.108292	0.8489743	0.7482646	0.1846996	0.9200993
11298	120.9005	-380.3629	501.2633	0.0120343	0.561146	0.245894	0.180926	0.6871762	0.1231654	0.03439579	0.2114343
11304	128.2057	-373.2498	501.4555	0.00878843	0.67609	0.179572	0.13555	1.089904	0.1634156	0.07048764	0.2114343
11310	120.9159	-377.7551	498.671	0.0263076	0.802336	0.00349981	0.167856	2.558049	1.397709	0.07048764	0.7109005
11316	127.2927	-374.5011	501.7939	0.0406832	0.717538	0.0333093	0.208469	1.464898	0.04808777	0.1738032	0.4661518
11322	125.8681	-375.4968	501.3648	0.0389717	0.557157	0.117647	0.286225	0.2600164	0.9240741	0.0985439	0.7177645
11328	129.4439	-372.7142	502.1581	0.0155518	0.710898	0.251985	0.0215655	0.2461585	0.3439962	0.1251502	0.6921151
11334	127.5466	-374.8347	502.3813	0.0108324	0.776778	0.193535	0.0188545	0.5369993	0.4654697	0.1753942	0.3717264
11340	124.7716	-377.6763	502.4478	0.0660426	0.138725	0.724637	0.0705954	0.5935199	0.1723911	0.1328552	0.3362923
11346	123.5245	-377.6668	501.1912	0.0667192	0.772998	0.0882613	0.072021	0.8020298	0.6619264	0.06718693	0.3305487
11352	133.2921	-368.6606	501.9527	0.0877187	0.371957	0.44575	0.094574	0.3309877	0.6186449	0.0912895	0.3305487
11358	113.4835	-388.724	502.2075	0.42451	0.292512	0.167022	0.115957	0.8781035	0.2852352	0.1651289	0.3010394
11364	117.8573	-384.2275	502.0848	0.450307	0.321883	0.058505	0.169305	0.3622935	0.3129458	0.07617482	0.3335745
11370	117.3917	-383.9442	501.3359	0.325509	0.42432	0.0983312	0.151839	1.258966	0.4529194	0.1088255	0.347596
11376	117.6473	-384.8068	502.4541	0.488519	0.295318	0.140609	0.0755544	0.6400443	0.1052437	0.1259097	0.2737512
11382	118.0326	-383.6926	501.7253	0.183504	0.343687	0.28377	0.189039	0.6400443	0.3533027	0.06955121	0.2737512
11388	115.1945	-387.0037	502.1981	0.590628	0.0845613	0.241019	0.083792	0.8696629	0.01229637	0.1094166	0.2737512
11394	115.9127	-386.0812	501.9939	0.2946	0.359895	0.282622	0.0628838	1.083721	0.1397156	0.1447021	0.3940337
11400	115.2453	-385.3746	500.6199	0.210241	0.51902	0.180052	0.0906874	1.893158	0.6945707	0.1447021	0.5180692
11406	117.8699	-382.7035	500.5733	0.480902	0.159453	0.20443	0.155215	1.893158	0.7715475	0.1447021	0.4875657
11412	121.5607	-381.0882	502.6489	0.436415	0.335518	0.102336	0.125731	0.5735197	0.2583769	0.2085912	0.3830155
11418	116.8942	-385.5304	502.4245	0.168528	0.384471	0.405982	0.0410191	0.2401448	0.3066059	0.1108969	0.3634957
11424	116.6426	-384.9276	501.5702	0.443828	0.242584	0.205562	0.108026	0.4360621	0.8515959	0.1864469	0.9285897
11430	127.6011	-373.8177	501.4187	0.318853	0.294286	0.247973	0.138888	1.520259	0.07059104	0.1399261	0.618851
11436	127.1293	-375.7976	502.927	0.20473	0.693961	0.0256805	0.0756285	0.1260638	0.08176585	0.2475307	0.4569046
11442	127.8542	-373.7893	501.6435	0.573587	0.162897	0.132147	0.131368	1.452237	0.1354242	0.1309428	0.3073651
11448	121.4353	-379.9178	501.3531	0.650923	0.0875647	0.0880481	0.173464	0.8237719	0.7421944	0.09311221	0.345724
11454	118.5152	-383.3983	501.9135	0.506096	0.270115	0.0889199	0.134869	0.3389638	0.3372057	0.06191818	0.3045918
11460	124.3263	-377.4533	501.7796	0.283649	0.546287	0.094474	0.0755894	1.082453	0.2130262	0.1109704	0.3130848
11466	122.1392	-380.8159	502.9551	0.103092	0.712863	0.0244222	0.159623	0.203929	0.0344537	0.1539368	0.3130848
11472	132.7052	-369.4995	502.2047	0.0859403	0.63083	0.150163	0.133067	0.5258562	0.1206033	0.08451896	0.3504208
11478	128.2966	-374.045	502.3416	0.284607	0.290738	0.249956	0.174699	0.247378	0.3781016	0.1960681	0.7769134
11484	126.2394	-375.8454	502.0848	0.32533	0.415715	0.0593742	0.19958	0.2127048	0.572314	0.10414	0.3833616
11490	124.3926	-376.98	501.3726	0.32533	0.415715	0.0593742	0.19958	0.04811846	0.2648286	0.09399967	0.320275
11496	110.8955	-392.0213	502.9168	0.648057	0.220693	0.0252978	0.105952	0.2401625	0.1191154	0.1760544	0.3978522
11502	107.474	-395.0512	502.5253	0.842527	0.05751	0.0239137	0.0760492	0.5376928	0.4151828	0.2033798	0.3687011
11508	110.6692	-391.5905	502.2597	0.677949	0.222323	0.0143435	0.0853851	0.07793997	0.3465395	0.188557	0.3687343
11514	110.5948	-391.197	501.7918	0.536388	0.204693	0.0357345	0.223185	0.04773277	0.3530259	0.2046502	0.3788355
11520	112.2049	-388.1286	500.3335	0.921128	0.0422592	0.00329767	0.033315	2.886873	0.5687029	0.2046502	0.4751551
11526	111.389	-391.3536	502.7426	0.494945	0.364335	0.0261804	0.11454	0.7195335	0.09968578	0.2551542	0.4063304
11532	115.824	-386.084	501.908	0.545478	0.409397	0.0288534	0.0162716	0.778809	0.1413946	0.08046324	0.2943082
11538	114.14	-387.7157	501.8557	0.57465	0.36831	0.0183493	0.0386906	0.2672619	0.7395669	0.09077096	0.3260291
11544	121.4632	-380.8681	502.3313	0.234835	0.127899	0.509016	0.12825	0.487728	0.2239351	0.102574	0.2848522
11550	114.9189	-387.1593	502.0782	0.586837	0.211358	0.136389	0.0654156	0.6627416	0.2053194	0.09167754	0.2848522
11556	116.0926	-385.8633	501.9559	0.531215	0.239813	0.15475	0.0742222	0.5817532	0.3510959	0.08488436	0.2794116
11562	112.0648	-389.1744	501.2392	0.388184	0.177021	0.316208	0.118588	1.010043	0.6542846	0.08807266	0.2740188
11568	117.5363	-383.3642	500.9005	0.461027	0.117608	0.374901	0.0464633	0.674349	0.9524074	0.057277	0.3224693
11574	112.9092	-388.2351	501.1442	0.486493	0.160054	0.27375	0.0797022	0.7487738	0.743376	0.06379116	0.277662
11580	118.1616	-383.5995	501.7611	0.64689	0.0283928	0.250658	0.074059	1.14731	0.06426439	0.09557155	0.2762751
11586	116.3571	-385.3324	501.6895	0.15352	0.070671	0.598869	0.17694	0.1565702	0.185696	0.04255177	0.2762751
11592	121.3143	-381.26	502.5743	0.51173	0.122227	0.276186	0.0898568	0.580599	0.03458148	0.1264134	0.3154528
11598	115.1208	-386.4387	501.5595	0.546861	0.315133	0.0961425	0.0418632	1.934677	0.07878695	0.1910471	0.3154528
11604	121.6351	-379.9354	501.5705	0.518863	0.28369	0.167186	0.0302604	1.228148	0.03458964	0.08300981	0.3372563
11610	128.6863	-372.1689	500.8553	0.441427	0.408303	0.113742	0.0365283	2.400673	0.5168615	0.2325902	0.3810564
11616	124.5097	-375.8891	500.3989	0.572519	0.133659	0.204268	0.0895534	3.336299	0.2583949	0.2184682	0.4947571
11622	128.7121	-370.7129	499.4251	0.604523	0.141131	0.158717	0.0956281	3.689086	0.6744007	0.111134	0.3909246
11628	128.7249	-373.2862	502.0111	0.498366	0.366033	0.0984417	0.0371598	0.7418986	0.5147025	0.1881992	0.534336
11634	115.7068	-386.8945	502.6013	0.341652	0.292296	0.292936	0.0731161	0.615866	0.05031894	0.1469929	0.3627181
11640	118.9436	-383.2619	502.2054	0.157742	0.430381	0.376524	0.0353535	0.4823101	0.6424866	0.1662622	0.3950105
11646	127.8704	-373.8777	501.7482	0.201948	0.550992	0.16803	0.0790298	0.2540678	0.3717127	0.05335211	0.3571406
11652	118.1708	-380.8658	499.0366	0.0928061	0.403066	0.347493	0.156635	0.796665	1.592325	0.02855228	0.7937682
11658	130.2896	-367.5975	497.887	0.158735	0.378057	0.324801	0.138407	4.953093	0.7556054	0.03826285	0.2709478
11664	123.0411	-377.2111	500.2522	0.298151	0.583561	0.0771335	0.0411548	2.996807	0.2327326	0.1012049	0.2503346
11670	115.674	-385.9768	501.6508	0.625752	0.169943	0.104109	0.100196	1.52548	0.04437618	0.2851756	0.8189525
11676	122.0626	-380.5739	502.6365	0.448633	0.336815	0.121768	0.0927849	0.6889761	0.04599169	0.1908857	0.4405699
11682	121.6905	-379.1468	500.8373	0.261143	0.49333	0.103062	0.142466	2.911787	0.06956129	0.1815104	0.3687629
11688	119.6334	-382.9997	502.6331	0.464897	0.28904	0.148787	0.0972764	0.6656341	0.139579	0.2534489	0.5353736
11694	129.1414	-371.8424	500.9838	0.662636	0.111361	0.108932	0.117071	2.137674	0.2473516	0.3399602	0.8653343
11700	136.7491	-365.3726	502.1218	0.453168	0.354668	0.0880076	0.104157	0.5409292	0.4082578	0.1208917	0.430826
11706	129.6554	-372.9014	502.5568	0.613141	0.17139	0.147323	0.0681461	0.7267284	0.06516266	0.1632898	0.3407848
11712	126.6343	-375.3553	501.9897	0.761781	0.105538	0.0907182	0.0419629	0.2295853	0.2182494	0.05716426	0.308036
11718	125.4117	-376.7939	502.2056	0.575238	0.0362025	0.359715	0.0288447	0.4362742	0.3229133	0.09443186	0.308036
11724	125.4248	-377.403	502.8278	0.732578	0.0461047	0.19057	0.0307478	0.4465822	0.06830114	0.1692513	0.3923592
11730	120.2112	-381.9732	502.1844	0.623614	0.119018	0.221612	0.0357564	0.5204915	0.5087329	0.139664	0.3896711
11736	125.9413	-375.6602	501.6015	0.493555	0.215538	0.202179	0.088728	0.5204915	0.8383037	0.1147296	0.5049406
11742	121.0735	-380.76	501.8334	0.615622	0.163924	0.152974	0.0674805	0.3350578	0.8383037	0.1147296	0.4318365
11748	119.039	-382.4443	501.4833	0.446212	0.287733	0.195987	0.0700676	0.4146768	0.9435619	0.08307943	0.3361846
11754	115.3319	-387.3048	502.6367	0.345301	0.310614	0.294882	0.0492033	0.354551	0.1142817	0.1142912	0.2987633
11760	113.7006	-387.0681	500.7687	0.225287	0.424304	0.292542	0.0578667	0.5141038	1.014463	0.04302231	0.2686321
11766	109.2233	-391.4256	500.649	0.494419	0.113635	0.252138	0.139808	0.7877871	1.050662	0.05958959	0.4148677
11772	121.7227	-378.3977	500.1204	0.505073	0.241783	0.238973	0.0141703	1.7534	0.6802247	0.1985833	1.348774
11778	110.8894	-385.7821	496.6714	0.630747	0.217755	0.137255	0.014242	7.682886	0.6802247	0.4136332	2.491717
11784	112.4413	-388.9964	501.4377	0.44791	0.17051	0.270112	0.111469	1.470926	0.2616269	0.2518377	0.8048836
11790	112.854	-389.3572	502.2112	0.228062	0.0412488	0.534549	0.19614	0.3409101	0.14707	0.1981849	1.106791
11796	117.519	-382.6835	500.2025	0.387982	0.0327034	0.423808	0.155506	0.3409101	0.02754778	0.3166299	4.811345
11802	114.6198	-383.8288	498.4486	0.127928	0.0456006	0.609639	0.216832	1.999952	0.6054826	0.1604586	3.370548
11808	120.2725	-380.3217	500.5942	0.121253	0.642054	0.0311736	0.205519	0.5780333	0.861922	0.1029636	1.342146
11814	123.1802	-379.0621	502.2423	0.464687	0.391125	0.0189903	0.125198	0.2242261	0.2104854	0.1029636	0.591682
11820	121.6005	-380.0426	501.6432	0.346516	0.497793	0.008785	0.146907	0.9163307	0.572784	0.1327537	0.4206239
11826	109.4709	-392.4934	501.9643	0.7183	0.143464	0.0288338	0.109402	1.281845	0.07196606	0.1545456	0.3332338
11832	115.393	-384.101	499.4941	0.594806	0.180297	0.0469104	0.177987	1.4285	1.405418	0.0660038	0.68127
11838	113.4985	-386.5748	500.0733	0.80344	0.108101	0.0208388	0.0676196	0.3551262	1.451031	0.04569132	0.7736474
11844	115.7917	-384.5864	500.3781	0.662014	0.239673	0.0425966	0.0557168	0.6850945	1.451031	0.09614859	0.79042
11850	115.3616	-385.4137	500.7753	0.100837	0.563486	0.225683	0.109994	2.203389	0.4537205	0.1506962	0.393897
11856	124.7077	-377.0212	501.7289	0.0454411	0.877335	0.0276563	0.0495673	0.8724356	0.2379197	0.08332572	0.3237593
11862	121.2323	-380.6852	501.9175	0.388413	0.369901	0.146871	0.0948152	0.5681612	0.4970331	0.1323341	0.5866561
11868	112.175	-389.4393	501.6144	0.413233	0.321916	0.0937587	0.171092	0.7759245	0.6152964	0.1029022	0.3398895
11874	117.2646	-380.7867	498.0513	0.585127	0.337398	0.00877744	0.0686978	8.233765	0.2946465	0.2527941	0.8786291
11880	120.6271	-376.9541	497.5812	0.425693	0.313776	0.00352142	0.257009	8.233765	0.5887528	0.1167763	0.5700016
11886	117.9567	-377.1227	495.0794	0.318137	0.39231	0.00226348	0.28729	20.25289	0.625872	0.1058709	0.3811396
11892	121.4976	-380.8137	502.3113	0.257408	0.563997	0.058104	0.120491	0.4128338	0.3344375	0.1051655	0.2820098
11898	119.2245	-382.405	501.6295	0.276197	0.499741	0.0623453	0.161716	1.612504	0.2234161	0.1748046	0.2820098
11904	115.1165	-384.1709	499.2874	0.216228	0.588333	0.011974	0.183465	2.420202	0.5053811	0.2247216	2.0707
11910	106.8701	-392.6994	499.5695	0.32852	0.0861048	0.362671	0.222704	2.177012	0.3434299	0.2757492	2.282319
11916	111.6918	-390.3101	502.0019	0.479048	0.0858095	0.361427	0.0737152	0.5321794	0.6331618	0.1446057	0.4688862
11922	110.539	-390.7609	501.2999	0.814343	0.106517	0.0151583	0.0639809	0.899606	0.8597453	0.1373096	0.5227725
11928	115.4607	-386.5008	501.9615	0.387973	0.471844	0.0230157	0.117167	0.3094996	0.2414193	0.2478035	1.428442
11934	105.9967	-393.6446	499.6413	0.713032	0.0634494	0.00818387	0.215334	2.888526	0.3888405	0.201073	1.332679
11940	108.719	-392.1069	500.8259	0.406162	0.414831	0.00337657	0.17563	1.387625	0.929302	0.1833667	0.6506104
11946	123.3263	-378.4689	501.7952	0.673386	0.230053	0.00559809	0.0909627	0.5062503	0.8263118	0.1729215	0.6272221
11952	120.8587	-380.8871	501.7458	0.0300755	0.628148	0.00536317	0.336413	1.013389	0.1779428	0.1632865	0.7534094
11958	111.34	-388.1329	499.4729	0.103912	0.489646	0.0211385	0.385304	2.189056	0.1906204	0.217849	2.458561
11964	114.1759	-385.4253	499.6012	0.554249	0.15392	0.174941	0.11689	1.505402	0.03676119	0.202532	3.303399
11970	113.0992	-387.8501	500.9493	0.058755	0.53688	0.39481	0.00955521	0.3786327	0.004817192	0.315224	3.303399
11976	121.7194	-376.2001	497.9194	0.338848	0.28432	0.36501	0.0118223	0.6964761	0.2050399	0.2519567	9.651871
11982	108.8073	-391.2789	500.0862	0.36095	0.39067	0.174848	0.0735325	2.61975	0.3678448	0.07725413	0.3558477
11988	107.6454	-394.2105	501.8558	0.475093	0.135097	0.285897	0.103912	0.3934763	0.217937	0.052554	0.2246322
11994	113.0876	-388.501	501.5886	0.636021	0.122438	0.0783996	0.163142	0.3165282	0.1617276	0.03479574	0.2246322
12000	114.2914	-386.5047	500.7961	0.155373	0.0870823	0.191589	0.565957	0.3048882	0.1384836	0.1938834	2.999662
12006	109.0837	-389.7072	498.7909	0.107106	0.601114	0.0666419	0.225138	0.3048882	0.4420677	0.128587	6.006156
12012	119.5281	-382.5393	502.0674	0.519839	0.0576613	0.227331	0.195169	1.130586	0.1908283	0.2506574	0.568132
12018	121.7326	-379.202	500.9346	0.641753	0.0693116	0.0548832	0.234052	0.3798953	0.8324981	0.09248821	1.119571
12024	120.5012	-380.4798	500.981	0.586221	0.291807	0.0231684	0.0988028	0.1232259	1.272523	0.09248821	0.5271751
12030	125.8569	-374.9166	500.7735	0.7254	0.148588	0.028669	0.0973435	0.4416177	1.019095	0.09248821	1.039103
12036	129.4649	-371.7997	501.2645	0.25421	0.489038	0.0518141	0.204938	0.6211596	1.008033	0.1199086	0.5987899
12042	125.4648	-374.8594	500.3241	0.184578	0.525986	0.180829	0.108607	1.100424	1.035823	0.06115739	0.4645026
12048	116.8258	-382.705	499.5308	0.174219	0.299248	0.493161	0.0333725	0.1512487	1.762761	0.02415724	0.3553064
12054	119.0665	-382.8142	501.8807	0.161939	0.114201	0.292596	0.431264	0.2548739	0.2072776	0.1867726	1.394304
12060	122.4182	-374.5561	496.9743	0.157917	0.147853	0.0927547	0.601476	0.05192288	0.1831171	0.2791206	11.56218
12066	121.2361	-379.2081	500.4442	0.060999	0.239177	0.294079	0.405745	0.5797327	0.486268	0.1185843	2.124963
12072	114.3838	-385.7509	500.1346	0.0264908	0.554017	0.182458	0.237035	3.023854	0.1277715	0.08078843	0.3215896
12078	111.4097	-389.2168	500.6266	0.0662769	0.770355	0.0791376	0.0842306	2.709632	0.3923491	0.2992015	0.6543634
12084	117.865	-385.1186	502.9836	0.0906882	0.76768	0.0703329	0.0712993	0.5725296	0.02610006	0.2554213	0.3922804
12090	127.1171	-374.5158	501.6328	0.346018	0.399801	0.120814	0.133367	1.326641	0.2892539	0.1705714	0.4974285
12096	117.6853	-383.9701	501.6554	0.425907	0.199	0.217211	0.157881	0.9917173	0.5078171	0.1559223	0.5156595
12102	123.0873	-379.0959	502.1832	0.764109	0.117085	0.0720604	0.0467459	0.3995453	0.6515928	0.1488916	0.4109522
12108	112.0742	-390.6769	502.751	0.627285	0.190092	0.133912	0.0487111	0.4721395	0.1294362	0.2681001	0.6487939
12114	132.6761	-370.0882	502.7643	0.643344	0.241138	0.0707468	0.0447706	0.6944479	0.1403039	0.2662512	0.3878248
12120	128.8194	-374.3336	503.153	0.404493	0.244914	0.197264	0.153329	0.2106116	0.001631716	0.2124895	0.3804658
12126	131.537	-371.3428	502.8799	0.314235	0.124848	0.432988	0.127929	0.4603142	0.03003809	0.2124895	0.514864
12132	123.163	-379.4388	502.6018	0.249816	0.315722	0.166075	0.268387	0.2333787	0.04170452	0.1139287	0.4852227
12138	119.6365	-383.0165	502.653	0.326114	0.34133	0.216797	0.115759	0.2333787	0.1530189	0.13097	0.4244318
12144	128.9686	-373.4586	502.4272	0.271427	0.135961	0.465973	0.126639	0.4815868	0.2614263	0.121708	0.2992402
12150	122.423	-376.6997	499.1227	0.667513	0.0402924	0.0841418	0.208053	4.933619	0.2388744	0.09324277	0.3932128
12156	118.5449	-383.6126	502.1576	0.404136	0.418958	0.0509425	0.125963	0.5350298	0.1275943	0.07951025	0.3173138
12162	127.1295	-372.3412	499.4707	0.333904	0.520191	0.0420895	0.103815	5.471957	0.08526418	0.1484833	0.2844291
12168	129.8282	-372.5756	502.4038	0.478734	0.349852	0.0430255	0.128388	0.3830559	0.1633656	0.09632215	0.3477277
12174	126.5275	-374.916	501.4435	0.638264	0.224312	0.0409024	0.096522	1.739821	0.1164067	0.1475982	0.4007811
12180	129.4892	-372.9208	502.4101	0.625599	0.239703	0.0400908	0.0946067	0.3509072	0.08843553	0.08224442	0.2631219
12186	116.3197	-386.3309	502.6506	0.773418	0.086902	0.0227189	0.116961	0.4024831	0.0432554	0.1209859	0.3952255
12192	112.1308	-388.7032	500.8341	0.590481	0.0488758	0.231757	0.128887	1.913095	0.493688	0.1207041	0.3306612
12198	113.9774	-388.0051	501.9824	0.657091	0.037499	0.161984	0.143426	0.5403866	0.5617732	0.1090002	0.3005863
12204	113.5953	-389.169	502.7643	0.459589	0.247717	0.252592	0.040102	0.5403866	0.1954385	0.1968936	0.3005863
12210	110.4995	-390.1182	500.6177	0.322245	0.356294	0.284056	0.0374055	3.128099	0.2495544	0.2038443	0.3431315
12216	115.7576	-385.0916	500.8492	0.468957	0.0632268	0.41338	0.0544355	2.79379	0.07668135	0.1626996	0.3431315
12222	101.8124	-398.3057	500.1181	0.499819	0.384662	0.0575014	0.0580179	3.482448	0.3401982	0.1547658	0.3860241
12228	107.427	-395.3204	502.7474	0.0664905	0.644968	0.190376	0.0981655	0.2997539	0.1845648	0.1392931	0.2946567
12234	122.0635	-379.8791	501.9425	0.433046	0.215555	0.215357	0.136042	1.414738	0.05815759	0.1888911	0.3980177
12240	119.5688	-382.0309	501.5997	0.683984	0.167888	0.120421	0.027707	1.559068	0.3598435	0.226466	0.4239542
12246	119.0526	-382.6792	501.7318	0.604292	0.193981	0.119697	0.0820296	1.018558	0.6569002	0.1882112	0.3753148
12252	128.4776	-373.8209	502.2984	0.272134	0.62295	0.0268055	0.0781103	0.7484103	0.4315522	0.2164149	0.3998934
12258	132.9828	-367.798	500.7808	0.440921	0.385194	0.0551831	0.118702	2.735012	0.3149641	0.3308523	0.6016195
12264	132.8572	-369.9637	502.8209	0.279309	0.531362	0.068359	0.12097	0.4842708	0.1904138	0.2739286	0.5213788
12270	124.3249	-375.8261	500.1509	0.295956	0.620418	0.0170181	0.0666078	3.573093	0.3477722	0.2488936	0.5904211
12276	114.0387	-385.4799	499.5186	0.260159	0.576714	0.0569486	0.106178	4.579019	0.60386	0.2272426	0.4175756
12282	121.1019	-380.4751	501.577	0.407776	0.0876507	0.344178	0.160396	0.7543104	0.07237599	0.05248281	0.3821771
12288	126.4955	-375.1824	501.6779	0.341003	0.0803395	0.389172	0.189486	0.4019191	0.5777902	0.08038919	0.5140025
12294	118.5093	-380.503	499.0124	0.409011	0.384758	0.102142	0.104089	2.937736	0.7085068	0.07960207	0.9136673
12300	123.22	-379.5729	502.793	0.267601	0.556045	0.0744917	0.101862	0.1912751	0.2286302	0.1747611	0.3770413
12306	119.0073	-381.4656	500.4729	0.256916	0.586463	0.0661766	0.0904449	3.672545	0.1042976	0.2080425	0.3426489
12312	128.1341	-373.1988	501.333	0.132262	0.521323	0.211268	0.135148	1.25053	0.2419422	0.08120063	0.3219274
12318	127.9657	-373.0873	501.053	0.412355	0.368822	0.12321	0.0956133	0.3558383	0.7594457	0.04180431	0.4112526
12324	124.8294	-377.2557	502.0851	0.283462	0.517733	0.168332	0.0304733	0.208606	0.7594457	0.130178	0.3585426
12330	115.8183	-383.6396	499.4578	0.714642	0.17694	0.0944044	0.0140138	2.218521	0.9588717	0.130178	1.079891
12336	128.3334	-373.5797	501.9131	0.518158	0.237506	0.126719	0.117616	0.8142347	0.3418195	0.1383765	0.5215739
12342	129.4359	-372.7879	502.2237	0.556832	0.167354	0.166211	0.109604	0.5495921	0.2927762	0.1413557	0.5531417
12348	127.052	-375.2864	502.3384	0.624412	0.199858	0.0904975	0.0852324	0.358623	0.199348	0.1148784	0.5531417
12354	125.6636	-376.2766	501.9402	0.605997	0.171866	0.0919184	0.130219	1.238303	0.1508502	0.1749716	0.4225416
12360	121.8123	-380.6742	502.4865	0.469714	0.308612	0.0869833	0.134691	0.78263	0.04582532	0.170289	0.4163457
12366	128.4327	-374.4571	502.8898	0.530479	0.273699	0.112384	0.0834384	0.5169715	0.01346873	0.1762614	0.3225533
12372	114.1166	-386.8852	501.0018	0.49322	0.254476	0.10449	0.147814	2.519608	0.0008929995	0.1760236	0.5154681
12378	121.1968	-381.4766	502.6734	0.438078	0.330167	0.0668497	0.164905	0.5810303	0.06747888	0.2276248	0.5981547
12384	122.7669	-378.1845	500.9514	0.597046	0.127931	0.0591083	0.215915	0.6023359	0.7355042	0.07296603	0.7906014
12390	124.4569	-378.2054	502.6623	0.416489	0.40707	0.0437351	0.132706	0.2724184	0.2077355	0.1514908	0.4677936
12396	131.8936	-370.3242	502.2179	0.484241	0.27201	0.0156582	0.228091	0.1028156	0.2380332	0.1427664	0.5522304
12402	109.9295	-392.3558	502.2853	0.818292	0.0430241	0.0213356	0.117348	0.5035443	0.3210026	0.1162156	0.3453188
12408	111.6196	-389.8945	501.5141	0.551356	0.271395	0.0521398	0.125109	0.5230325	0.9046762	0.1095228	0.4872076
12414	108.527	-388.5355	497.0625	0.651484	0.0771838	0.0468235	0.224509	3.147455	1.115218	0.06498289	2.406539
12420	108.6831	-387.4679	496.151	0.67795	0.195845	0.0665459	0.0596596	10.66343	1.011617	0.1832345	1.205473
12426	113.4364	-386.9315	500.3679	0.247294	0.264677	0.0899344	0.398094	0.6221893	1.011617	0.08921133	1.248725
12432	114.6821	-384.0346	498.7167	0.442742	0.211413	0.0278652	0.31798	2.157807	1.158497	0.08662969	1.362314
12438	117.4454	-384.1958	501.6412	0.280654	0.232414	0.283833	0.203099	0.6304381	0.2847491	0.1398877	1.033536
12444	125.5302	-375.3254	500.8556	0.495547	0.0482308	0.0667487	0.389473	1.287223	0.4130792	0.1192644	0.9135813
12450	124.9611	-377.1185	502.0796	0.408832	0.102638	0.320841	0.167689	0.3836047	0.002562532	0.1502547	1.173476
12456	120.0888	-382.8448	502.9336	0.2685	0.076799	0.614569	0.0401323	0.4925297	0.09789535	0.2716338	0.4892056
12462	117.906	-382.2533	500.1593	0.101618	0.31804	0.316118	0.264224	1.010775	0.5306678	0.1219704	1.876787
12468	122.7061	-378.5735	501.2796	0.169065	0.310479	0.345377	0.175079	0.9317006	0.105324	0.1752531	1.441107
12474	126.26	-375.2957	501.5556	0.586419	0.25346	0.0932441	0.0668773	0.5521592	0.6167146	0.3070233	1.33668
12480	130.0631	-370.4905	500.5536	0.278847	0.209754	0.18073	0.330669	0.5521592	0.7944841	0.08458419	1.314621
12486	118.0585	-382.6357	500.6942	0.110883	0.191808	0.488381	0.208927	1.217421	0.4657129	0.08458419	0.8162908
12492	127.658	-373.927	501.585	0.0520473	0.787538	0.0816477	0.0787667	1.871598	0.1519178	0.3152516	0.5492716
12498	127.3459	-374.2542	501.6	0.485832	0.317471	0.119316	0.0773806	0.4311717	0.2994624	0.04514084	0.2148548
12504	131.5168	-370.2844	501.8012	0.524877	0.269996	0.0853899	0.119738	0.2635977	0.08807428	0.0398263	0.2148548
12510	134.6854	-367.0091	501.6946	0.186577	0.614464	0.0769446	0.122014	0.2821245	0.1648331	0.03872264	0.2148548
12516	120.2739	-380.4214	500.6953	0.267642	0.205589	0.351742	0.175027	1.390205	0.1149142	0.03872264	0.2260826
12522	120.2475	-377.8141	498.0616	0.50466	0.09827	0.338184	0.0588861	5.411877	0.1312826	0.0291582	0.2260826
12528	120.1232	-381.6003	501.7235	0.385107	0.0445045	0.50153	0.0688585	0.2238252	0.353299	0.04888066	0.2260826
12534	113.4008	-387.6156	501.0164	0.560541	0.20251	0.122443	0.114506	0.282214	0.263527	0.02143623	0.1871219
12540	106.3995	-396.1373	502.5367	0.484924	0.167446	0.305521	0.0421086	0.5838328	0.1591352	0.1397745	0.2707627
12546	116.8815	-385.6734	502.5549	0.719977	0.199732	0.0520929	0.0281981	0.469798	0.1615416	0.1673633	0.5500942
12552	129.4477	-372.8736	502.3213	0.732481	0.0121138	0.0954843	0.159921	0.3396033	0.1308783	0.08531781	0.4084127
12558	130.7597	-371.8877	502.6474	0.715558	0.01288	0.101524	0.170037	0.3235532	0.09787916	0.1123744	0.3237121
12564	124.4282	-378.3879	502.8161	0.409111	0.236674	0.23639	0.117825	0.3822549	0.0505179	0.1394728	0.3237121
12570	109.0904	-393.2858	502.3762	0.623577	0.204911	0.0534865	0.118026	0.8316281	0.1460438	0.1638824	0.3277253
12576	113.9605	-388.7764	502.7368	0.593293	0.0184951	0.21211	0.176103	0.398078	0.1382384	0.1441478	0.3277253
12582	125.0404	-375.8377	500.8782	0.625664	0.0807949	0.25842	0.0351213	2.961356	0.07689896	0.2218501	0.4194443
12588	119.694	-382.9482	502.6422	0.83381	0.0873089	0.0409283	0.0379529	0.519332	0.2694347	0.1936757	0.391672
12594	115.2996	-386.8168	502.1164	0.825877	0.00806564	0.0520069	0.11405	0.9295373	0.1521896	0.1529257	0.4587285
12600	120.8579	-381.7614	502.6193	0.702828	0.0332742	0.0901621	0.173736	0.4094798	0.2835188	0.1873739	0.492703
12606	118.6321	-383.6741	502.3062	0.463301	0.363543	0.100889	0.0722667	0.3494086	0.6626731	0.2369849	0.6061235
12612	120.7844	-381.5998	502.3841	0.439693	0.303194	0.00459403	0.252519	0.92367	0.03064646	0.2074622	0.5154555
12618	133.1383	-368.4599	501.5982	0.511479	0.255879	0.0217094	0.210932	0.6214065	0.6527808	0.09044563	0.3913276
12624	127.8401	-374.3929	502.233	0.455842	0.400692	0.0488373	0.0946284	0.3731409	0.2988078	0.09044563	0.335336
12630	119.8557	-382.5502	502.4058	0.711342	0.142092	0.0613244	0.0852416	0.2781717	0.3095242	0.1064511	0.335336
12636	125.9852	-376.1781	502.1633	0.383789	0.373832	0.0664455	0.175934	0.5238011	0.1759334	0.08681286	0.3649485
12642	116.6945	-383.4616	500.1561	0.46105	0.243615	0.0993123	0.196023	0.3644721	1.209005	0.02623807	0.4186901
12648	120.989	-379.4602	500.4493	0.492034	0.229609	0.0936029	0.184754	1.006934	0.7990047	0.04190532	0.2613196
12654	118.4405	-383.5969	502.0374	0.645056	0.124397	0.0820739	0.148474	0.4741266	0.4580611	0.0946519	0.3063223
12660	111.743	-389.5335	501.2764	0.123622	0.178987	0.680089	0.0173009	1.622667	0.08010691	0.09131556	0.2978092
12666	125.6758	-376.2534	501.9291	0.118269	0.330273	0.431357	0.120102	0.7512858	0.3220249	0.1006354	0.3172764
12672	119.241	-382.6013	501.8424	0.201592	0.252466	0.44165	0.104292	0.1064288	0.5933721	0.1064388	0.3580551
12678	121.414	-381.0657	502.4797	0.183302	0.606363	0.0958553	0.11448	0.1925073	0.5313777	0.1660182	0.3467149
12684	118.3804	-384.469	502.8494	0.308832	0.468063	0.123512	0.0995926	0.341357	0.0373507	0.1337249	0.270945
12690	125.871	-376.9237	502.7948	0.320024	0.467304	0.114022	0.0986505	0.1009783	0.02537367	0.1895173	0.3473811
12696	131.6901	-369.6173	501.3074	0.316313	0.473082	0.112913	0.0976915	0.04719909	0.06594308	0.06884098	0.2634997
12702	117.611	-384.4953	502.1063	0.0582238	0.408688	0.489522	0.0435657	0.120296	0.1298754	0.07255015	0.24708
12708	114.595	-386.8036	501.3985	0.361316	0.33592	0.233766	0.0689986	1.321598	0.3355161	0.1055361	0.2995189
12714	118.327	-384.3458	502.6728	0.31651	0.494125	0.128923	0.0604422	0.7059437	0.04171461	0.2112801	0.4521063
12720	119.4402	-382.5586	501.9988	0.3145	0.221792	0.247489	0.216219	0.8811366	0.00506939	0.1598615	0.7910297
12726	122.2891	-378.8578	501.1469	0.139655	0.320392	0.289948	0.250005	1.154195	0.1087823	0.1624522	1.2844
12732	125.6858	-376.3596	502.0455	0.072889	0.584939	0.0992317	0.242941	0.7748428	0.1221494	0.145289	0.6779976
12738	128.6697	-371.9916	500.6613	0.0109516	0.638065	0.101787	0.249197	2.616936	0.1650236	0.1224082	0.3551261
12744	121.657	-379.0131	500.6701	0.319044	0.447914	0.153968	0.0790749	2.616936	0.1960676	0.124721	0.3129221
12750	130.4572	-371.0634	501.5205	0.0860306	0.450058	0.305646	0.158265	0.05827858	0.4606306	0.111241	0.3314246
12756	133.2035	-368.8184	502.0219	0.0998151	0.436192	0.354619	0.109373	0.1203119	0.4738044	0.1053838	0.3624367
12762	128.1837	-373.0871	501.2708	0.438324	0.320642	0.150793	0.0902406	0.3440278	0.615777	0.04093949	0.2725926
12768	128.5489	-371.873	500.4219	0.327005	0.401786	0.206879	0.0643296	0.2103803	1.037994	0.02560893	0.3071535
12774	123.2994	-376.6546	499.954	0.455684	0.208549	0.256215	0.079552	0.6088489	1.194124	0.02421137	0.2364448
12780	121.6573	-379.3222	500.9795	0.412386	0.438977	0.0669597	0.0816779	2.075901	0.4219816	0.1702882	0.3974915
12786	110.7727	-391.6112	502.3839	0.689245	0.23492	0.0400453	0.0357898	0.2966068	0.2882977	0.1152096	0.4563215
12792	118.4392	-384.0429	502.482	0.479203	0.370392	0.0644369	0.0859679	0.5343991	0.5493458	0.2383328	0.3702198
12798	123.651	-379.1089	502.7599	0.453633	0.350629	0.114358	0.0813808	0.6877055	0.02783236	0.2207803	0.4204323
12804	127.358	-375.1851	502.5431	0.544476	0.263712	0.105039	0.0867725	0.3803917	0.3823457	0.1682137	0.4204323
12810	113.3353	-389.2652	502.6005	0.63172	0.249203	0.0992601	0.0198172	0.3640621	0.3063131	0.1957565	0.5514588
12816	107.6167	-394.9342	502.5509	0.773555	0.058567	0.0720565	0.0958214	0.3657935	0.2368657	0.1272279	0.3607842
12822	105.8017	-396.7498	502.5515	0.734452	0.0563046	0.118609	0.0906338	0.330572	0.03691791	0.09098636	0.2903673
12828	125.0668	-376.5727	501.6395	0.45304	0.0689014	0.367148	0.110911	0.330572	0.567841	0.05781374	0.2678241
12834	121.9234	-380.3029	502.2263	0.669867	0.0646413	0.101499	0.163993	0.6296342	0.008758211	0.1133633	0.5849173
12840	127.3744	-374.7134	502.0878	0.570783	0.0654115	0.139085	0.22472	0.2911272	0.004751128	0.0508316	0.3196202
12846	121.1448	-381.4597	502.6045	0.584874	0.0632641	0.134519	0.217343	0.2341256	0.0349866	0.1001406	0.3768337
12852	127.2772	-375.1678	502.445	0.728329	0.0890886	0.0698024	0.11278	0.3424759	0.1761092	0.09515402	0.2786152
12858	124.9327	-377.6263	502.559	0.502795	0.366022	0.0447787	0.0864048	0.2236433	0.09162069	0.09515402	0.2786152
12864	116.6311	-386.2064	502.8375	0.297536	0.495366	0.0949711	0.112127	0.2534719	0.001795541	0.1238756	0.3295168
12870	103.8954	-398.7108	502.6061	0.476339	0.346803	0.120957	0.0559014	0.4935742	0.1420337	0.1430427	0.3759043
12876	119.0503	-383.1904	502.2407	0.556958	0.252036	0.10775	0.0832566	0.594091	0.1669662	0.09907219	0.3117637
12882	112.6902	-389.2984	501.9886	0.522372	0.366009	0.0637529	0.0478666	0.1024968	0.5844485	0.1528129	0.4815452
12888	110.9333	-390.4446	501.3779	0.710096	0.085234	0.150992	0.0536788	0.7341508	0.7625594	0.09657191	0.4421271
12894	102.358	-397.212	499.57	0.164685	0.578714	0.234039	0.0225616	2.214054	1.097262	0.07137674	0.1816692
12900	134.654	-367.3387	501.9927	0.0547164	0.828355	0.0982594	0.0186692	0.3759404	0.5369426	0.1628838	0.08019909
12906	122.2773	-378.3221	500.5994	0.476962	0.425878	0.0816466	0.0155128	1.467338	0.7797368	0.1556962	0.07549257
12912	118.5625	-382.0364	500.599	0.437008	0.416336	0.132846	0.0138097	1.385369	0.62635	0.1675121	0.05689473
12918	121.9458	-380.3826	502.3283	0.201754	0.610496	0.183437	0.00431309	0.5301355	0.0071657	0.2612838	0.05689473
12924	113.8955	-388.1288	502.0243	0.562944	0.404972	0.030403	0.00168132	0.6662811	0.2161931	0.3616922	0.05305644
12930	124.9203	-375.826	500.7463	0.50041	0.356009	0.13956	0.00402186	1.904026	0.6066803	0.1520919	0.1249786
12936	132.0207	-368.7853	500.806	0.515434	0.33891	0.132857	0.0127994	1.610977	0.6881296	0.1554083	0.1034489
12942	128.0317	-368.9283	496.96	0.0748184	0.857192	0.0620149	0.00597451	7.511122	0.5203371	0.108087	0.04399516
12948	122.9833	-376.1497	499.1329	0.758456	0.220298	0.0176552	0.00359107	2.49774	0.7930184	0.1424469	0.04289919
12954	131.1645	-371.8095	502.9741	0.101174	0.652209	0.204933	0.0416835	0.3833072	0.112657	0.2200774	0.1499192
12960	137.0277	-364.928	501.9557	0.214742	0.412328	0.284458	0.0884729	0.4346005	0.3748733	0.0739905	0.2108795
12966	128.8787	-373.5351	502.4138	0.307171	0.496825	0.0993897	0.0966151	0.5043469	0.3007193	0.1619458	0.4967523
12972	115.9738	-386.1738	502.1476	0.223361	0.636624	0.0162136	0.123801	0.6105108	0.0777605	0.08362519	0.3551049
12978	127.7906	-373.2965	501.0871	0.537111	0.126199	0.0389884	0.297702	1.191928	0.3169913	0.2257756	1.304222
12984	132.5976	-369.2854	501.883	0.46514	0.269325	0.0226771	0.242858	0.4736209	0.584286	0.1382251	0.6572887
12990	119.0147	-381.3769	500.3916	0.57514	0.206715	0.0402082	0.177938	1.898663	0.1433887	0.2368599	1.639212
12996	124.8256	-377.7216	502.5472	0.761236	0.0630729	0.036445	0.139246	0.6711384	0.06738537	0.2144581	0.5962889
13002	114.6904	-386.5264	501.2168	0.540356	0.0878066	0.224421	0.147416	1.010549	0.4546658	0.1050339	0.6875682
13008	117.4074	-384.2248	501.6322	0.342009	0.109114	0.269105	0.279772	0.4567585	0.5966569	0.07045034	0.3653239
13014	114.9092	-386.2427	501.152	0.466549	0.118045	0.315847	0.0995598	0.3212648	1.091605	0.07045034	0.4714136
13020	116.0488	-385.001	501.0498	0.631948	0.102685	0.148209	0.117158	0.07322118	0.8531056	0.1637361	0.921146
13026	115.9209	-383.4087	499.3295	0.0620544	0.719318	0.129992	0.0886354	1.280018	1.056251	0.1637361	2.223034
13032	104.0377	-394.5797	498.6174	0.0630835	0.71451	0.0284987	0.193907	1.541558	0.3139649	0.2218371	4.755847
13038	115.8177	-383.3021	499.1198	0.391697	0.29226	0.0206991	0.295344	1.801468	0.7905705	0.1300308	2.040191
13044	120.9786	-381.3227	502.3012	0.740909	0.107921	0.0993519	0.0518182	0.7737086	0.04845188	0.1202894	0.3454531
13050	116.7198	-384.6146	501.3345	0.392007	0.298184	0.0251418	0.284667	0.6000157	0.03080995	0.2830748	2.243529
13056	128.2636	-372.8291	501.0927	0.247297	0.624511	0.019755	0.108437	1.977402	0.117792	0.1088531	0.3097684
13062	125.4236	-375.0395	500.4632	0.238404	0.530319	0.12674	0.104537	2.854191	0.2011442	0.1202051	0.3526168
13068	118.4956	-382.1875	500.6831	0.248536	0.552858	0.0896262	0.10898	2.127562	0.2662841	0.08933894	0.2892255
13074	120.5234	-380.2235	500.7468	0.283472	0.630572	0.0235898	0.0623661	2.114103	0.2951417	0.09809045	0.2456368
13080	114.409	-387.19	501.599	0.181714	0.552192	0.110583	0.155511	0.2772731	0.04832968	0.03121785	0.1966227
13086	117.3828	-380.6108	497.9935	0.184902	0.561879	0.143833	0.109386	6.901027	0.08667405	0.04833527	0.1966227
13092	113.2916	-388.0193	501.311	0.351238	0.353929	0.0758178	0.219016	0.5459556	0.7062226	0.1552721	1.105571
13098	116.1505	-383.8302	499.9807	0.148093	0.47909	0.00962734	0.36319	0.617217	0.1585393	0.2049945	4.00683
13104	124.3001	-376.2772	500.5774	0.261326	0.0966566	0.0161396	0.625878	0.617217	0.1967511	0.1919143	2.796243
13110	129.6233	-368.0852	497.7085	0.502763	0.0616013	0.114703	0.320932	1.352789	0.2496883	0.2058484	7.654759
13116	131.374	-366.6564	498.0305	0.186693	0.187393	0.436432	0.189482	1.518581	0.2831523	0.2191427	6.308243
13122	125.1193	-373.7641	498.8834	0.337718	0.510336	0.12495	0.0269961	2.654908	0.5141895	0.1644554	2.137052
13128	124.2682	-373.8533	498.1215	0.454735	0.230463	0.0277674	0.287035	2.654908	0.8149748	0.07788359	1.984039
13134	117.0975	-380.957	498.0545	0.106198	0.644046	0.077598	0.172158	0.774333	0.9732785	0.08097749	4.558086
13140	120.2009	-381.1202	501.3211	0.00831684	0.530902	0.0939019	0.366879	0.2838825	0.3665677	0.1299725	1.562566
13146	117.7149	-380.6207	498.3356	0.0102116	0.423766	0.45422	0.111802	6.937238	0.3665677	0.1921391	0.7951342
13152	114.1877	-386.431	500.6187	0.0153368	0.618092	0.236851	0.129721	1.053689	0.5636222	0.1238721	1.259416
13158	119.994	-379.3024	499.2964	0.203607	0.358593	0.0887592	0.349041	0.2063465	0.8023169	0.09023568	3.485039
13164	126.1831	-376.3051	502.4882	0.337241	0.468137	0.149384	0.0452382	0.8053988	0.1439129	0.2083219	0.4185313
13170	113.7195	-388.7543	502.4738	0.578577	0.0365623	0.228418	0.156443	0.3952786	0.03923755	0.1021736	0.457289
13176	109.0207	-391.9416	500.9623	0.609452	0.110595	0.0515405	0.228412	0.5991004	0.6521444	0.06436723	0.7598823
13182	122.1504	-379.1246	501.275	0.478004	0.105326	0.237522	0.179148	0.7811374	0.8268126	0.1142923	0.5651256
13188	122.283	-378.6058	500.8888	0.65702	0.144771	0.143638	0.054571	1.102641	0.9368957	0.1083605	0.4745401
13194	113.4162	-387.705	501.1212	0.189398	0.473349	0.282925	0.0543285	0.6877253	1.164817	0.09882635	0.3468148
13200	124.3617	-378.0438	502.4055	0.256691	0.494367	0.13944	0.109502	0.5949377	0.0503783	0.1033102	0.2648843
13206	125.1109	-377.3877	502.4987	0.326263	0.441167	0.0933891	0.139181	0.4911058	0.1776026	0.1255371	0.346681
13212	119.8071	-381.8979	501.7051	0.31882	0.547364	0.0367965	0.0970195	1.073363	0.4125317	0.1981401	0.6311521
13218	114.3129	-387.7806	502.0934	0.343222	0.435324	0.0935183	0.127936	0.9235155	0.3030322	0.2017618	0.5174458
13224	112.4368	-386.7451	499.1819	0.0737621	0.480307	0.208827	0.237104	4.445574	0.4577769	0.1158404	0.5156571
13230	115.6534	-383.446	499.0993	0.0929193	0.623392	0.0188679	0.264821	2.764066	0.8889813	0.1334245	1.165085
13236	114.0412	-383.489	497.5302	0.142237	0.59112	0.0218705	0.244772	2.014696	1.395902	0.08136485	2.692544
13242	104.3548	-397.7558	502.1106	0.791214	0.0236168	0.0464771	0.138692	0.6038478	0.03011259	0.1149843	0.7103398
13248	108.0859	-393.9641	502.05	0.285825	0.185465	0.333651	0.195059	0.4459033	0.375791	0.09076417	0.3981683
13254	117.0177	-383.91	500.9277	0.482703	0.134338	0.241673	0.141287	2.040771	0.4631946	0.1613498	0.3981683
13260	126.5917	-374.6157	501.2074	0.617806	0.0735319	0.231326	0.0773354	1.13512	0.7066526	0.1750734	0.6934712
13266	120.9202	-378.4939	499.4142	0.43945	0.195833	0.204717	0.16	3.696477	0.7066526	0.126585	0.4729784
13272	116.3552	-383.7087	500.0639	0.564867	0.0814931	0.287058	0.0665816	0.7188096	0.7661889	0.1016236	1.901966
13278	115.8234	-384.1569	499.9803	0.290834	0.0637246	0.147864	0.497577	0.4345574	0.5841617	0.1184404	2.889422
13284	130.1886	-372.1644	502.353	0.736154	0.0728336	0.0962935	0.0947188	0.5803743	0.3324236	0.2049064	0.594768
13290	127.32	-374.3825	501.7025	0.418512	0.272802	0.193733	0.114953	1.261896	0.359484	0.2041491	0.5292286
13296	127.6268	-375.0761	502.7029	0.666061	0.0564298	0.174166	0.103343	0.3616689	0.2821072	0.1850704	0.4386195
13302	122.1397	-379.4877	501.6273	0.818643	0.0400861	0.0678593	0.073412	1.096828	0.5362447	0.1817681	0.5132009
13308	125.7754	-376.5391	502.3145	0.534141	0.236458	0.0959488	0.133452	0.6254942	0.2693655	0.2960295	0.8220923
13314	121.7824	-380.7176	502.5	0.649787	0.0324478	0.212817	0.104948	0.5277075	0.2382957	0.1365086	0.2600879
13320	120.896	-381.5455	502.4415	0.473796	0.0607397	0.353017	0.112447	0.6086031	0.2353447	0.1422813	0.2911956
13326	128.5892	-373.7803	502.3695	0.389106	0.184749	0.375502	0.0506425	0.4516579	0.4372231	0.1391992	0.3197523
13332	125.8588	-376.0123	501.8711	0.262812	0.329382	0.37278	0.0350256	1.454732	0.1554387	0.1963736	0.3494127
13338	128.3919	-374.1265	502.5184	0.250586	0.566561	0.152754	0.0300995	0.2950802	0.4585691	0.1828966	0.4798543
13344	117.8265	-383.5806	501.4072	0.301199	0.22815	0.400989	0.0696619	0.6557434	0.6069535	0.06611443	0.2879989
13350	110.1021	-389.1031	499.2052	0.321561	0.205137	0.403247	0.0700543	1.957881	1.123174	0.04665385	0.5187349
13356	116.0786	-386.205	502.2835	0.688026	0.171918	0.0703451	0.0697104	0.3453921	0.4419811	0.111331	0.3220146
13362	120.4371	-380.0263	500.4634	0.468686	0.160502	0.266336	0.104475	3.324824	0.1560701	0.1615644	0.3220146
13368	119.3792	-383.1634	502.5426	0.58459	0.288034	0.0439082	0.0834685	0.5967832	0.1355794	0.1405579	0.2972851
13374	117.7102	-384.7535	502.4637	0.579334	0.285444	0.0525031	0.0827181	0.6094847	0.2160038	0.1740372	0.470365
13380	109.6985	-392.8276	502.5261	0.550021	0.101187	0.272917	0.0758748	0.4662837	0.2414087	0.1336565	0.3117051
13386	115.5207	-385.1359	500.6566	0.611186	0.0564225	0.266839	0.0655531	1.93449	0.5718231	0.1090323	0.3380897
13392	109.4956	-393.193	502.6886	0.633848	0.0560554	0.276733	0.0333633	0.7791594	0.05334974	0.2216792	0.3606337
13398	112.5811	-390.4303	503.0114	0.360079	0.302155	0.264494	0.0732718	0.4445815	0.06037593	0.2009642	0.2864247
13404	122.4091	-378.4813	500.8904	0.197864	0.510931	0.277724	0.0134812	0.779316	0.9449115	0.06672869	0.3815
13410	125.1125	-375.8866	500.9992	0.408223	0.39628	0.100242	0.095255	1.302337	0.1942873	0.05388442	0.2586635
13416	125.4097	-375.6041	501.0137	0.329222	0.322611	0.239233	0.108934	1.302337	0.3950536	0.1646505	0.9903294
13422	126.3262	-372.464	498.7902	0.776138	0.108528	0.070661	0.0446737	2.168629	0.7563188	0.1738711	2.449874
13428	115.2115	-383.2683	498.4799	0.308401	0.266589	0.25568	0.169329	3.728413	0.4037521	0.1676094	2.008343
13434	104.3906	-397.1324	501.523	0.682147	0.0518409	0.227887	0.0381253	1.140468	0.4451914	0.1378709	0.4774664
13440	123.2005	-378.865	502.0654	0.548893	0.0180806	0.295044	0.137982	0.6724085	0.4224604	0.1745757	0.5956792
13446	117.9335	-384.2524	502.1858	0.685902	0.0438402	0.136132	0.134126	0.5665511	0.4583716	0.1801095	0.5719764
13452	118.9851	-383.0628	502.0479	0.444861	0.0716845	0.26414	0.219314	0.4492353	0.3128771	0.1247603	0.7084544
13458	117.3429	-382.9961	500.339	0.30718	0.185006	0.292477	0.215337	2.286985	0.4743546	0.1115444	0.5356331
13464	118.3062	-383.0896	501.3957	0.710544	0.145474	0.0757826	0.0681994	1.246699	0.4104432	0.1151341	0.3972501
13470	120.6712	-373.897	494.5682	0.514559	0.150831	0.0521395	0.28247	11.73633	0.8133389	0.149821	3.078483
13476	130.8059	-368.9899	499.7958	0.771905	0.0301821	0.0550824	0.142831	0.9679679	0.8133389	0.1242401	2.058472
13482	126.6666	-373.597	500.2636	0.284937	0.0795379	0.443523	0.192001	0.9726097	0.1843082	0.1989882	2.760375
13488	117.8771	-380.457	498.334	0.205498	0.0573632	0.319871	0.417267	2.689662	0.09072051	0.2912816	4.315843
13494	115.1311	-385.7917	500.9227	0.442692	0.0747591	0.235013	0.247536	1.812224	0.05777261	0.233083	1.201912
13500	112.6539	-389.3378	501.9917	0.0368183	0.609475	0.0224403	0.331267	0.2847743	0.07327539	0.1687887	1.341088
13506	113.0268	-384.7832	497.81	0.181472	0.114686	0.123086	0.580756	5.52987	0.3404407	0.1774029	1.934395
13512	122.2144	-380.1095	502.3239	0.178296	0.558892	0.0472122	0.215599	0.4420889	0.3002536	0.1660256	0.6579373
13518	111.5409	-390.1345	501.6755	0.280606	0.471286	0.0663035	0.181804	1.237824	0.3131001	0.1598724	0.4687094
13524	123.3867	-379.3354	502.7221	0.0261573	0.876543	0.0413656	0.0559344	0.4504155	0.08967912	0.1530263	0.4071907
13530	124.7199	-377.3157	502.0357	0.113383	0.762172	0.0744383	0.0500074	0.8869883	0.2727249	0.1473548	0.4348743
13536	123.2176	-377.6244	500.8419	0.210976	0.509124	0.190542	0.0893576	2.360854	0.2798353	0.1473548	0.370241
13542	117.5927	-384.6702	502.2629	0.0107602	0.813448	0.0466335	0.129158	0.5892683	0.4028247	0.1709577	0.4944093
13548	122.2282	-379.9237	502.152	0.0102738	0.776673	0.133487	0.0795669	0.3168837	0.1779423	0.06585731	0.2402214
13554	122.4482	-377.0943	499.5424	0.0184485	0.690255	0.253251	0.038045	2.956648	0.7237561	0.0759646	0.2875186
13560	129.9892	-372.5276	502.5168	0.0715144	0.632739	0.187857	0.10789	0.239031	0.1379967	0.0947412	0.2560789
13566	118.5009	-383.7937	502.2946	0.291693	0.2086	0.222139	0.277568	0.4471047	0.2711146	0.1297921	0.5434657
13572	128.1015	-374.624	502.7255	0.333818	0.416942	0.137684	0.111556	0.3196392	0.1767501	0.1831113	0.5434657
13578	121.0757	-379.7547	500.8304	0.60724	0.240392	0.0997941	0.0525743	1.359137	0.5823106	0.07736477	0.356826
13584	112.6351	-388.61	501.245	0.330596	0.413983	0.11218	0.143241	1.821976	0.1760827	0.2391537	0.7681265
13590	122.9219	-379.3871	502.309	0.13875	0.472249	0.188328	0.200674	0.6298087	0.2035441	0.1273973	0.3891084
13596	123.8665	-378.9162	502.7827	0.354273	0.382477	0.210225	0.0530253	0.1208074	0.1755845	0.1996141	0.3481649
13602	116.5401	-385.8767	502.4168	0.287365	0.617217	0.0524066	0.043011	0.06320771	0.0671391	0.1996141	0.3110612
13608	103.5604	-398.867	502.4274	0.693108	0.121047	0.0830434	0.102802	0.503407	0.153297	0.1784262	0.6876504
13614	108.2407	-394.3016	502.5422	0.831343	0.108682	0.0100526	0.0499222	0.5058754	0.1808514	0.2526361	0.7391821
13620	102.1801	-399.8856	502.0657	0.738092	0.0933896	0.166285	0.00223249	0.9068085	0.3358782	0.4780235	0.824397
13626	113.4511	-389.2073	502.6584	0.632447	0.116768	0.19013	0.0606549	0.5597893	0.2686166	0.1920883	0.2947849
13632	116.5785	-384.6361	501.2146	0.348065	0.360154	0.177034	0.114747	0.5085532	0.6046815	0.04454574	0.2303714
13638	127.0594	-375.1287	502.1881	0.348747	0.428312	0.188364	0.0345763	0.6215825	0.06123034	0.08302663	0.2359677
13644	119.7286	-381.6478	501.3764	0.626952	0.0188475	0.276825	0.0773757	1.133371	0.09707643	0.06181997	0.2439703
13650	121.9139	-377.8848	499.7988	0.390732	0.00542392	0.53331	0.0705347	2.701986	0.2453019	0.04922759	0.2864794
13656	118.8312	-383.1274	501.9586	0.246607	0.073009	0.600909	0.0794752	0.7116664	0.3827169	0.1070746	0.3189316
13662	125.3636	-376.1426	501.5061	0.074476	0.506223	0.397629	0.0216714	1.075303	0.4624299	0.1070746	0.3189316
13668	124.3846	-375.5889	499.9735	0.142523	0.627224	0.2017	0.0285537	2.615745	0.6783734	0.1168014	0.1236581
13674	122.0021	-379.0788	501.0809	0.0712579	0.140221	0.100845	0.687676	0.3602017	0.5362169	0.07656794	0.05610774
13680	127.791	-373.0888	500.8798	0.0432704	0.248649	0.00996621	0.698114	0.07626595	0.4964206	0.1434435	0.04470289
13686	115.2507	-387.0074	502.2581	0.120543	0.256905	0.0202921	0.60226	0.9630338	0.05532356	0.3073524	0.08343455
13692	121.9592	-381.1238	503.083	0.0737328	0.706	0.023476	0.196792	0.1232974	0.05286534	0.3558282	0.1360156
13698	121.3355	-381.0249	502.3604	0.188953	0.537842	0.0178843	0.255321	0.4862179	0.6274678	0.3237459	0.1041885
13704	116.0552	-382.7691	498.8243	0.180555	0.338911	0.0314564	0.449078	5.363893	0.702262	0.2036634	0.1036175
13710	111.9148	-390.8236	502.7385	0.809012	0.0494819	0.0624092	0.0790969	0.568816	0.1847807	0.3106284	0.5744656
13716	110.2323	-391.3564	501.5888	0.886194	0.010795	0.0683633	0.0346475	1.930434	0.006403427	0.1928766	0.3913257
13722	112.3654	-386.0733	498.4387	0.700593	0.00186091	0.23644	0.0611063	8.566582	0.1958468	0.1928766	0.3299413
13728	112.8415	-389.2569	502.0984	0.463928	0.0086902	0.467925	0.0594565	1.062422	0.2972633	0.1928766	0.323449
13734	121.2748	-379.3035	500.5783	0.328019	0.432667	0.0880621	0.151252	1.456591	0.8821431	0.1147498	0.1134608
13740	116.9222	-385.2479	502.1701	0.17725	0.445477	0.158267	0.219005	0.496409	0.445844	0.239041	0.07684331
13746	129.7991	-371.7952	501.5943	0.436904	0.286881	0.107243	0.168972	0.7636073	0.1605292	0.1361861	0.06057564
13752	111.7238	-390.4301	502.1539	0.469264	0.365598	0.0728175	0.092321	0.3669686	0.5749742	0.1213687	0.3900654
13758	114.4664	-386.3257	500.7921	0.717388	0.14069	0.0591114	0.0828105	1.770704	0.6666535	0.1299914	0.3819398
13764	115.1099	-386.8486	501.9584	0.215619	0.485757	0.0337448	0.26488	0.2717544	0.6664663	0.2440815	0.0641403
13770	116.7489	-385.002	501.7509	0.609876	0.163771	0.0713884	0.154965	1.50525	0.01648623	0.1584551	0.4426722
13776	121.7611	-380.0154	501.7765	0.299572	0.269204	0.176496	0.254729	1.291568	0.03898695	0.1298515	0.4426722
13782	122.5363	-379.3779	501.9142	0.81981	0.0751674	0.0668529	0.0381699	1.129162	0.1326513	0.1298515	0.3464807
13788	116.001	-385.2394	501.2403	0.335829	0.141338	0.330977	0.191856	1.365478	0.1225684	0.07284162	0.3464807
13794	112.8094	-389.8384	502.6478	0.156278	0.249997	0.378003	0.215722	0.2448733	0.2498424	0.1581038	0.4717982
13800	130.221	-369.014	499.235	0.243804	0.571039	0.0303875	0.154769	5.105631	0.258515	0.1106437	0.2729144
13806	133.8094	-367.0442	500.8536	0.0668286	0.72686	0.150332	0.0559798	1.492641	0.2865107	0.06157445	0.2729144
13812	131.7661	-369.7104	501.4766	0.0618744	0.72795	0.153148	0.0570283	1.231029	0.2465002	0.09280193	0.2729144
13818	121.4822	-380.7948	502.277	0.286434	0.414142	0.213333	0.086092	0.8044727	0.216389	0.1613059	0.3926878
13824	119.1537	-382.5352	501.689	0.684829	0.246654	0.0157631	0.0527542	0.7166574	0.6231679	0.1109157	0.3926878
13830	124.9314	-377.5904	502.5218	0.64229	0.274411	0.00942443	0.0738746	0.1254799	0.3267453	0.241209	0.5999558
13836	119.645	-383.1472	502.7922	0.366207	0.151254	0.392674	0.0898651	0.5042529	0.08950374	0.241209	0.5681513
13842	122.1013	-379.2188	501.3201	0.80333	0.0225167	0.127041	0.0471127	1.000383	0.05783753	0.2317586	1.561837
13848	118.8603	-383.7754	502.6357	0.631453	0.0176991	0.313815	0.0370327	0.6097053	0.2340996	0.2641204	0.5175539
13854	115.3236	-387.2161	502.5396	0.592703	0.0607824	0.266122	0.0803918	0.3588806	0.2736132	0.1545251	0.4954758
13860	111.6615	-391.3266	502.9881	0.609035	0.0609507	0.266859	0.0631552	0.1593622	0.1564482	0.2471257	0.4139329
13866	111.5145	-390.7391	502.2536	0.801984	0.106225	0.0591226	0.0326684	0.09023247	0.2212048	0.2490116	0.7744386
13872	105.5537	-396.1498	501.7034	0.352663	0.508828	0.0762764	0.0622326	0.24852	0.5111587	0.1525883	1.113866
13878	88.77848	-413.6865	502.465	0.0604568	0.827057	0.0640688	0.048417	0.3776931	0.1686177	0.4255917	1.114803
13884	114.9543	-387.5718	502.5262	0.240477	0.275584	0.0867207	0.397218	0.5540216	0.2715106	0.2410089	0.1055012
13890	114.0824	-387.1864	501.2688	0.485783	0.160516	0.0650765	0.288624	0.984478	0.4698983	0.2017864	0.05773564
13896	117.2032	-384.1156	501.3188	0.103226	0.521184	0.209162	0.166428	0.2315329	0.6288217	0.1500002	0.04566258
13902	107.6296	-394.6135	502.2431	0.121478	0.49	0.196647	0.191875	0.3341335	0.5016184	0.2315188	0.07751918
13908	122.9382	-378.741	501.6791	0.177389	0.347236	0.105682	0.369693	0.8802657	0.5285334	0.2136221	0.08200701
13914	127.9584	-373.9183	501.8768	0.287183	0.199985	0.438504	0.0743278	1.339289	0.02293617	0.1500786	0.4167793
13920	128.5249	-371.9046	500.4296	0.693848	0.046654	0.202308	0.0571902	2.660686	0.1814937	0.09195777	0.2828324
13926	129.5274	-371.4742	501.0016	0.201143	0.401046	0.310138	0.0876726	2.647113	0.08544772	0.1901207	0.3875709
13932	114.7033	-382.322	497.0252	0.533811	0.23669	0.0991788	0.13032	13.13162	0.1466626	0.1222305	0.3114037
13938	121.4479	-381.618	503.0659	0.487548	0.289707	0.16352	0.0592254	0.3366005	0.07619688	0.2237881	0.4076458
13944	116.2869	-385.4819	501.7688	0.0905228	0.735667	0.0849404	0.0888702	0.8160108	0.2275045	0.3268243	0.05058761
13950	118.7199	-382.6288	501.3486	0.514152	0.289255	0.128164	0.0684284	2.064055	0.1548501	0.179989	0.3155426
13956	118.9721	-379.2974	498.2695	0.505155	0.16868	0.224787	0.101378	9.563986	0.0357488	0.179989	0.3300581
13962	127.9578	-374.4389	502.3967	0.472904	0.219344	0.198335	0.109418	0.3920085	0.2051312	0.1006721	0.3379228
13968	115.3427	-385.4202	500.7628	0.367541	0.0169359	0.530483	0.0850394	2.646909	0.304182	0.1700602	0.3113553
13974	119.1741	-382.9771	502.1512	0.619196	0.0285319	0.209007	0.143266	0.504663	0.2076002	0.1112371	0.5762927
13980	119.9413	-382.7252	502.6665	0.0284816	0.838131	0.0647341	0.0686534	0.3784426	0.2727098	0.3192523	0.08547866
13986	112.074	-388.8868	500.9608	0.310657	0.607873	0.0314998	0.049971	2.639325	0.1599885	0.2940287	0.1065653
13992	107.3726	-394.8728	502.2454	0.464523	0.218706	0.134555	0.182216	0.8793403	0.2776847	0.2112692	0.4623243
13998	104.656	-397.6245	502.2806	0.416419	0.457463	0.0541218	0.0719964	0.2255192	0.1539235	0.07860869	0.3812797
14004	126.0296	-375.1518	501.1814	0.620292	0.243378	0.0242603	0.11207	1.081689	0.5485632	0.2380067	0.05746117
14010	112.2119	-389.0835	501.2955	0.528925	0.396663	0.0206868	0.0537252	1.362292	0.1282111	0.2015743	0.06026274
14016	107.6581	-392.9015	500.5596	0.37914	0.433531	0.0373042	0.150025	1.97571	0.5766422	0.286987	0.06237179
14022	104.3164	-398.5609	502.8773	0.457609	0.249	0.230961	0.06243	0.1788524	0.265373	0.2137534	0.3601606
14028	121.7376	-380.407	502.1446	0.609862	0.0610397	0.142345	0.186753	0.3256101	0.4245772	0.09679478	0.402344
14034	120.2776	-381.0584	501.336	0.631107	0.0296455	0.146735	0.192513	0.3543363	1.005731	0.07521977	0.402344
14040	123.2307	-378.2126	501.4433	0.657137	0.1107	0.131684	0.100479	0.1875481	0.6295261	0.05068443	0.3070963
14046	109.5731	-391.6478	501.2209	0.560319	0.349038	0.0677518	0.0228912	0.7309143	0.9470329	0.08980052	0.3386361
14052	117.3999	-383.6357	501.0356	0.138484	0.747147	0.110989	0.0033799	0.899751	0.9470329	0.08549199	0.2610722
14058	114.6944	-387.7628	502.4572	0.166557	0.458532	0.369246	0.00566527	0.611921	0.3767879	0.1805569	0.2941429
14064	112.4231	-386.9206	499.3438	0.637627	0.173848	0.0505225	0.138002	4.243611	0.06747035	0.1486858	1.004991
14070	109.6228	-390.6976	500.3204	0.610818	0.0682646	0.132995	0.187922	2.160891	0.4952556	0.09788464	0.5198168
14076	109.2412	-391.4655	500.7067	0.727041	0.128098	0.0212731	0.123587	1.416605	0.7871125	0.1561368	0.7729067
14082	106.439	-393.3253	499.7643	0.0882418	0.412404	0.130452	0.368902	0.2673652	0.4400256	0.1641575	4.178942
14088	92.03117	-404.8899	496.9211	0.351744	0.436631	0.0324174	0.179208	0.1078763	0.2650871	0.2485531	14.07078
14094	113.3014	-388.6471	501.9485	0.474467	0.31015	0.063205	0.152178	1.49512	0.07856748	0.2875836	0.531325
14100	117.9695	-383.694	501.6635	0.494756	0.292921	0.0589535	0.153369	0.6687013	0.2379074	0.4328627	1.613199
14106	128.6207	-372.9531	501.5737	0.401675	0.0480322	0.417306	0.132987	0.2539969	0.7333087	0.07601074	0.4949784
14112	125.2298	-376.1225	501.3523	0.315011	0.300266	0.307215	0.0775074	1.04387	0.5378813	0.1017621	0.4133856
14118	132.4671	-370.2189	502.686	0.14282	0.516888	0.228787	0.111506	0.09842046	0.08206753	0.2058252	0.4499622
14124	123.4894	-378.8996	502.389	0.45228	0.349912	0.146172	0.0516358	0.09543465	0.148091	0.1648903	0.5212246
14130	119.95	-382.0399	501.9898	0.425884	0.0466992	0.462991	0.0644259	1.082676	0.07622587	0.1344487	0.4124778
14136	118.696	-383.8053	502.5012	0.322403	0.34944	0.240487	0.0876693	0.2441867	0.1043672	0.09910379	0.4097558
14142	127.6741	-373.6487	501.3227	0.649584	0.00659898	0.165362	0.178456	0.6332503	0.8015798	0.1309877	0.7897128
14148	112.9322	-386.0989	499.0311	0.468299	0.0100129	0.25091	0.270778	3.930551	0.4221419	0.2290907	1.413229
14154	111.6845	-384.7601	496.4445	0.578156	0.0110718	0.259924	0.150849	7.852746	1.041418	0.08826093	1.134908
14160	118.2915	-382.292	500.5835	0.499128	0.199472	0.098444	0.202956	1.592548	0.6543624	0.213629	1.070012
14166	123.084	-377.5521	500.6361	0.541673	0.263241	0.0480953	0.146991	3.210177	0.1241404	0.213629	0.4490811
14172	124.3987	-377.7175	502.1162	0.8551	0.0771091	0.0167127	0.0510783	1.125119	0.03373156	0.154045	0.3784333
14178	122.2207	-379.4603	501.681	0.672175	0.266089	0.00367242	0.0580641	1.81797	0.1081195	0.2600171	0.4563554
14184	108.9914	-392.6315	501.6229	0.300564	0.397586	0.274575	0.0272745	1.618228	0.03982462	0.2197167	0.6523464
14190	123.0946	-378.697	501.7916	0.468387	0.401377	0.0841462	0.0460893	1.518828	0.1556245	0.2481527	0.5223419
14196	117.2998	-385.6971	502.9969	0.41044	0.530348	0.0114058	0.0478059	0.5164193	0.05404663	0.230199	0.3422564
14202	118.3879	-384.1695	502.5575	0.268982	0.324739	0.173189	0.23309	0.3687638	0.02645802	0.1029088	0.4086117
14208	123.61	-378.7623	502.3723	0.373948	0.4366	0.0819726	0.10748	0.2892772	0.0434775	0.07183234	0.2333444
14214	112.2602	-388.4167	500.6769	0.42594	0.399588	0.0762612	0.0982111	0.4243549	1.028963	0.03904534	0.3975629
14220	119.6734	-377.61	497.2834	0.259567	0.365672	0.0255527	0.349209	0.837231	1.986381	0.0078184	0.8541228
14226	113.5047	-383.8108	497.3155	0.427958	0.292466	0.0284358	0.25114	0.6786673	1.986381	0.01165649	1.400479
14232	119.9458	-378.8474	498.7932	0.294633	0.241045	0.192403	0.271919	0.06740298	1.518046	0.02160592	0.7046466
14238	123.3895	-375.82	499.2095	0.382144	0.256045	0.0729706	0.28884	0.0938961	1.386795	0.01642793	0.4388874
14244	116.1026	-383.0999	499.2026	0.321985	0.487119	0.0385003	0.152396	1.037615	1.538212	0.02719093	0.3957831
14250	122.4095	-379.3901	501.7996	0.0908971	0.694181	0.0433458	0.171576	0.1847191	0.5511958	0.07095441	0.3337592
14256	114.465	-387.77	502.235	0.316039	0.552212	0.034481	0.0972677	0.08556165	0.2190949	0.1256438	0.2650067
14262	107.8424	-392.9611	500.8035	0.572043	0.0444957	0.320385	0.0630758	1.420742	0.7203826	0.1338309	0.6374941
14268	129.0935	-372.5944	501.6879	0.727198	0.0932943	0.145053	0.0344543	1.601908	0.3079408	0.3183209	0.5120684
14274	127.8634	-373.1819	501.0453	0.3973	0.438009	0.0778286	0.086863	2.546039	0.1740056	0.4059144	0.6515568
14280	123.5544	-378.9127	502.467	0.314434	0.204912	0.356263	0.124392	0.4055118	0.0374122	0.2922087	1.11184
14286	136.7356	-364.4583	501.1939	0.222445	0.23972	0.422345	0.115491	1.942335	0.3493409	0.2922087	0.6535932
14292	138.7136	-363.2326	501.9462	0.233234	0.124603	0.465864	0.1763	0.5706991	0.215597	0.1088134	0.6827894
14298	133.8076	-368.4076	502.2152	0.597757	0.171178	0.157565	0.0734994	0.9152019	0.04421654	0.1264355	0.313028
14304	126.4017	-375.9081	502.3098	0.568312	0.217534	0.185728	0.0284262	0.5028762	0.1976177	0.1046812	0.3707061
14310	121.1975	-381.2786	502.4761	0.467823	0.192128	0.2213	0.118749	0.7892603	0.05850455	0.1616342	0.3618562
14316	126.8221	-375.8646	502.6867	0.633418	0.126495	0.143256	0.0968309	0.2705229	0.1988238	0.1360958	0.3618562
14322	123.0627	-379.9143	502.977	0.605327	0.136188	0.154234	0.104251	0.4265471	0.07069169	0.2114405	0.3982973
14328	116.7068	-385.8754	502.5822	0.440613	0.365246	0.0371937	0.156947	0.6732746	0.2602997	0.2294634	0.3992336
14334	110.5246	-391.384	501.9085	0.424255	0.356944	0.0331386	0.185662	1.661694	0.07594575	0.2503139	0.3513343
14340	107.2901	-394.2388	501.5289	0.815967	0.120364	0.00738447	0.0562854	1.397229	0.4047552	0.1543189	0.3285413
14346	104.4514	-396.0206	500.4719	0.799634	0.144631	0.0214171	0.0343172	2.447025	0.1677244	0.2560767	1.124894
14352	104.0888	-397.4807	501.5695	0.730922	0.0906829	0.0227386	0.155656	1.879625	0.1225596	0.2112263	0.3868934
14358	124.3692	-378.6278	502.997	0.720443	0.116088	0.0152107	0.148259	0.4378383	0.07237193	0.2112263	0.3563719
14364	97.23535	-405.5309	502.7663	0.695143	0.129307	0.0324976	0.143053	0.5662505	0.1414219	0.1992258	0.3563719
14370	106.1962	-396.1549	502.3511	0.492758	0.42204	0.0247632	0.0604394	0.5092953	0.4669839	0.1490746	0.2716809
14376	95.59358	-403.3675	498.9611	0.518855	0.444392	0.0260747	0.010678	6.608546	0.3874487	0.2549858	0.4327629
14382	110.3978	-392.1232	502.521	0.524039	0.311252	0.0880909	0.0766182	0.6663768	0.2128146	0.1924742	0.4157971
14388	114.4811	-387.7828	502.2639	0.500461	0.313114	0.0276724	0.158753	0.3317853	0.6063021	0.141334	0.383807
14394	112.8373	-386.7825	499.6197	0.869161	0.0667063	0.0246161	0.0395163	1.98282	1.141421	0.1171141	0.831244
14400	119.7349	-381.3083	501.0431	0.663407	0.0396247	0.114594	0.182374	0.3730165	1.027276	0.07425205	0.6499714
14406	127.7721	-373.983	501.7551	0.230606	0.53174	0.0569039	0.180751	0.4290036	0.6289337	0.104439	0.5740745
14412	112.3474	-387.8762	500.2236	0.19322	0.564836	0.189521	0.0524226	1.91305	0.9610598	0.1771299	0.7580754
14418	122.4359	-378.6065	501.0425	0.199151	0.490537	0.22956	0.0807526	0.0942261	1.143697	0.1401901	0.739596
14424	125.0239	-376.4461	501.47	0.23898	0.464942	0.158442	0.137635	0.04641395	0.04370543	0.09162555	0.4027933
14430	118.2171	-384.3137	502.5309	0.257625	0.423199	0.170804	0.148373	0.338502	0.1869758	0.1087557	0.3104154
14436	115.9545	-386.7619	502.7164	0.451638	0.39347	0.0280331	0.126859	0.8072968	0.05261621	0.2663562	0.4079013
14442	119.9899	-382.5906	502.5805	0.505571	0.360685	0.0404697	0.0932735	0.8295101	0.03476946	0.2079943	0.4079013
14448	124.4499	-378.3063	502.7562	0.47944	0.239425	0.235284	0.0458504	0.269363	0.2699211	0.1709189	0.3851418
14454	121.3417	-380.9235	502.2653	0.363102	0.100286	0.392378	0.144234	0.6331357	0.2824289	0.1336139	0.3848525
14460	112.7444	-389.7945	502.5389	0.531114	0.301609	0.086824	0.0804526	0.400654	0.1000894	0.1059312	0.331534
14466	121.6977	-377.65	499.3477	0.696223	0.154286	0.0989371	0.0505544	4.672636	0.3024489	0.1059312	0.27153
14472	119.2846	-380.6602	499.9448	0.678416	0.130183	0.112066	0.0793338	1.763157	0.4464868	0.03459729	0.2270885
14478	116.6639	-383.4363	500.1002	0.380923	0.473273	0.0629239	0.082881	1.763157	0.570892	0.04681163	0.270704
14484	115.4083	-386.193	501.6014	0.355576	0.117986	0.478628	0.0478105	0.2305663	0.246654	0.03780923	0.2598555
14490	115.0166	-384.1873	499.2039	0.427278	0.0824226	0.271943	0.218357	2.124118	0.9690154	0.0371487	0.3036207
14496	124.7624	-377.1116	501.8741	0.245774	0.606597	0.0744979	0.0731316	0.4832439	0.2052255	0.05782806	0.2323231
14502	107.9656	-393.7879	501.7535	0.45998	0.252853	0.230397	0.0567701	1.053873	0.1060115	0.08905662	0.2323231
14508	120.2648	-380.1316	500.3963	0.602138	0.199711	0.112145	0.0860071	2.318805	0.4178491	0.08905662	0.278597
14514	120.7079	-379.7226	500.4306	0.372982	0.235717	0.266213	0.125088	1.214914	0.4167776	0.03389251	0.278597
14520	120.0791	-381.3714	501.4505	0.386472	0.207393	0.275842	0.130294	0.3425308	0.5373999	0.04676066	0.3240921
14526	125.3829	-376.0493	501.4322	0.394814	0.211869	0.281795	0.111522	0.2362585	1.064256	0.1066844	0.5799526
14532	120.2255	-381.7159	501.9414	0.234972	0.317753	0.227985	0.21929	1.098482	0.253024	0.1491785	0.3168915
14538	115.0997	-382.1221	497.2219	0.402265	0.228178	0.188371	0.181186	11.96408	0.001193721	0.138607	0.6457519
14544	117.1463	-385.0065	502.1528	0.473339	0.046877	0.318049	0.161736	1.032553	5.276533e-05	0.1426129	0.4183158
14550	125.0724	-375.7809	500.8533	0.577404	0.0502168	0.293119	0.07926	2.843568	0.0009821544	0.163339	0.4004262
14556	117.3136	-381.954	499.2675	0.577404	0.0502168	0.293119	0.07926	6.740109	0.001774648	0.2268282	0.4004262
14562	123.3756	-379.4574	502.833	0.401367	0.07732	0.451322	0.0699906	0.2436968	0.1232669	0.1548388	0.3907998
14568	119.5277	-382.3979	501.9256	0.507462	0.232005	0.219029	0.0415034	0.6289086	0.673621	0.1412667	0.3764658
14574	102.7069	-399.6603	502.3672	0.379227	0.469609	0.14616	0.00500396	0.5751698	0.1932134	0.3120265	0.9158552
14580	122.0453	-378.9097	500.9551	0.48372	0.323465	0.186433	0.00638276	0.7876453	0.06962253	0.5144687	2.654625
14586	122.6195	-378.3604	500.9799	0.456208	0.305068	0.230102	0.00862252	2.128271	0.3824935	0.2962287	0.6989508
14592	125.653	-376.9547	502.6077	0.569362	0.216222	0.210411	0.00400483	0.1684168	0.4129011	0.2356702	0.5350918
14598	136.0877	-365.735	501.8227	0.843117	0.0441913	0.107626	0.00506575	1.709759	0.1550608	0.3086846	0.4262259
