Iteration	Posterior	Likelihood	Prior	matrix_probs[1]	matrix_probs[2]	matrix_probs[3]	matrix_probs[4]	neo_beta	rate_log_sd	tree_length	two_beta
0	113.3652	-388.2918	501.657	0.539223	0.0912208	0.190488	0.179068	1.157095	0.4033274	0.142266	0.3821194
6	111.4144	-389.5957	501.0101	0.391176	0.230616	0.307867	0.0703399	3.057114	0.04838694	0.2652819	0.3288052
12	111.0943	-389.2327	500.327	0.321521	0.300694	0.217785	0.16	2.858182	0.28945	0.1213955	0.4188837
18	119.9399	-381.0417	500.9816	0.161789	0.214801	0.418461	0.20495	0.7972634	0.580742	0.1930708	1.467193
24	118.07	-383.4502	501.5202	0.207924	0.431733	0.312658	0.0476844	1.74264	0.4785068	0.3277359	0.3964499
30	123.3633	-377.4018	500.7652	0.474111	0.059304	0.38742	0.0791653	2.70767	0.07754195	0.1551218	0.468177
36	132.7465	-369.539	502.2855	0.35472	0.245505	0.304626	0.0951486	0.492139	0.4629067	0.16987	0.5069064
42	123.9226	-376.8782	500.8008	0.506536	0.147388	0.210205	0.135871	1.474564	0.2851877	0.1835132	1.238358
48	123.0101	-378.6064	501.6165	0.0904857	0.348681	0.440256	0.120577	1.064423	0.3634668	0.1679782	0.6704405
54	121.9133	-376.8783	498.7916	0.0641357	0.517165	0.200264	0.218436	6.861728	0.1798017	0.1470321	0.3772854
60	129.0624	-373.6029	502.6653	0.10931	0.641734	0.140003	0.108952	0.159998	0.1982946	0.1470321	0.3688247
66	127.136	-374.7295	501.8655	0.0996439	0.671035	0.121021	0.108299	1.130471	0.05533529	0.1124855	0.3688247
72	119.0972	-383.2255	502.3227	0.130665	0.488889	0.200776	0.17967	0.233602	0.1580284	0.08342347	0.3885974
78	122.9404	-378.1842	501.1245	0.379121	0.233971	0.117982	0.268925	0.2044583	0.7306225	0.04557793	0.4805229
84	112.7481	-387.3804	500.1285	0.303223	0.187511	0.294179	0.215088	1.971876	0.7626037	0.08715616	0.4892777
90	120.0383	-380.7708	500.8091	0.141758	0.279926	0.242253	0.336064	0.6810477	0.8024483	0.147416	1.348725
96	122.5718	-377.5919	500.1637	0.0548481	0.0880282	0.741418	0.115706	1.221123	0.06612849	0.2196703	2.814628
102	121.3462	-378.8516	500.1979	0.320709	0.368259	0.0866213	0.224411	2.146594	0.2874253	0.06621437	0.5327474
108	123.7241	-379.1121	502.8362	0.310243	0.483554	0.113741	0.0924623	0.3555572	0.1111663	0.1538275	0.3379409
114	122.623	-379.3692	501.9922	0.509578	0.252909	0.134648	0.102864	1.084429	0.2536258	0.1718	0.3995429
120	111.5724	-389.6798	501.2522	0.723948	0.0474487	0.0824654	0.146138	0.9049282	0.2827026	0.3948275	1.738939
126	109.284	-392.6069	501.8909	0.515509	0.112181	0.146319	0.225991	0.2578285	0.06253632	0.360253	1.93342
132	120.6096	-378.0422	498.6518	0.574378	0.0176819	0.344303	0.0636372	2.947946	0.1824859	0.302442	3.25043
138	120.7435	-379.8366	500.5801	0.273074	0.341151	0.295361	0.0904145	0.6004093	0.1156084	0.1998551	2.993699
144	121.7074	-378.2955	500.0029	0.34806	0.400908	0.0292356	0.221796	1.019708	0.111874	0.3382256	3.696973
150	113.5814	-386.409	499.9904	0.461406	0.435598	0.0243234	0.0786726	0.218852	0.9004738	0.1440928	2.759827
156	117.0338	-383.6225	500.6563	0.398342	0.33285	0.0379414	0.230867	0.5245922	0.7997292	0.139663	1.675038
162	113.4033	-387.296	500.6993	0.634017	0.161792	0.028821	0.175371	1.269214	0.822384	0.1486633	0.8410038
168	113.4046	-387.5628	500.9675	0.502835	0.335221	0.0228578	0.139086	1.58087	0.730044	0.1486633	0.3988884
174	126.9318	-375.355	502.2868	0.538394	0.271782	0.0244858	0.165339	0.1145978	0.4277973	0.1486633	0.3780081
180	118.8318	-383.146	501.9778	0.527242	0.0878017	0.177551	0.207406	0.705111	0.1824934	0.09637652	0.4521195
186	116.9846	-385.0824	502.0669	0.49495	0.351459	0.0795167	0.074074	0.13779	0.6480758	0.1240796	0.3195535
192	115.5725	-386.8265	502.399	0.446452	0.444585	0.0152616	0.0937015	0.5539181	0.2079272	0.1240796	0.3421321
198	121.5267	-381.0522	502.5789	0.384179	0.579455	0.00771401	0.0286524	0.3570316	0.1221665	0.1107277	0.3421321
204	112.3599	-387.3275	499.6874	0.679678	0.258775	0.0274524	0.0340943	0.9440703	1.139334	0.1162911	1.742711
210	110.2418	-387.6617	497.9035	0.654005	0.0789152	0.192086	0.0749936	2.87138	1.153693	0.1585481	2.392405
216	108.0123	-391.8865	499.8988	0.327619	0.429844	0.187275	0.055263	0.3709933	0.1109371	0.2637801	5.091567
222	128.6113	-371.3946	500.0059	0.529822	0.414362	0.038248	0.0175676	1.239431	0.4012492	0.2196429	2.511701
228	126.3875	-376.0467	502.4342	0.459899	0.387059	0.111077	0.0419639	0.84591	0.1261808	0.4010223	0.7126639
234	117.4973	-380.7445	498.2418	0.0932465	0.765284	0.0584998	0.08297	9.748116	0.05203219	0.2858758	0.5662866
240	119.9494	-383.2315	503.1809	0.195646	0.728732	0.0503121	0.0253099	0.5059283	0.0437414	0.3881652	0.3997453
246	123.0519	-379.6954	502.7473	0.508369	0.404011	0.0379998	0.0496197	0.4310361	0.07125125	0.1384633	0.3257586
252	128.8016	-372.1155	500.9172	0.393785	0.455976	0.0428874	0.107352	0.3659698	0.776911	0.03467584	0.3286168
258	120.3464	-380.5142	500.8605	0.177131	0.480159	0.164203	0.178507	0.2299149	0.668912	0.02772326	0.1898551
264	112.7427	-388.6176	501.3602	0.238496	0.348498	0.27411	0.138896	0.3892443	0.2343066	0.03132611	0.2090503
270	125.8003	-375.0817	500.882	0.0563335	0.260062	0.605223	0.0783812	0.1606567	0.3644506	0.02203895	0.1948122
276	125.4381	-375.549	500.9872	0.15937	0.231073	0.506931	0.102625	0.4374212	0.7556612	0.04135657	0.4024009
282	125.0295	-375.986	501.0155	0.104925	0.0310368	0.744151	0.119887	1.181612	0.6360161	0.08831998	0.4024009
288	122.8318	-377.2628	500.0946	0.752811	0.055438	0.0456855	0.146066	2.603299	0.1086092	0.1197699	0.96861
294	129.8007	-372.0108	501.8115	0.377592	0.512643	0.0127701	0.0969949	0.9001056	0.09687894	0.07829945	0.2393255
300	119.5831	-382.5979	502.181	0.534648	0.324202	0.0474803	0.0936702	0.3064602	0.3192947	0.07997728	0.2352798
306	118.6075	-383.7327	502.3402	0.71265	0.167073	0.0529974	0.0672797	0.3175944	0.3167491	0.09805503	0.2889384
312	119.1562	-383.4348	502.591	0.790609	0.151244	0.0127315	0.0454148	0.4462894	0.0703998	0.1134611	0.3147677
318	111.026	-390.0999	501.1259	0.43477	0.407348	0.0355652	0.122316	2.649875	0.02486013	0.2043959	0.3593674
324	123.5222	-379.3304	502.8525	0.217819	0.5637	0.0492162	0.169265	0.3330366	0.2021973	0.1716862	0.3045579
330	119.5714	-382.3321	501.9035	0.317404	0.477955	0.0460985	0.158542	0.4659686	0.5485752	0.09258416	0.3611458
336	112.1768	-390.7355	502.9123	0.319847	0.579369	0.0343432	0.066441	0.4196628	0.268825	0.3260253	0.4818547
342	124.9883	-377.242	502.2303	0.687961	0.0824399	0.187287	0.0423118	0.9766307	0.3572645	0.2420226	0.3578377
348	113.8868	-382.7898	496.6766	0.518191	0.0771263	0.386225	0.018457	13.42332	0.6549761	0.1640578	0.2807794
354	112.1011	-388.904	501.0051	0.390734	0.262925	0.216226	0.130114	1.563543	0.2586961	0.07612304	0.2657232
360	116.7402	-385.5814	502.3216	0.245821	0.464403	0.121792	0.167983	1.091438	0.05334362	0.1885108	0.2657232
366	122.5685	-379.283	501.8515	0.330017	0.498207	0.118684	0.0530928	1.135541	0.08181871	0.1076334	0.2669388
372	127.7727	-374.7249	502.4976	0.638881	0.145681	0.164564	0.0508728	0.4498131	0.16417	0.1173486	0.3513809
378	124.0087	-378.6246	502.6334	0.367737	0.545146	0.0474056	0.0397113	0.2944801	0.33854	0.1536044	0.3513809
384	120.3552	-382.5121	502.8673	0.544281	0.422793	0.00638384	0.0265426	0.383492	0.1516688	0.1793347	0.3527326
390	114.8743	-386.7821	501.6564	0.218453	0.697361	0.056806	0.0273793	0.6465188	0.7357683	0.1074623	0.3527326
396	115.1268	-385.904	501.0308	0.467118	0.357855	0.151112	0.0239157	0.710443	1.077439	0.09531715	0.4909311
402	118.6618	-383.7748	502.4366	0.683422	0.271257	0.0103299	0.0349902	0.6134842	0.3637965	0.1832774	0.3650637
408	105.9146	-396.6888	502.6034	0.534384	0.350031	0.0236827	0.0919019	0.6572714	0.2472404	0.2896458	0.5275408
414	110.942	-388.7044	499.6464	0.248503	0.534517	0.0444581	0.172522	5.575951	0.179993	0.2463809	0.277786
420	119.5922	-382.0167	501.6089	0.260403	0.5647	0.0361846	0.138713	1.571337	0.05865119	0.1268813	0.2558037
426	113.9358	-388.8851	502.821	0.32926	0.612521	0.00442122	0.0537978	0.5349652	0.1273385	0.1970009	0.3335134
432	121.527	-380.1924	501.7193	0.387065	0.477022	0.00100044	0.134913	1.092301	0.0514469	0.08349847	0.2544504
438	105.3235	-396.4383	501.7618	0.310346	0.501635	0.000950974	0.187069	0.7777241	0.3873079	0.08964054	0.2544504
444	96.84714	-399.8397	496.6868	0.384871	0.38282	0.000319429	0.23199	16.3875	0.1338497	0.1837891	0.249691
450	118.1313	-384.3964	502.5276	0.616233	0.260177	0.0245727	0.0990175	0.5718017	0.1289833	0.270954	0.7698601
456	104.9674	-396.6222	501.5896	0.54757	0.231187	0.133258	0.0879847	0.8021962	0.8328079	0.1783797	0.5402069
462	111.3858	-390.0193	501.4051	0.272323	0.276247	0.216454	0.234976	0.4631909	0.8328079	0.1783797	1.058793
468	112.7932	-387.5819	500.3751	0.615418	0.0122886	0.178509	0.193784	0.5864719	0.7260026	0.1783797	2.280395
474	113.563	-384.1059	497.6689	0.398096	0.134787	0.224242	0.242874	7.08383	0.3651868	0.08658045	0.825392
480	113.4382	-383.441	496.8791	0.827418	0.0422614	0.0847346	0.0455857	6.802176	1.191621	0.09663804	0.972187
486	116.0209	-383.6638	499.6847	0.761513	0.116233	0.0504997	0.0717541	4.16822	0.4222908	0.1802216	0.4941587
492	115.9304	-386.0219	501.9523	0.595499	0.122257	0.184405	0.0978383	1.122592	0.2275389	0.1783062	0.4586145
498	116.4298	-386.2263	502.6561	0.295642	0.517251	0.0960286	0.0910784	0.504156	0.2448983	0.1783062	0.3577462
504	110.396	-390.9962	501.3922	0.184547	0.629938	0.0982226	0.0872926	1.390662	0.5349437	0.1558423	0.3577462
510	120.2308	-381.76	501.9908	0.601276	0.189649	0.129902	0.0791731	0.7139879	0.47947	0.1627422	0.5251175
516	116.6136	-385.6124	502.226	0.242946	0.599118	0.0557671	0.102169	1.082252	0.203565	0.212219	0.3295707
522	123.531	-379.1537	502.6846	0.406876	0.302786	0.195614	0.0947245	0.6461172	0.0483473	0.1987818	0.4614976
528	110.587	-392.1828	502.7698	0.569541	0.293642	0.0914504	0.0453674	0.6461172	0.04505824	0.1971568	0.3601188
534	116.1925	-384.428	500.6205	0.518836	0.102114	0.336975	0.0420744	0.9641774	0.8541419	0.09336141	0.8289011
540	106.6769	-396.0725	502.7494	0.362783	0.436555	0.0849154	0.115746	0.4861524	0.06639252	0.2412213	0.6479621
546	115.7936	-386.4681	502.2618	0.637086	0.150744	0.0247653	0.187404	0.9067198	0.2011968	0.2412213	0.5665603
552	113.0711	-388.2386	501.3097	0.549095	0.129924	0.132995	0.187986	1.04748	0.6757311	0.2506478	0.9053748
558	124.3031	-377.4477	501.7508	0.787783	0.0578221	0.0980425	0.056352	0.9689652	0.70825	0.2941216	0.5982534
564	112.8668	-389.4805	502.3473	0.623275	0.0949077	0.178957	0.102859	0.8197318	0.354483	0.2095508	0.303218
570	116.9604	-385.5954	502.5559	0.705093	0.0669417	0.111603	0.116362	0.3885637	0.3272047	0.144547	0.3306938
576	127.4134	-375.1029	502.5163	0.698208	0.0757193	0.110677	0.115396	0.3885637	0.1358592	0.1166132	0.42447
582	118.5512	-381.2118	499.763	0.361907	0.416983	0.120869	0.100241	4.342471	0.1534927	0.1224372	0.2632482
588	116.8209	-383.7678	500.5887	0.120649	0.447312	0.325781	0.106257	1.106479	1.052175	0.07394456	0.3056971
594	126.4467	-375.7252	502.1719	0.143609	0.302945	0.426968	0.126478	0.5006903	0.3323592	0.1014733	0.3434509
600	118.0953	-384.5675	502.6628	0.16378	0.152678	0.614817	0.0687239	0.2896373	0.2878851	0.1699033	0.4596698
606	109.4682	-393.4141	502.8823	0.230556	0.545477	0.188709	0.0352585	0.3510208	0.2152284	0.1963619	0.3559148
612	125.1208	-375.9374	501.0582	0.24529	0.616341	0.0725705	0.065798	0.2659375	1.241548	0.07572574	0.4979753
618	115.5388	-385.0922	500.631	0.226603	0.569385	0.143227	0.0607852	0.7441701	1.125809	0.08694559	0.7217426
624	131.6741	-371.0265	502.7005	0.0914777	0.816387	0.0231625	0.0689723	0.2291588	0.07595625	0.1140523	0.3238544
630	113.3128	-389.3661	502.6788	0.346132	0.327171	0.207763	0.118934	0.2419028	0.1281648	0.1182755	0.3238544
636	123.8976	-378.5407	502.4383	0.166999	0.421464	0.224015	0.187521	0.2419028	0.2945226	0.1059428	0.3013228
642	113.8366	-385.7902	499.6268	0.234114	0.277865	0.179969	0.308051	2.30872	0.6735875	0.1578401	1.280376
648	117.9578	-381.9396	499.8974	0.229798	0.0805351	0.378704	0.310963	1.219765	0.9510304	0.067441	0.9297054
654	120.5597	-380.6679	501.2276	0.245683	0.0861023	0.335755	0.332459	0.3447418	0.3418549	0.09991572	1.429006
660	125.2665	-373.3457	498.6122	0.356636	0.0997368	0.239516	0.304111	1.391287	0.6679022	0.1020893	3.256911
666	124.497	-375.7506	500.2476	0.543943	0.0633313	0.152089	0.240636	0.8922352	0.9145003	0.1010317	1.286176
672	125.6154	-371.0862	496.7015	0.282236	0.0670292	0.593312	0.0574231	12.47799	0.4651286	0.1010317	0.3163975
678	127.1438	-374.911	502.0548	0.132858	0.156133	0.401387	0.309621	0.470345	0.2091694	0.09856978	0.607774
684	124.6473	-376.4848	501.1322	0.38604	0.175724	0.300303	0.137933	2.091616	0.1947751	0.1511104	0.374969
690	121.7235	-380.9795	502.703	0.622893	0.213483	0.11579	0.0478336	0.3904295	0.1918808	0.1452465	0.312879
696	115.8502	-384.1706	500.0209	0.0750592	0.674022	0.197334	0.0535852	3.438997	0.1033867	0.08896116	0.2721738
702	118.3784	-382.6317	501.0101	0.019293	0.812717	0.103379	0.0646116	2.381578	0.1774754	0.192206	0.4788533
708	115.1242	-384.7547	499.8788	0.336679	0.30723	0.219133	0.136958	3.993632	0.3986307	0.267718	0.6266276
714	105.763	-393.1889	498.9519	0.0262541	0.504226	0.0946422	0.374878	0.4416096	0.8752606	0.1839253	4.910704
720	125.3751	-376.1922	501.5673	0.23822	0.360941	0.26927	0.13157	0.2649973	0.5091681	0.04886162	0.2919906
726	128.3597	-372.9471	501.3068	0.23822	0.360941	0.26927	0.13157	0.3437161	0.1717265	0.02675522	0.2072015
732	117.3705	-381.9144	499.2849	0.41314	0.428504	0.105919	0.0524365	1.920278	1.252552	0.05503423	0.4867286
738	118.543	-381.4033	499.9463	0.13975	0.627491	0.155105	0.0776537	0.04112534	1.252552	0.0722611	0.3550529
744	118.2764	-382.0588	500.3352	0.225424	0.485521	0.175711	0.113344	0.1074696	1.252552	0.03903898	0.3368948
750	117.0545	-384.1846	501.2391	0.545489	0.0597365	0.0328912	0.361883	0.4618655	0.483732	0.04023984	0.3673683
756	119.4917	-382.0992	501.5909	0.808931	0.037516	0.0127935	0.14076	0.3193503	0.4937827	0.06045378	0.4988361
762	116.338	-385.3649	501.7029	0.508135	0.298454	0.0320338	0.161377	0.06614869	0.02203862	0.06758948	0.2369762
768	122.5785	-379.425	502.0035	0.388252	0.464596	0.0419469	0.105205	0.07797085	0.08290033	0.08684957	0.2369762
774	121.2016	-381.3065	502.5082	0.390643	0.511757	0.0118902	0.0857092	0.3478475	0.1184231	0.09881775	0.3273967
780	120.4194	-380.9764	501.3957	0.278473	0.58729	0.0358778	0.0983595	1.469133	0.3022364	0.169806	0.5896355
786	118.3277	-382.3162	500.6439	0.334316	0.438854	0.156357	0.0704736	3.194421	0.05343864	0.171521	0.3757555
792	123.5929	-379.3495	502.9424	0.133733	0.588079	0.183751	0.0944369	0.1691092	0.03818247	0.171521	0.3754982
798	123.4324	-378.2449	501.6773	0.353368	0.315535	0.281131	0.0499658	1.636381	0.09161567	0.1704224	0.3677488
804	120.5684	-381.7348	502.3032	0.265474	0.206606	0.393496	0.134424	0.1057956	0.2374239	0.1458233	0.5015653
810	123.6281	-377.4394	501.0675	0.210561	0.605086	0.0777351	0.106618	0.04516162	0.7011095	0.1340773	0.4111168
816	120.3163	-381.7778	502.0941	0.114216	0.630427	0.133948	0.121408	0.5285437	0.5130953	0.1212528	0.3545237
822	119.5003	-382.1988	501.6992	0.385556	0.156649	0.380954	0.0768413	0.7925483	0.1025329	0.06180224	0.2043193
828	116.2796	-384.7862	501.0659	0.604131	0.0171813	0.314735	0.0639527	1.745023	0.3958215	0.1193942	0.3123743
834	109.4865	-390.8059	500.2924	0.32595	0.0186398	0.615802	0.0396087	3.392758	0.3176099	0.1773295	0.3716456
840	111.3479	-391.399	502.7469	0.29446	0.378636	0.301503	0.0254011	0.4965311	0.2399022	0.2063272	0.3735109
846	111.678	-390.7708	502.4488	0.226667	0.316194	0.448827	0.00831173	0.4281978	0.2270422	0.2063272	0.7502748
852	118.0826	-384.5427	502.6253	0.364934	0.509072	0.0820953	0.0438987	0.3097099	0.03381408	0.1106786	0.4305991
858	117.5283	-383.4906	501.0189	0.334787	0.498459	0.142066	0.0246887	1.382265	0.257557	0.1228119	0.8441097
864	106.2275	-395.3706	501.5981	0.469559	0.439765	0.061314	0.0293617	1.352389	0.255749	0.3831321	0.9085267
870	113.1361	-387.9085	501.0446	0.498878	0.371274	0.0976511	0.0321974	0.6281155	0.6654976	0.193111	1.503011
876	116.4653	-384.4464	500.9118	0.250232	0.530036	0.159659	0.060073	0.7982614	0.5831915	0.1813719	1.498594
882	108.4673	-387.4224	495.8897	0.0743314	0.106638	0.772388	0.0466429	19.1942	0.118395	0.1289623	0.4029808
888	114.6467	-384.3799	499.0266	0.0479549	0.0301467	0.832859	0.0890396	6.670602	0.1006524	0.1571043	0.3128208
894	121.887	-379.9348	501.8219	0.101619	0.0482425	0.661458	0.18868	0.9949746	0.1736533	0.1014074	0.3353657
900	129.5202	-373.3133	502.8335	0.0476396	0.804353	0.059553	0.088454	0.2958164	0.1869351	0.15553	0.2547193
906	127.1304	-375.5605	502.6909	0.0177013	0.857983	0.0635236	0.0607923	0.2709318	0.5429117	0.2367271	0.3671355
912	126.3698	-375.6209	501.9907	0.0445793	0.835927	0.0768646	0.0426292	0.05348373	0.3641263	0.2241149	0.3431759
918	130.5593	-372.1637	502.723	0.0736801	0.721495	0.168032	0.0367936	0.3263615	0.3604624	0.2241149	0.4788383
924	118.2285	-384.6156	502.8441	0.296139	0.498413	0.141583	0.0638662	0.1230332	0.0729441	0.2743538	0.5845646
930	124.0156	-378.2997	502.3154	0.19089	0.207415	0.420282	0.181414	0.2879818	0.1936761	0.3088875	1.209827
936	123.2556	-377.806	501.0615	0.314639	0.330935	0.0910715	0.263354	0.7776307	0.716176	0.1607825	1.125596
942	127.1433	-374.3326	501.4759	0.150789	0.689427	0.0410572	0.118726	0.0386327	0.2639963	0.2974567	0.7034442
948	121.2678	-381.2813	502.5491	0.27267	0.63737	0.0367983	0.0531614	0.1276547	0.4308614	0.2211863	0.4301156
954	119.0506	-383.709	502.7595	0.183914	0.257991	0.472589	0.0855063	0.5489904	0.2811979	0.2520086	0.3755793
960	125.3744	-377.2076	502.5821	0.518989	0.310429	0.0676958	0.102886	0.4136911	0.3338959	0.2479069	0.6304071
966	120.4053	-380.7592	501.1645	0.399284	0.28984	0.0297649	0.281111	0.7064088	0.2570075	0.2444405	1.919927
972	122.9928	-379.0226	502.0154	0.655868	0.25628	0.00914108	0.0787104	0.07322686	0.3967717	0.1894468	0.5244369
978	120.3076	-382.3068	502.6144	0.650181	0.138897	0.00906181	0.201861	0.3881951	0.2970864	0.2253419	0.6072342
984	119.6529	-383.0493	502.7022	0.607475	0.175274	0.0139196	0.203332	0.3414012	0.2848103	0.2769388	0.6658771
990	120.803	-381.7424	502.5454	0.669072	0.0260421	0.0809365	0.223949	0.3847691	0.1794608	0.2389531	0.8164961
996	123.6776	-378.9133	502.5909	0.780396	0.0297838	0.0925653	0.0972553	0.6783312	0.1134462	0.3304298	0.6937117
1002	115.2131	-387.5034	502.7166	0.599584	0.102737	0.20536	0.0923188	0.6783312	0.09452688	0.3304298	0.5926713
1008	112.8985	-390.2919	503.1904	0.611758	0.1075	0.237166	0.0435751	0.3185981	0.1269431	0.4054729	0.4794302
1014	107.1968	-394.5028	501.6996	0.662468	0.116411	0.115931	0.10519	0.06089493	0.3331536	0.2684381	0.8996309
1020	119.7647	-382.1909	501.9556	0.531468	0.157919	0.180728	0.129885	0.3771871	0.5394649	0.2102546	0.9775059
1026	118.3319	-381.146	499.4778	0.668076	0.189942	0.114158	0.0278238	4.168492	0.6949766	0.1623695	0.3363688
1032	122.6245	-379.3634	501.9879	0.665627	0.11839	0.177157	0.0388263	0.4756681	0.5179534	0.09647674	0.3136958
1038	117.0751	-383.9928	501.0679	0.396996	0.0557062	0.510578	0.0367202	0.249914	0.9439529	0.05380228	0.4889878
1044	128.3623	-373.8611	502.2234	0.541496	0.13027	0.235294	0.0929399	0.4876594	0.2403404	0.1126759	0.4998394
1050	120.5756	-380.1318	500.7074	0.433778	0.202254	0.289516	0.0744517	2.445199	0.1206186	0.1009061	0.2820305
1056	112.5513	-389.7805	502.3319	0.549	0.255977	0.100795	0.0942278	0.6764323	0.1437775	0.1186066	0.2739486
1062	125.9502	-375.5906	501.5409	0.682915	0.20608	0.0663728	0.0446323	1.536942	0.1016123	0.1184682	0.2739486
1068	116.0297	-386.9716	503.0013	0.424881	0.372488	0.0120773	0.190554	0.2141626	0.09275248	0.1769792	0.3036551
1074	110.352	-390.7921	501.1441	0.284039	0.404233	0.156452	0.155275	0.5231653	0.5283143	0.03855939	0.2311411
1080	119.0066	-381.3224	500.329	0.399962	0.175762	0.205631	0.218646	0.2498122	1.197765	0.02684062	0.2781168
1086	119.8176	-381.0867	500.9043	0.348611	0.103681	0.41873	0.128978	0.2498122	0.7530789	0.03071202	0.2478355
1092	114.0413	-388.0022	502.0435	0.154723	0.0302377	0.660569	0.15447	0.2498122	0.3650392	0.07123726	0.2145095
1098	115.6488	-386.2207	501.8695	0.195052	0.214978	0.356193	0.233776	0.2744045	0.1006576	0.04360199	0.2145095
1104	125.3801	-376.7987	502.1788	0.0978653	0.304545	0.465112	0.132478	0.1894115	0.1328202	0.06585557	0.2145095
1110	127.4022	-374.5456	501.9478	0.201352	0.12677	0.527168	0.14471	0.1894115	0.3681188	0.06585557	0.2240028
1116	131.0224	-371.2041	502.2265	0.116084	0.46535	0.328415	0.0901512	0.3946538	0.05616311	0.06646801	0.2699174
1122	124.3079	-378.09	502.3979	0.207823	0.642157	0.122191	0.0278287	0.356866	0.2208224	0.09579135	0.2699174
1128	119.1171	-379.8801	498.9973	0.173525	0.59631	0.206929	0.0232359	5.279796	0.4759486	0.1309413	0.3987858
1134	125.5883	-376.8277	502.416	0.208245	0.453441	0.193793	0.144521	0.6549651	0.3502533	0.2108595	0.4533098
1140	121.5742	-380.9824	502.5566	0.0409589	0.549247	0.234739	0.175056	0.3377755	0.2591833	0.2496627	0.7835537
1146	129.8118	-371.5087	501.3205	0.107536	0.810813	0.00962803	0.0720236	0.1660164	0.3713261	0.03425214	0.2234286
1152	132.1072	-369.3543	501.4615	0.414836	0.452884	0.00250353	0.129777	0.4938462	0.1938985	0.03676899	0.2234286
1158	124.8721	-376.044	500.9161	0.569883	0.2506	0.00123501	0.178282	0.05839729	0.1315539	0.03676899	0.2234286
1164	125.6528	-376.0037	501.6565	0.287564	0.581797	0.000612205	0.130027	0.3728949	0.01500168	0.03381462	0.1990461
1170	115.7398	-386.156	501.8958	0.366503	0.615947	0.00064814	0.0169017	0.2441802	0.03237548	0.04198243	0.2000033
1176	115.5608	-386.7889	502.3497	0.117206	0.854709	0.00463138	0.0234534	0.2397226	0.181702	0.081659	0.2371513
1182	103.5953	-398.5457	502.141	0.362819	0.452076	0.112503	0.0726015	0.1564381	0.1316194	0.06628539	0.2371513
1188	105.8125	-397.0808	502.8933	0.571126	0.176695	0.137894	0.114285	0.2688708	0.1647476	0.1771255	0.3741588
1194	114.0607	-387.5675	501.6283	0.487629	0.27183	0.137016	0.103525	0.03954341	0.04763276	0.1382157	0.3363166
1200	114.3312	-386.3994	500.7307	0.422549	0.0818784	0.405865	0.0897085	0.0269502	0.01590781	0.08403638	0.22811
1206	108.4889	-393.9822	502.4712	0.719356	0.0406686	0.196535	0.0434403	0.3984958	0.3210657	0.1321146	0.3573981
1212	104.1117	-398.1218	502.2335	0.754267	0.0259615	0.156713	0.0630588	0.9984896	0.3185852	0.235692	0.3573981
1218	109.5151	-391.9661	501.4812	0.341596	0.0990572	0.519024	0.0403233	2.174993	0.06922897	0.235692	0.3634819
1224	112.2493	-387.9224	500.1717	0.484845	0.178201	0.0644662	0.272488	2.573646	0.1473694	0.1642616	1.100288
1230	123.2272	-377.0409	500.2681	0.338245	0.260376	0.0767921	0.324587	1.543322	0.6391261	0.1792629	1.352451
1236	121.1148	-381.2893	502.4041	0.326346	0.204363	0.277409	0.191882	0.5352592	0.3257372	0.205964	0.5997333
1242	113.4524	-388.5174	501.9698	0.538002	0.144676	0.264264	0.0530571	0.7628735	0.3973127	0.1193116	0.3258776
1248	120.2606	-382.0167	502.2773	0.47508	0.339366	0.0280237	0.15753	0.9023204	0.12343	0.1704844	0.4254467
1254	118.1755	-383.6753	501.8508	0.470261	0.4158	0.0302867	0.0836515	1.052425	0.1867295	0.1172493	0.356919
1260	111.0177	-390.4835	501.5012	0.41331	0.382282	0.131823	0.0725854	1.270771	0.408558	0.1371101	0.4029602
1266	110.7179	-390.9419	501.6597	0.358195	0.215839	0.347836	0.0781292	0.2809333	0.6528986	0.07589355	0.4834939
1272	116.922	-384.488	501.4101	0.383057	0.505719	0.00906721	0.102157	0.1075117	0.716229	0.07063913	0.3227284
1278	120.2723	-380.8549	501.1272	0.160805	0.677601	0.0247172	0.136877	0.2735787	0.8569466	0.04507901	0.3283406
1284	119.3108	-382.4508	501.7616	0.163148	0.675709	0.0246482	0.136495	0.4836272	0.5661948	0.0799092	0.3396183
1290	114.3199	-386.4898	500.8097	0.0203975	0.33558	0.250855	0.393168	0.2229384	0.6533404	0.03349545	0.5967132
1296	120.8877	-379.6517	500.5395	0.287825	0.243206	0.221885	0.247084	0.2229384	0.8282812	0.02274706	0.2558018
1302	124.2274	-375.703	499.9304	0.264084	0.362933	0.26973	0.103253	0.2229384	1.235675	0.01843999	0.2607916
1308	116.5849	-385.315	501.9	0.00575751	0.602214	0.283503	0.108526	0.2893504	0.2425452	0.05249474	0.2592102
1314	118.0956	-384.0257	502.1212	0.00478981	0.494887	0.267751	0.232572	0.2893504	0.3866669	0.133133	0.7233969
1320	114.3795	-386.8162	501.1956	0.00544688	0.562776	0.304482	0.127296	0.5025046	0.4966131	0.133133	1.384255
1326	114.6267	-386.7975	501.4242	0.0128914	0.403072	0.478829	0.105208	0.9070993	0.377896	0.08131453	0.4597386
1332	116.6526	-385.1104	501.763	0.293754	0.425079	0.107481	0.173687	1.202224	0.3213579	0.1580805	0.3906957
1338	123.7884	-377.3442	501.1326	0.384156	0.358881	0.110325	0.146638	2.144814	0.07003502	0.1245875	0.276858
1344	103.1158	-399.0571	502.1729	0.384156	0.358881	0.110325	0.146638	0.3786992	0.2021258	0.07279437	0.2618497
1350	104.7551	-398.3111	503.0662	0.353062	0.0424067	0.487812	0.116719	0.3614423	0.02042833	0.182343	0.2663898
1356	108.9863	-393.2455	502.2318	0.413096	0.266609	0.145058	0.175237	0.08510766	0.3796474	0.182343	0.4237502
1362	122.3315	-380.5584	502.8899	0.189137	0.549378	0.217342	0.044143	0.1864448	0.1991021	0.2622223	0.5458796
1368	97.7038	-401.1276	498.8314	0.563328	0.0960977	0.290758	0.0498161	6.062133	0.2477095	0.1500671	0.5844194
1374	122.4742	-377.4154	499.8897	0.765939	0.121476	0.0368115	0.0757733	4.777595	0.1336157	0.2498444	0.4807162
1380	130.4481	-371.238	501.6861	0.768247	0.152096	0.0260451	0.0536117	1.136511	0.5889946	0.2305768	0.5036129
1386	120.799	-380.3097	501.1087	0.141107	0.659512	0.0840335	0.115347	1.071045	0.7038012	0.1257377	0.628684
1392	129.0046	-373.4963	502.5009	0.207588	0.578969	0.0986785	0.114764	0.5715251	0.05716399	0.1146605	0.2821227
1398	132.6542	-369.9301	502.5843	0.665976	0.0733497	0.153977	0.106697	0.2838475	0.1429445	0.1076777	0.3279563
1404	133.9609	-368.9989	502.9597	0.471734	0.377792	0.0788264	0.0716473	0.3108928	0.1062308	0.1736136	0.3210738
1410	118.0668	-384.0838	502.1506	0.659278	0.0348124	0.187365	0.118545	0.5756496	0.08962791	0.07802387	0.2878814
1416	117.2376	-384.5529	501.7905	0.872768	0.00349076	0.00886692	0.114875	0.8027633	0.2997086	0.1003136	0.451267
1422	124.738	-374.7387	499.4766	0.55181	0.00375352	0.376974	0.0674627	3.072738	0.5767051	0.08473634	0.5693434
1428	118.6779	-382.5556	501.2334	0.41511	0.00374494	0.422132	0.159013	0.5485762	0.3082776	0.1727293	1.719445
1434	122.486	-379.1325	501.6185	0.847627	0.00764692	0.0717707	0.0729556	1.264371	0.1595474	0.1144213	0.4054421
1440	115.114	-387.3998	502.5138	0.588971	0.0713415	0.3076	0.0320873	0.4843894	0.3648942	0.1613052	0.3193245
1446	123.9768	-378.6906	502.6674	0.349336	0.491592	0.138367	0.020705	0.5784957	0.04200838	0.145078	0.3193245
1452	136.9615	-365.1601	502.1215	0.660635	0.158059	0.0959251	0.085381	0.3572619	0.2672214	0.07513469	0.335164
1458	117.6674	-384.9049	502.5723	0.378256	0.258021	0.197989	0.165734	0.2596227	0.3133002	0.1621395	0.5014491
1464	126.0091	-375.5231	501.5322	0.395529	0.276085	0.167034	0.161353	1.24322	0.2538733	0.1395254	0.5699726
1470	128.4491	-373.9979	502.4469	0.408367	0.346145	0.124868	0.120621	0.4336056	0.388324	0.1559179	0.4129414
1476	116.8258	-385.1159	501.9417	0.436056	0.173361	0.371029	0.0195551	1.005671	0.1412766	0.110571	0.2495163
1482	114.0231	-388.23	502.2531	0.0408199	0.407714	0.399179	0.152287	0.3259118	0.3633952	0.09589239	0.3268268
1488	120.5452	-381.2258	501.771	0.0363779	0.465751	0.418479	0.079393	0.3913344	0.6007888	0.07550649	0.3268268
1494	105.4344	-396.4914	501.9258	0.249177	0.356549	0.336911	0.0573624	1.236016	0.05141416	0.1308773	0.3000128
1500	113.2809	-387.7634	501.0444	0.31545	0.408059	0.157288	0.119203	2.099346	0.2759335	0.3988936	0.8468441
1506	118.0133	-381.7556	499.7689	0.252116	0.528144	0.0880115	0.131728	1.359819	0.2225166	0.2329987	3.050655
1512	111.8993	-387.6997	499.599	0.105673	0.690951	0.0310418	0.172335	0.6317484	0.5008999	0.2148886	4.110302
1518	115.4186	-384.4143	499.8329	0.313754	0.313665	0.0390828	0.333498	1.293054	0.4137027	0.2852084	2.89011
1524	111.5365	-389.3061	500.8426	0.270595	0.210594	0.181338	0.337473	0.4082137	1.056955	0.1061158	1.072622
1530	121.2337	-378.4381	499.6718	0.601371	0.110292	0.0949708	0.193366	1.085297	0.5708824	0.1007869	2.17882
1536	130.2103	-371.7383	501.9486	0.640929	0.117547	0.0354386	0.206085	0.5749333	0.4865886	0.1640823	0.7039437
1542	137.0283	-365.0527	502.081	0.784711	0.0737004	0.0123768	0.129212	0.3808634	0.4449513	0.09421532	0.381745
1548	118.3445	-384.0144	502.3589	0.652009	0.109668	0.0460508	0.192272	0.40689	0.05886175	0.1015868	0.5389257
1554	120.2359	-382.1686	502.4045	0.471276	0.079269	0.243581	0.205874	0.3768516	0.372679	0.185785	0.6351758
1560	121.9675	-380.6977	502.6652	0.532247	0.18215	0.155062	0.130541	0.3768516	0.2871663	0.2733055	0.6689681
1566	121.9984	-380.5879	502.5863	0.210351	0.292116	0.301912	0.195622	0.3903354	0.250652	0.2060972	0.6281615
1572	127.7415	-373.3362	501.0777	0.229958	0.620306	0.0657408	0.0839958	2.39612	0.1283943	0.1706965	0.3592384
1578	123.1334	-378.7919	501.9252	0.125207	0.793265	0.0357944	0.0457339	0.9665964	0.5109414	0.1706965	0.251203
1584	131.8136	-369.0989	500.9125	0.135154	0.730307	0.0924355	0.0421042	0.8057925	0.705041	0.05012996	0.251203
1590	132.0965	-369.5549	501.6514	0.49191	0.26338	0.130875	0.113835	0.8057925	0.06289118	0.05664932	0.3027383
1596	125.9455	-374.2114	500.1569	0.137162	0.692867	0.106357	0.0636136	2.438189	0.6192465	0.09495654	0.3027383
1602	125.6132	-376.473	502.0862	0.0834707	0.627901	0.0963845	0.192244	0.371985	0.5061552	0.1797896	0.7939203
1608	121.1222	-381.1726	502.2947	0.115511	0.610659	0.0867748	0.187056	0.6418871	0.1253337	0.187816	0.7344999
1614	116.3057	-385.6296	501.9353	0.0495452	0.646692	0.0658885	0.237874	0.6629719	0.3957232	0.1138064	0.4577145
1620	113.6461	-383.1266	496.7727	0.438963	0.381731	0.0388929	0.140413	15.67096	0.08850818	0.1806236	0.4058964
1626	119.6849	-381.9377	501.6225	0.202559	0.442891	0.19164	0.162909	0.6396363	0.2156325	0.115297	0.9674372
1632	121.6706	-380.3007	501.9713	0.103819	0.745335	0.114958	0.035888	1.326963	0.1925028	0.2815946	0.5344382
1638	124.9182	-375.8088	500.727	0.172156	0.521779	0.248362	0.0577034	1.283284	0.6928528	0.1359305	0.8649183
1644	113.9096	-383.5781	497.4877	0.409961	0.353801	0.0484654	0.187773	2.999381	1.408659	0.04598926	1.225816
1650	114.6603	-379.6199	494.2802	0.150569	0.546319	0.0590053	0.244106	12.93902	1.408659	0.02503601	0.4793527
1656	119.7812	-380.255	500.0362	0.166126	0.597713	0.080101	0.15606	0.7067654	1.306264	0.03808485	0.4565143
1662	118.1898	-382.5372	500.727	0.510079	0.33246	0.140011	0.0174506	0.508461	1.012254	0.05647058	0.6213272
1668	120.722	-377.8108	498.5328	0.363922	0.137619	0.426009	0.0724498	3.179997	1.135221	0.09095805	0.9333196
1674	129.975	-370.9907	500.9657	0.714253	0.147935	0.0589629	0.078849	1.265462	0.8206857	0.1169586	0.4142103
1680	120.6022	-380.2737	500.8759	0.79055	0.0151888	0.10699	0.0872716	2.436874	0.3149464	0.2141724	0.5025529
1686	120.0918	-382.1993	502.2911	0.811855	0.00396077	0.0945603	0.0896236	0.9465534	0.1264044	0.1939897	0.4475067
1692	121.8362	-380.8438	502.68	0.754318	0.0769321	0.085478	0.0832719	0.4796384	0.03946999	0.1280831	0.3187861
1698	135.6025	-366.999	502.6015	0.618875	0.102973	0.216063	0.0620888	0.570596	0.07483915	0.1526894	0.4229821
1704	125.7993	-376.8468	502.6462	0.671951	0.0886328	0.185974	0.0534423	0.6009833	0.06794828	0.2568186	0.6627332
1710	117.3829	-384.6224	502.0053	0.737309	0.0950249	0.146196	0.02147	0.9050885	0.4174926	0.2724512	0.6627332
1716	109.132	-393.6912	502.8232	0.867309	0.0662818	0.0419484	0.024461	0.5057929	0.04732984	0.3236054	0.6997603
1722	117.7923	-379.9155	497.7078	0.123562	0.168751	0.213993	0.493694	0.5273121	0.009953926	0.2544003	11.98359
1728	114.8476	-386.1761	501.0238	0.489812	0.0982325	0.124568	0.287387	0.9170533	0.01579419	0.1275432	1.602014
1734	107.1415	-394.2004	501.342	0.204356	0.0982677	0.409886	0.28749	0.8236951	0.001509963	0.1027311	1.182193
1740	119.8248	-380.9353	500.7601	0.355122	0.394785	0.231587	0.0185052	3.113616	0.1273379	0.2434121	0.4488332
1746	124.2132	-376.5414	500.7546	0.116112	0.743451	0.0697942	0.0706431	3.151246	0.09102099	0.1922083	0.2906745
1752	125.8999	-375.2676	501.1674	0.220906	0.417313	0.168656	0.193125	2.213017	0.01904738	0.1605927	0.4811406
1758	127.5805	-374.0626	501.6431	0.204553	0.642753	0.0563139	0.0963804	1.129127	0.06972069	0.114631	0.6030696
1764	119.3067	-382.8695	502.1762	0.294245	0.499442	0.0848151	0.121498	0.7007635	0.220342	0.1530379	0.5695476
1770	117.5089	-382.491	499.9999	0.550453	0.19855	0.217368	0.0336294	4.012127	0.1816501	0.1545951	0.3849806
1776	120.3938	-380.9956	501.3894	0.150322	0.376094	0.157598	0.315986	1.549756	0.03050381	0.1315969	0.6183843
1782	120.8768	-381.0797	501.9564	0.208644	0.602979	0.0455434	0.142833	0.2144174	0.0244617	0.1336351	1.250692
1788	119.8707	-381.5099	501.3806	0.428841	0.434676	0.11447	0.0220134	0.8278204	0.6679522	0.2339153	1.028747
1794	118.7492	-380.1718	498.921	0.637142	0.0328881	0.318651	0.0113185	2.410586	0.8343749	0.1012762	1.440905
1800	114.9691	-384.3895	499.3587	0.64588	0.0960951	0.18121	0.0768144	2.320728	0.7117521	0.1445442	1.45903
1806	122.8266	-379.7753	502.6019	0.452008	0.194146	0.230994	0.122851	0.4353405	0.2718817	0.1642862	0.4076723
1812	130.8451	-371.3281	502.1732	0.586634	0.135053	0.181686	0.0966269	0.9557346	0.1486976	0.1551184	0.3787551
1818	130.5643	-372.0174	502.5817	0.360523	0.481757	0.109097	0.0486231	0.3777257	0.3926033	0.1653388	0.346788
1824	126.0379	-375.8902	501.9281	0.406927	0.281006	0.180704	0.131363	1.094855	0.220684	0.1529129	0.409184
1830	133.4371	-367.9782	501.4153	0.458175	0.190457	0.203462	0.147907	0.9242866	0.4599365	0.0854105	0.4048211
1836	121.7785	-377.2184	498.9969	0.493415	0.287739	0.0764484	0.142398	4.456226	0.5161354	0.09235293	0.4566103
1842	123.5025	-378.607	502.1095	0.601803	0.151964	0.085353	0.16088	0.5610226	0.1805784	0.08155939	0.2949837
1848	127.6884	-374.7695	502.4578	0.365647	0.285169	0.251435	0.0977486	0.393992	0.334684	0.1285814	0.3323537
1854	120.5822	-378.2459	498.8281	0.245905	0.512504	0.196217	0.0453738	7.358957	0.2249419	0.2049953	0.3270879
1860	127.3711	-372.8729	500.244	0.347184	0.448719	0.140036	0.0640615	4.224123	0.1047971	0.2753755	0.4577231
1866	128.7368	-373.5407	502.2775	0.458347	0.377791	0.117901	0.0459615	0.4376334	0.5389688	0.1999677	0.5915102
1872	117.3341	-382.894	500.2281	0.198304	0.519712	0.165501	0.116483	2.736485	0.335644	0.3115602	1.09621
1878	125.3719	-376.6083	501.9803	0.205233	0.52073	0.135729	0.138307	0.8324716	0.2318809	0.1295251	0.4969781
1884	122.9386	-378.7009	501.6395	0.693332	0.0747125	0.140457	0.0914984	1.92589	0.04380013	0.2134707	0.3596902
1890	122.8978	-378.9954	501.8931	0.474726	0.0989401	0.305165	0.121169	0.9006278	0.106746	0.09180345	0.352113
1896	127.8027	-374.2864	502.0891	0.328641	0.0265563	0.520593	0.124209	0.6379174	0.4116441	0.1608569	0.566201
1902	120.7938	-381.8103	502.6041	0.112893	0.737212	0.0065108	0.143384	0.6363413	0.1807689	0.1975752	0.4119925
1908	122.6169	-380.4046	503.0215	0.179535	0.706487	0.00495074	0.109028	0.2971718	0.1826584	0.2127802	0.3076058
1914	117.979	-384.7296	502.7087	0.401106	0.474489	0.0265283	0.0978768	0.2874157	0.1974051	0.1501622	0.4175853
1920	113.6733	-388.6067	502.2799	0.591347	0.321634	0.0241001	0.0629193	0.5656092	0.4230622	0.2245879	0.642356
1926	110.9466	-389.7418	500.6884	0.388439	0.285087	0.058935	0.267539	1.764138	0.1473428	0.209322	1.334908
1932	107.8262	-392.7464	500.5726	0.347991	0.164707	0.391699	0.095604	2.861589	0.2949806	0.1812774	0.4496233
1938	115.5522	-385.6154	501.1676	0.521448	0.337237	0.0823663	0.0589482	1.94608	0.2160119	0.1524839	0.4431578
1944	119.7947	-382.8181	502.6129	0.160934	0.580859	0.237919	0.0202875	0.7873889	0.1146175	0.2153123	0.3454101
1950	117.0632	-385.6358	502.699	0.234182	0.425104	0.316084	0.02463	0.1526578	0.1760617	0.1497066	0.347803
1956	115.1477	-382.0267	497.1744	0.482548	0.205294	0.147035	0.165123	9.726483	0.104595	0.05252194	0.3381174
1962	121.4959	-380.7783	502.2742	0.388248	0.322821	0.165659	0.123272	0.2201853	0.5219779	0.2271707	0.7790143
1968	138.1522	-364.1051	502.2573	0.447278	0.373465	0.0180067	0.16125	0.5359631	0.3280798	0.1584344	0.5772514
1974	122.4401	-378.3685	500.8087	0.570684	0.195137	0.147984	0.0861945	1.998708	0.4164144	0.1126543	0.3013482
1980	129.5062	-371.2678	500.774	0.15017	0.492852	0.276614	0.0803645	2.547701	0.4654551	0.2002992	0.3013482
1986	124.3881	-375.0868	499.4749	0.305248	0.507355	0.112517	0.0748799	3.997849	0.2059881	0.07442233	0.2742444
1992	126.2222	-375.4601	501.6823	0.559794	0.348029	0.0454298	0.0467479	0.9535151	0.4401407	0.1291809	0.4592494
1998	121.8049	-380.5933	502.3982	0.1638	0.475692	0.264875	0.0956334	0.5637274	0.1725797	0.1342784	0.4460378
2004	111.0971	-387.3166	498.4137	0.634388	0.162312	0.162004	0.0412957	5.681796	0.7868732	0.103604	0.286899
2010	122.3445	-379.3442	501.6887	0.730501	0.0551612	0.168716	0.0456226	1.398571	0.1667649	0.1373197	0.3183721
2016	118.7367	-383.0298	501.7665	0.603294	0.188807	0.163514	0.0443851	1.506963	0.03263287	0.1574314	0.4001642
2022	124.1504	-378.6157	502.7662	0.4572	0.193237	0.330009	0.0195543	0.3801778	0.2394743	0.1709851	0.3294187
2028	132.16	-368.3599	500.5199	0.231096	0.278691	0.387687	0.102526	2.166139	0.5213388	0.1102247	0.3720691
2034	118.3719	-382.8176	501.1895	0.129329	0.344915	0.490157	0.0355986	1.861269	0.5282933	0.2111547	0.3720691
2040	131.013	-371.0649	502.0779	0.19366	0.508587	0.191908	0.105845	0.9060822	0.04124837	0.1092993	0.3720691
2046	123.1024	-378.5895	501.6919	0.258988	0.483172	0.230501	0.0273397	1.311051	0.4269799	0.1925799	0.381927
2052	125.6268	-376.6308	502.2576	0.228565	0.471846	0.141556	0.158033	0.4169061	0.2822346	0.1570978	0.7236372
2058	120.5694	-379.4534	500.0227	0.409436	0.0641379	0.384531	0.141895	2.308925	0.3863652	0.1570978	1.160786
2064	122.0413	-379.3997	501.441	0.332442	0.0318343	0.520512	0.115212	1.478021	0.1931044	0.1116311	0.3102725
2070	124.3735	-377.5034	501.8769	0.00820767	0.754767	0.181933	0.0550923	0.5671433	0.6134444	0.1074051	0.3290593
2076	120.5955	-380.9695	501.565	0.00932249	0.66961	0.206644	0.114424	0.6206194	0.8033346	0.09736789	0.306509
2082	118.6512	-378.5974	497.2485	0.0127314	0.59701	0.250723	0.139535	13.12383	0.1372617	0.2397592	0.5705433
2088	113.5564	-384.2692	497.8256	0.203738	0.344346	0.319735	0.132181	6.253179	0.8749468	0.08435683	0.4467591
2094	129.9843	-372.4211	502.4054	0.220958	0.492351	0.202837	0.0838542	0.8523667	0.1522323	0.2206449	0.4810314
2100	122.6371	-379.6769	502.314	0.188225	0.617026	0.123317	0.0714321	0.8935546	0.1996876	0.2135979	0.4634292
2106	115.8388	-384.1742	500.013	0.274758	0.613342	0.0955512	0.0163488	3.797706	0.437896	0.2719657	0.56336
2112	119.4733	-382.9848	502.458	0.314548	0.0927049	0.574031	0.0187164	1.024355	0.03019848	0.2325695	0.3972451
2118	124.4791	-377.3507	501.8298	0.30391	0.0895697	0.554618	0.0519023	1.259116	0.09106807	0.1936405	0.6366061
2124	120.8618	-381.2834	502.1452	0.885559	0.0165157	0.0572347	0.0406911	1.259116	0.0776085	0.2862704	0.5444792
2130	108.7626	-392.5218	501.2843	0.876945	0.016355	0.056678	0.0500218	1.527131	0.4029759	0.2764224	0.812024
2136	114.0142	-386.7641	500.7783	0.368672	0.116376	0.334216	0.180736	0.5973731	0.8116984	0.1018358	1.166692
2142	109.6738	-390.6971	500.3708	0.512961	0.0412454	0.216366	0.229428	0.0756107	0.6141865	0.1855678	2.109055
2148	120.8877	-381.0862	501.9739	0.46267	0.047445	0.195153	0.294732	0.2361814	0.3761722	0.1710681	1.052956
2154	126.7191	-374.6163	501.3354	0.144785	0.150981	0.507034	0.1972	0.6143845	0.600485	0.1002626	0.7920883
2160	121.439	-379.6142	501.0532	0.663191	0.119421	0.116066	0.101322	0.6143845	0.7182879	0.04892815	0.3292588
2166	123.7345	-377.5864	501.3208	0.0855636	0.579077	0.298171	0.0371883	1.302332	0.4159624	0.1033219	0.2947252
2172	130.0929	-371.3385	501.4314	0.336488	0.305786	0.302525	0.0552014	0.2111367	0.3144439	0.03415949	0.2496002
2178	134.3774	-367.8944	502.2718	0.120235	0.234968	0.529115	0.115682	0.1581548	0.1230441	0.08115327	0.3719078
2184	136.1626	-364.4119	500.5745	0.0249936	0.245856	0.658109	0.0710419	0.02333333	0.1793273	0.1176358	0.326487
2190	137.6687	-362.9218	500.5904	0.0379176	0.372985	0.48132	0.107777	0.186402	1.044591	0.03203997	0.3346754
2196	125.0461	-376.5002	501.5463	0.0708736	0.361883	0.171907	0.395336	0.2955494	0.2235022	0.03620509	0.3381787
2202	122.0304	-379.5612	501.5916	0.07037	0.34361	0.210646	0.375374	0.2890799	0.4910476	0.05148463	0.3547717
2208	112.0434	-390.1708	502.2142	0.173063	0.0280856	0.564089	0.234763	0.2890799	0.216763	0.07299968	0.2628055
2214	116.9732	-384.6655	501.6387	0.207247	0.0181592	0.540255	0.234339	0.2437954	0.3574392	0.08643721	0.895627
2220	125.1546	-376.3731	501.5277	0.754978	0.0324719	0.0781786	0.134371	0.7776158	0.4470135	0.1000892	0.59058
2226	118.426	-382.3222	500.7482	0.813822	0.0333031	0.0618988	0.0909756	0.8635165	1.109786	0.08414233	0.4779773
2232	111.3714	-388.8052	500.1766	0.291609	0.455825	0.115817	0.136749	2.112469	0.9284271	0.111605	0.3512311
2238	119.5509	-381.5546	501.1054	0.166179	0.431595	0.272745	0.12948	0.9310912	0.7881619	0.08924754	0.4175053
2244	114.7412	-385.6687	500.4099	0.353137	0.395781	0.180155	0.0709267	0.9985843	0.9418229	0.08627167	0.8515434
2250	113.9101	-387.8757	501.7858	0.232232	0.393705	0.299902	0.07416	0.7915276	0.5726761	0.2161974	0.7226399
2256	127.7217	-374.2999	502.0216	0.32318	0.257286	0.250088	0.169446	0.5836611	0.1062111	0.1470878	0.917408
2262	124.5936	-376.2718	500.8655	0.225396	0.513017	0.18703	0.0745568	1.612682	0.3951162	0.1130745	0.6104769
2268	110.5478	-390.6152	501.1631	0.0990887	0.131837	0.687003	0.0820711	0.5213122	1.058728	0.0809723	0.4387651
2274	115.4017	-381.6232	497.0248	0.531108	0.188582	0.162913	0.117396	6.200425	0.962569	0.03797956	0.475711
2280	134.032	-367.0937	501.1256	0.597953	0.0168292	0.183418	0.2018	0.3535207	0.9872294	0.08153082	0.6979223
2286	127.3749	-371.3776	498.7525	0.50222	0.0196274	0.20846	0.269692	1.583584	1.297113	0.06545452	1.401251
2292	115.4196	-385.1826	500.6022	0.256808	0.0595353	0.447532	0.236125	1.583584	0.6206226	0.2120806	1.088872
2298	122.1536	-378.2955	500.449	0.0634318	0.594597	0.223859	0.118112	0.5272736	0.3377937	0.1302292	2.510906
2304	118.6017	-380.6732	499.2749	0.481664	0.194967	0.156204	0.167164	0.3466387	0.6940463	0.1738889	4.685295
2310	124.1711	-376.7627	500.9338	0.0357253	0.347592	0.3395	0.277183	0.4424388	0.45486	0.1727626	2.05243
2316	131.2984	-371.1343	502.4327	0.100219	0.362326	0.433122	0.104333	0.7050585	0.216968	0.1644387	0.3407329
2322	127.4482	-374.9105	502.3587	0.146137	0.408045	0.352974	0.0928432	0.2990184	0.2616736	0.0927436	0.2900799
2328	126.132	-374.3193	500.4513	0.134644	0.6196	0.144482	0.101274	1.483664	0.2864854	0.03962546	0.2043218
2334	120.3602	-379.3387	499.6989	0.237247	0.416006	0.284835	0.061912	0.7802619	1.294294	0.02491157	0.2722325
2340	114.8289	-385.7774	500.6064	0.153188	0.0473397	0.759496	0.0399761	0.9377909	0.8957595	0.05469036	0.3740513
2346	121.3716	-379.2256	500.5973	0.0760055	0.0424055	0.753234	0.128355	0.05861573	0.4772493	0.09500145	1.127168
2352	132.5042	-370.2646	502.7688	0.260435	0.477319	0.116565	0.14568	0.1813589	0.05629648	0.180693	0.5923502
2358	130.0704	-370.6686	500.7389	0.231473	0.622828	0.0692188	0.0764798	1.255321	0.5940833	0.1593415	1.088337
2364	122.9866	-378.0329	501.0196	0.461097	0.177817	0.162663	0.198423	0.5425387	0.2885245	0.2951504	2.438401
2370	108.4273	-393.3694	501.7967	0.367185	0.284317	0.0945002	0.253997	0.4007833	0.3143734	0.2792815	1.526879
2376	118.86	-383.7618	502.6218	0.33569	0.182827	0.0815316	0.399951	0.4007833	0.1894386	0.3112353	0.8358329
2382	112.8116	-389.7682	502.5798	0.561731	0.083715	0.308637	0.0459167	0.5100529	0.3315946	0.1901028	0.3893445
2388	116.5277	-384.8003	501.3281	0.743496	0.0376908	0.158039	0.0607744	1.945729	0.2323012	0.1901028	0.4082424
2394	121.564	-380.8571	502.4212	0.553599	0.29911	0.117674	0.0296176	0.8776175	0.1845843	0.2176189	0.3907153
2400	115.0348	-387.3613	502.3961	0.350866	0.410811	0.161619	0.0767038	0.8776175	0.3323255	0.3943684	0.5176006
2406	100.9305	-400.4386	501.369	0.499375	0.345097	0.111994	0.0435339	1.756118	0.4394756	0.2540473	0.4756485
2412	113.8802	-386.0759	499.9561	0.590788	0.12048	0.207913	0.0808192	4.378019	0.08215661	0.2540473	0.6521683
2418	106.9618	-396.1556	503.1174	0.682388	0.173392	0.0279064	0.116313	0.2806577	0.1398721	0.2795976	0.4328868
2424	103.4419	-398.4737	501.9156	0.591546	0.239197	0.017443	0.151815	1.353304	0.2952483	0.3101282	0.5033111
2430	113.024	-390.0401	503.0641	0.364526	0.528075	0.0138465	0.0935521	0.4293869	0.03271689	0.2646776	0.4713926
2436	115.178	-387.3059	502.4839	0.408517	0.469328	0.011357	0.110798	0.1090247	0.4216741	0.2195564	0.4116983
2442	100.8561	-401.3225	502.1786	0.635943	0.121303	0.214558	0.0281966	0.3947264	0.5952622	0.127282	0.3486798
2448	119.9203	-383.1645	503.0848	0.555406	0.143853	0.254443	0.0462987	0.3941367	0.03535892	0.2085831	0.3256513
2454	119.9021	-381.5378	501.4399	0.531528	0.242207	0.212756	0.013509	1.470706	0.30701	0.1298327	0.3256513
2460	120.9204	-380.6337	501.5541	0.703112	0.0151003	0.277047	0.00474063	1.285836	0.3305401	0.1298327	0.367043
2466	124.1699	-376.4865	500.6565	0.704677	0.0063742	0.275507	0.0134413	2.119802	0.5466744	0.1298327	0.367043
2472	116.3258	-385.434	501.7598	0.649516	0.0165786	0.298947	0.0349593	0.7655171	0.3561094	0.09921977	0.4562421
2478	114.4752	-387.1922	501.6674	0.746559	0.0188347	0.204518	0.0300883	0.8509765	0.4261294	0.09202832	0.241469
2484	117.0731	-385.4028	502.4759	0.57415	0.133055	0.25092	0.0418751	0.7998193	0.297368	0.2389485	0.3424279
2490	122.6788	-379.9096	502.5883	0.499721	0.261441	0.187292	0.051545	0.2215719	0.3226023	0.1483902	0.403064
2496	119.6467	-383.0061	502.6528	0.713276	0.133718	0.0711406	0.0818647	0.3398858	0.253508	0.1532284	0.403064
2502	116.9221	-385.3275	502.2496	0.507685	0.232242	0.0866839	0.173389	0.3398858	0.6154715	0.1376027	0.3585191
2508	118.4603	-382.8666	501.3269	0.545001	0.249313	0.0930553	0.112631	1.347829	0.149485	0.07848861	0.2298614
2514	102.7573	-399.2384	501.9956	0.0428612	0.770493	0.161339	0.0253073	1.062347	0.4139226	0.1980237	0.3272721
2520	105.3559	-397.1741	502.53	0.383639	0.331767	0.211799	0.0727957	0.4590598	0.2918402	0.1504485	0.3700508
2526	111.9366	-389.4949	501.4315	0.347407	0.367051	0.222459	0.0630832	0.6811257	0.6262378	0.07196651	0.2950973
2532	106.0947	-396.4452	502.5399	0.731331	0.00593617	0.226718	0.0360149	0.3115923	0.1840514	0.1053418	0.256959
2538	109.8051	-392.7061	502.5112	0.486454	0.013562	0.465257	0.0347273	0.3527394	0.07142301	0.09112781	0.256959
2544	110.1411	-392.2454	502.3865	0.403904	0.438081	0.0690668	0.0889488	0.0566274	0.1368219	0.2657078	0.311294
2550	116.5524	-384.2642	500.8166	0.404837	0.203812	0.377041	0.0143095	1.319953	0.8263304	0.09886133	0.3670222
2556	114.3709	-387.2839	501.6548	0.27921	0.457607	0.253315	0.00986907	0.2070361	0.9468417	0.09103358	0.2918873
2562	121.5012	-381.0947	502.5959	0.294808	0.200745	0.481418	0.0230285	0.3523714	0.1340195	0.1097967	0.2715219
2568	113.3448	-388.9797	502.3245	0.390992	0.355586	0.180737	0.0726849	0.8429886	0.2217159	0.1795102	0.3637787
2574	107.6018	-394.9048	502.5066	0.39214	0.332666	0.221365	0.0538288	0.8436706	0.2699457	0.3360234	0.4601979
2580	115.4183	-384.5352	499.9535	0.369592	0.38329	0.0897404	0.157378	2.865913	0.7565587	0.1462019	0.4601979
2586	120.8969	-380.7084	501.6053	0.458126	0.317981	0.0986041	0.125288	0.2752614	0.548491	0.2113527	1.400824
2592	114.8418	-386.7965	501.6382	0.656119	0.0772308	0.113518	0.153132	1.585493	0.1275829	0.4094126	0.8108672
2598	117.5064	-382.5517	500.0581	0.816935	0.0112018	0.0673218	0.104541	2.295053	0.6928144	0.3044874	1.197473
2604	123.757	-378.9089	502.6659	0.727049	0.0144942	0.0837594	0.174697	0.5820026	0.1850047	0.2283913	0.4915877
2610	123.8032	-376.0944	499.8976	0.660688	0.0103407	0.220062	0.10891	0.6131622	0.4621048	0.1922546	3.517987
2616	122.6726	-376.6036	499.2762	0.599116	0.0193645	0.094922	0.286597	0.6130569	0.7502114	0.1909558	4.157237
2622	125.1515	-375.6446	500.7961	0.636221	0.00850438	0.262211	0.0930635	0.5988389	0.3430218	0.2272611	2.415981
2628	126.5473	-371.2633	497.8106	0.783262	0.0059411	0.0983334	0.112463	2.748429	0.4587444	0.2663467	4.482452
2634	119.3695	-380.3521	499.7216	0.321329	0.0221446	0.629222	0.0273044	1.67181	0.5351383	0.2060577	2.13067
2640	110.7478	-388.1195	498.8673	0.129666	0.289336	0.34319	0.237808	1.933963	0.6275433	0.1934856	2.907967
2646	110.0694	-391.7678	501.8371	0.497926	0.221576	0.0526295	0.227869	0.6933475	0.08671572	0.0680356	0.4046151
2652	110.701	-390.0592	500.7602	0.436569	0.35172	0.0627787	0.148933	0.06053461	0.4560345	0.04300992	0.2007951
2658	119.3718	-381.087	500.4589	0.382854	0.347616	0.138921	0.130609	1.424057	0.1310879	0.03261298	0.1844406
2664	112.7787	-388.0621	500.8407	0.169485	0.561804	0.0198389	0.248871	0.131494	0.8585671	0.05405286	0.6479596
2670	116.2178	-383.7971	500.0149	0.101632	0.676103	0.0238751	0.19839	0.09188399	1.429755	0.0400119	0.4155618
2676	123.7021	-375.8436	499.5457	0.136112	0.676298	0.0201504	0.167439	1.039153	1.424701	0.04305881	0.5976006
2682	117.8982	-382.3178	500.216	0.264485	0.340321	0.0698371	0.325358	0.7558426	1.107785	0.08905864	1.156419
2688	118.4798	-382.7759	501.2557	0.633285	0.0710202	0.00905974	0.286635	0.7256926	0.7731727	0.104214	0.6217261
2694	113.0116	-388.0097	501.0214	0.401443	0.335927	0.0183305	0.2443	0.7904821	0.8140091	0.1367442	0.9388888
2700	114.4243	-386.4675	500.8918	0.331587	0.312623	0.0346301	0.32116	1.108909	0.5680306	0.08701465	0.6524464
2706	115.3889	-385.3284	500.7173	0.44673	0.281605	0.0251703	0.246494	1.430784	0.7144677	0.08754287	0.3837921
2712	116.7764	-385.5572	502.3336	0.634017	0.119231	0.0694055	0.177347	0.4618522	0.2208163	0.1355582	0.5718259
2718	114.418	-387.3261	501.7441	0.46661	0.0874746	0.0204998	0.425415	0.2946394	0.190746	0.1889098	1.56868
2724	110.5372	-389.0428	499.58	0.340179	0.573844	0.0498349	0.0361417	5.495294	0.1223053	0.1921014	0.3180481
2730	112.4934	-388.4599	500.9533	0.290266	0.489646	0.113227	0.106862	3.116067	0.0555475	0.2539407	0.3180481
2736	109.0382	-393.741	502.7792	0.551312	0.163634	0.208597	0.0764574	0.3997463	0.4042859	0.2467304	0.3616998
2742	122.2411	-379.9571	502.1982	0.59935	0.235368	0.0821626	0.0831194	0.09493317	0.2527269	0.1260274	0.4068048
2748	120.9801	-380.8516	501.8318	0.20852	0.584287	0.0521583	0.155035	0.4870893	0.9919446	0.2116734	0.5714887
2754	116.623	-383.4437	500.0666	0.046034	0.84569	0.027257	0.0810189	0.5491642	0.4307928	0.1773292	3.298007
2760	122.178	-380.5167	502.6947	0.262031	0.523504	0.0616065	0.152859	0.2200515	0.3750725	0.2074559	0.4662553
2766	117.7302	-384.17	501.9002	0.414251	0.239375	0.0731782	0.273196	0.6812783	0.1545069	0.1708992	0.9890077
2772	125.6457	-375.7002	501.3459	0.195531	0.469608	0.216022	0.118838	0.9622613	0.241124	0.1180742	0.9014388
2778	121.0971	-379.9093	501.0064	0.222664	0.1732	0.300678	0.303458	1.715726	0.2724452	0.2099515	0.9177069
2784	132.9912	-369.5453	502.5365	0.0517667	0.836261	0.0471144	0.0648576	0.2199071	0.4283129	0.1810776	0.4884732
2790	123.7382	-378.4032	502.1414	0.168119	0.650916	0.131958	0.0490074	0.4087199	0.6266273	0.1527959	0.4932984
2796	124.6975	-375.7386	500.4361	0.343993	0.513289	0.104072	0.0386455	1.448842	0.639976	0.05512126	0.2884523
2802	113.4399	-388.5578	501.9977	0.0838887	0.615779	0.110809	0.189523	1.166277	0.1048232	0.2012142	0.5687815
2808	116.4604	-380.648	497.1084	0.0835996	0.570329	0.157202	0.18887	11.84483	0.1922817	0.1840023	0.7809069
2814	124.3128	-376.3211	500.6338	0.0448368	0.831324	0.0746379	0.0492016	1.865609	0.3473809	0.07427964	0.313812
2820	126.5723	-374.6789	501.2512	0.279101	0.088481	0.543719	0.0886988	0.6628503	0.794962	0.06929293	0.2908227
2826	124.3865	-377.0994	501.4859	0.396069	0.126498	0.13638	0.341053	0.3204369	0.794962	0.09388101	0.6687658
2832	121.7128	-380.0565	501.7694	0.0297937	0.25052	0.485015	0.234671	0.2060836	0.4385317	0.06429999	0.4329904
2838	105.9182	-395.9777	501.8959	0.127099	0.170069	0.503361	0.199471	0.2049128	0.3746382	0.06515351	0.3712188
2844	109.3365	-392.6646	502.0012	0.203966	0.383738	0.275649	0.136647	0.2049128	0.4283033	0.08936866	0.4924692
2850	97.33727	-396.4576	493.7949	0.772851	0.0263417	0.115423	0.0853843	36.79466	0.4005201	0.3124724	0.5423772
2856	103.861	-396.8164	500.6774	0.62303	0.04241	0.267485	0.0670745	2.695458	0.4458342	0.3985061	0.6474618
2862	119.0863	-382.8574	501.9437	0.1107	0.65895	0.0182398	0.21211	0.940405	0.3933858	0.2015233	0.557986
2868	117.5848	-384.0241	501.6088	0.36666	0.401077	0.0141187	0.218144	1.970655	0.0788154	0.336423	0.545317
2874	116.4579	-384.0406	500.4985	0.525641	0.31173	0.0627671	0.0998617	2.527339	0.327858	0.118978	0.4026234
2880	112.6679	-387.3252	499.9931	0.447037	0.363386	0.0731681	0.11641	3.873404	0.3981052	0.1889925	0.3755594
2886	101.5376	-399.4153	500.9529	0.382406	0.337134	0.105191	0.175269	0.9798319	0.8227015	0.08337102	0.4312218
2892	119.746	-382.4023	502.1482	0.454392	0.314526	0.197458	0.0336247	0.7834025	0.5747386	0.2362237	0.4209147
2898	123.8434	-375.3891	499.2325	0.234982	0.366763	0.340135	0.0581197	4.950975	0.1477353	0.09140877	0.3352352
2904	121.7057	-379.8292	501.5349	0.163966	0.283061	0.485433	0.0675409	1.907497	0.05453342	0.1875035	0.3984249
2910	121.1185	-379.5861	500.7046	0.438273	0.31426	0.171837	0.0756295	2.631712	0.2330076	0.1630287	0.4552749
2916	119.5531	-382.84	502.3932	0.291316	0.422122	0.201453	0.085109	0.1634364	0.5270066	0.1766424	0.4552749
2922	120.5995	-381.7877	502.3872	0.0525788	0.564789	0.269539	0.113092	0.08712179	0.3225038	0.1774993	0.2664804
2928	125.6626	-377.093	502.7556	0.012798	0.800082	0.0588741	0.128246	0.5731034	0.09085759	0.1774993	0.3289789
2934	113.7525	-386.4133	500.1658	0.248818	0.241507	0.152973	0.356702	2.766165	0.2278251	0.1378428	0.7842476
2940	118.937	-381.0841	500.0211	0.419444	0.353981	0.0810698	0.145506	1.215168	1.004748	0.07694678	0.8710047
2946	122.9244	-379.0091	501.9335	0.275806	0.348966	0.175288	0.199941	0.1197487	0.2630005	0.07093468	0.3144488
2952	127.1475	-375.2281	502.3756	0.45612	0.399062	0.0441813	0.100636	0.6761322	0.3347609	0.1654936	0.290637
2958	119.7302	-381.2052	500.9354	0.27729	0.420411	0.0922264	0.210073	2.228826	0.2227301	0.2464331	0.7439885
2964	130.73	-371.3505	502.0806	0.361188	0.454978	0.120131	0.0637029	1.003859	0.3569046	0.4089685	0.6801857
2970	125.5574	-375.5762	501.1336	0.393546	0.337586	0.246203	0.0226643	2.27994	0.2883608	0.2466715	0.454345
2976	126.6539	-375.0261	501.68	0.732286	0.0918725	0.12797	0.0478719	1.40318	0.4578999	0.2466715	0.4261057
2982	120.9527	-378.4572	499.4099	0.501262	0.040294	0.40721	0.051234	0.6244327	0.8184266	0.2034214	3.807865
2988	120.9501	-379.2491	500.1993	0.561863	0.0184233	0.0377612	0.381953	0.2889851	0.2048888	0.1623546	3.75655
2994	123.6775	-376.9458	500.6233	0.696018	0.0229056	0.128108	0.152968	0.3813136	0.4525149	0.1718098	2.572645
3000	123.8406	-377.6914	501.532	0.711108	0.0347088	0.097899	0.156285	0.6996992	0.2001706	0.2132519	1.458177
3006	117.222	-384.6142	501.8362	0.716431	0.0349687	0.0301861	0.218414	1.03879	0.2910157	0.2022002	0.6656786
3012	116.8415	-384.4747	501.3163	0.201847	0.380996	0.0111264	0.406031	0.6943716	0.09802748	0.138202	1.504162
3018	113.9656	-387.1321	501.0978	0.227746	0.744962	0.0138198	0.0134724	0.5940806	0.6899772	0.2653409	1.659108
3024	122.6657	-379.4862	502.1519	0.477146	0.470319	0.0137857	0.0387489	1.071333	0.2809177	0.2575267	0.4650101
3030	123.6358	-378.3612	501.997	0.1657	0.573503	0.0393892	0.221407	0.743334	0.3519914	0.1912704	0.7109155
3036	128.5768	-373.7784	502.3553	0.470253	0.397325	0.0298505	0.102571	0.856752	0.20298	0.4174232	0.7109155
3042	127.2598	-374.6942	501.9541	0.590247	0.247829	0.0454569	0.116467	1.43632	0.03540433	0.2177807	0.4817479
3048	117.5472	-377.7608	495.308	0.353531	0.222058	0.279527	0.144885	25.41	0.06429223	0.2177807	0.4817479
3054	110.0897	-384.6715	494.7613	0.4221	0.265127	0.0952395	0.217533	25.41	0.4501661	0.3021772	0.7882183
3060	120.3655	-379.2544	499.6199	0.396314	0.129299	0.229084	0.245302	1.713571	1.165094	0.0774312	0.6910199
3066	113.3099	-386.0501	499.36	0.34433	0.243508	0.199036	0.213126	4.458781	0.1732915	0.08165075	0.2848002
3072	116.9153	-384.8963	501.8116	0.407957	0.227674	0.252038	0.112331	0.7005223	0.4453061	0.09602175	0.3350929
3078	121.7524	-379.3635	501.1158	0.153744	0.202764	0.599612	0.0438809	0.2703863	0.7990693	0.04244062	0.3516136
3084	111.4646	-391.1637	502.6283	0.20455	0.252249	0.471535	0.0716656	0.367505	0.1229059	0.2394903	0.8052394
3090	111.1341	-391.4364	502.5705	0.194194	0.423019	0.34863	0.0341569	0.5760496	0.2315987	0.1932961	0.4483503
3096	120.8351	-380.9509	501.786	0.124694	0.626688	0.223859	0.0247593	0.5539192	0.3818154	0.06927994	0.2452371
3102	120.964	-381.5079	502.4719	0.128983	0.581546	0.228132	0.061339	0.2898478	0.210484	0.1181154	0.4683665
3108	117.4268	-384.7956	502.2224	0.386892	0.298428	0.275221	0.0394597	0.7589075	0.03828265	0.1015504	0.2949383
3114	120.3311	-381.2292	501.5603	0.278083	0.583438	0.0998874	0.0385916	1.214661	0.3798073	0.1209288	0.2949383
3120	121.2903	-380.9194	502.2097	0.504639	0.23274	0.181266	0.0813549	0.5499092	0.2286611	0.09544521	0.270174
3126	122.319	-379.2838	501.6028	0.785678	0.0247513	0.144012	0.0455585	0.7157145	0.5182001	0.08066932	0.2864987
3132	116.7298	-385.0513	501.7811	0.461809	0.0947135	0.243965	0.199513	0.9003538	0.1965689	0.08657288	0.3087858
3138	117.5101	-383.4028	500.9129	0.16461	0.322205	0.344602	0.168583	0.7328068	0.7394667	0.05185891	0.3932938
3144	116.6145	-385.0933	501.7078	0.263875	0.204244	0.237341	0.29454	0.431287	0.325151	0.05185891	0.2628432
3150	106.34	-396.291	502.631	0.605283	0.133514	0.221331	0.0398723	0.4354153	0.1878749	0.1370199	0.3024882
3156	104.1485	-397.7807	501.9291	0.61683	0.138703	0.229934	0.0145336	1.204093	0.318151	0.2363487	0.4799371
3162	117.065	-384.3863	501.4513	0.17854	0.528545	0.261588	0.031326	1.933723	0.2761202	0.245072	0.3917155
3168	119.3284	-383.0433	502.3717	0.239153	0.521271	0.196053	0.0435225	0.6400846	0.07889153	0.1099316	0.2906154
3174	129.2472	-373.4796	502.7268	0.0920464	0.62153	0.174965	0.111458	0.2955443	0.1435665	0.1415199	0.4069335
3180	127.6924	-375.2735	502.9659	0.0848511	0.605387	0.0943585	0.215404	0.309387	0.05013924	0.1596384	0.3109283
3186	122.4619	-380.1894	502.6512	0.144806	0.565726	0.0881767	0.201292	0.5065533	0.1092552	0.141912	0.331441
3192	108.0753	-393.1759	501.2512	0.17107	0.240527	0.318265	0.270138	1.150555	0.4419201	0.08140713	0.2585299
3198	110.0403	-390.9149	500.9552	0.207202	0.414405	0.0687009	0.309693	1.023188	0.6602034	0.08140713	0.5309831
3204	113.9012	-388.5379	502.4391	0.533402	0.167267	0.0467655	0.252566	0.3480619	0.2024191	0.2233698	0.8881184
3210	123.7874	-378.9868	502.7743	0.611197	0.171788	0.141237	0.0757778	0.2575535	0.07943633	0.1590864	0.5205019
3216	124.9185	-377.4665	502.385	0.299382	0.270742	0.266669	0.163207	0.2575535	0.5741495	0.1579781	0.4040208
3222	121.8296	-380.9351	502.7647	0.204768	0.593082	0.0404301	0.16172	0.2149328	0.2082226	0.1561576	0.3658888
3228	119.3533	-383.3423	502.6957	0.256495	0.477899	0.049145	0.216461	0.3689574	0.0406432	0.1158529	0.3276591
3234	113.9891	-388.643	502.6321	0.452663	0.37714	0.0597336	0.110464	0.2612425	0.108793	0.1060449	0.2814311
3240	117.1503	-385.1761	502.3264	0.306027	0.599025	0.0202674	0.0746802	0.2189505	0.1559345	0.07790434	0.2814311
3246	113.6435	-388.4247	502.0681	0.161781	0.583024	0.135902	0.119293	0.1858648	0.5770177	0.09796417	0.2814311
3252	115.659	-386.1052	501.7642	0.211204	0.553868	0.129106	0.105822	0.7159858	0.7570275	0.1387952	0.3384908
3258	112.3169	-389.6471	501.9639	0.145074	0.663535	0.135638	0.0557537	1.029586	0.1721862	0.1349103	0.3944481
3264	124.4597	-375.6049	500.0646	0.181468	0.276732	0.354685	0.187115	0.4753573	1.294057	0.03229266	0.5278552
3270	112.4985	-385.7781	498.2766	0.35677	0.154886	0.357039	0.131305	2.789999	1.276328	0.03774229	0.5278552
3276	118.1402	-382.0134	500.1536	0.356391	0.0805372	0.429749	0.133323	0.4467441	1.283413	0.02898589	0.3599635
3282	124.4427	-377.8362	502.2789	0.620223	0.175365	0.0470237	0.157388	0.7822179	0.2349849	0.1585579	0.381737
3288	117.2769	-381.8805	499.1574	0.5189	0.27997	0.0750732	0.126057	4.910891	0.2478384	0.2935711	1.096073
3294	113.4817	-386.1066	499.5882	0.348614	0.342686	0.178212	0.130488	3.04561	0.8555008	0.1083405	0.3853732
3300	123.4711	-378.4661	501.9372	0.460624	0.360982	0.0384395	0.139954	0.3668118	0.4685659	0.08050448	0.3831761
3306	123.8145	-378.7993	502.6138	0.375094	0.331702	0.0648695	0.228334	0.3353399	0.1125668	0.1083489	0.2877357
3312	115.0122	-387.2768	502.2891	0.602703	0.23943	0.0863472	0.0715192	0.647674	0.2576707	0.1258107	0.2877357
3318	112.6507	-389.7313	502.382	0.481514	0.382518	0.0920111	0.0439564	0.6150203	0.1795478	0.1256257	0.3272592
3324	118.8054	-382.5353	501.3408	0.581601	0.181594	0.160249	0.0765556	2.012723	0.05707177	0.1496274	0.3483873
3330	118.3852	-382.7028	501.0881	0.671531	0.0901333	0.11591	0.122426	0.5658907	0.7613189	0.04904417	0.2669456
3336	124.4111	-376.0702	500.4813	0.421822	0.311483	0.0894215	0.177273	0.4336567	1.263837	0.04112683	0.3976473
3342	119.3362	-380.4335	499.7697	0.228086	0.254154	0.361109	0.156651	0.07186214	1.041803	0.02313955	0.214103
3348	110.8826	-388.5125	499.3951	0.290093	0.217564	0.347486	0.144858	0.9136446	0.7740055	0.01228122	0.2213663
3354	113.4627	-383.3445	496.8072	0.167846	0.513179	0.196882	0.122093	6.659967	1.024803	0.03304256	0.2836552
3360	127.0134	-374.0441	501.0575	0.623413	0.174865	0.0835906	0.118132	0.2973013	1.024803	0.05847896	0.482296
3366	115.178	-386.4819	501.6598	0.580105	0.230116	0.0451812	0.144598	0.1542787	0.3660995	0.05035016	0.2526267
3372	124.0633	-377.3531	501.4164	0.474937	0.309677	0.097002	0.118384	0.1795017	0.6216135	0.04852704	0.2526267
3378	120.4003	-381.9463	502.3466	0.372776	0.139788	0.42218	0.0652556	0.4739934	0.05564809	0.08306264	0.2526267
3384	122.7399	-379.1672	501.9071	0.267951	0.163151	0.492737	0.0761616	0.5528809	0.5099898	0.09494818	0.3100872
3390	113.2719	-387.8233	501.0952	0.0940309	0.166459	0.640508	0.0990022	0.5401397	0.7517505	0.06499492	0.6058893
3396	120.7475	-380.7156	501.4631	0.421057	0.00308425	0.418542	0.157316	0.6252485	0.2512422	0.04523103	0.2400949
3402	116.2231	-385.6454	501.8685	0.460609	0.00133019	0.437621	0.100439	0.2446524	0.2946244	0.05333776	0.2400949
3408	101.5165	-400.7595	502.276	0.577305	0.00166719	0.295142	0.125885	0.4222192	0.06126228	0.0730029	0.2256995
3414	115.7367	-386.1093	501.846	0.663961	0.00346906	0.252931	0.0796386	0.4222192	0.4657152	0.0705126	0.2548696
3420	123.2129	-378.9061	502.119	0.853619	0.00495295	0.0277914	0.113636	0.3431593	0.3452575	0.0812005	0.3346015
3426	117.4856	-384.1519	501.6375	0.809034	0.00459444	0.0433877	0.142984	0.1112373	0.7213857	0.1260575	0.604754
3432	120.1671	-381.696	501.8631	0.788892	0.0337744	0.0210191	0.156314	0.525358	0.668368	0.14754	0.5918258
3438	131.5357	-371.2243	502.7599	0.792881	0.0339451	0.0160693	0.157105	0.4110434	0.130796	0.1968972	0.5336849
3444	123.3308	-378.9288	502.2596	0.738647	0.0316232	0.0833714	0.146359	0.3081993	0.2263573	0.1729418	0.9113422
3450	117.8873	-382.9519	500.8393	0.30109	0.0128996	0.113994	0.572017	0.4322628	0.115287	0.2084175	2.884757
3456	117.2765	-381.1068	498.3833	0.351917	0.128669	0.333341	0.186072	2.992736	0.2113599	0.195686	3.234386
3462	124.0061	-372.3464	496.3524	0.210301	0.0151973	0.416627	0.357875	2.631619	0.1378035	0.1982017	9.223261
3468	132.1676	-368.0253	500.1928	0.284789	0.14937	0.0190639	0.546777	0.5449017	0.2769105	0.2104326	3.545807
3474	133.5163	-367.2156	500.732	0.371565	0.0796474	0.312505	0.236283	0.4139777	0.2774021	0.241235	2.953872
3480	122.0702	-378.7431	500.8133	0.13187	0.0695039	0.278832	0.519794	1.236629	0.4238013	0.2424493	1.487344
3486	114.1598	-385.9616	500.1214	0.17684	0.478049	0.229047	0.116064	1.426384	0.4733602	0.2555472	2.112855
3492	111.5608	-390.3071	501.8679	0.145883	0.554749	0.0226946	0.276674	0.1650318	0.3050873	0.2170402	1.327926
3498	118.2044	-384.3391	502.5435	0.302023	0.56001	0.0146432	0.123323	0.6712356	0.125411	0.2414632	0.6059728
3504	124.4124	-377.4928	501.9052	0.815624	0.139626	0.00257817	0.042172	0.538663	0.7207178	0.1433666	0.4651093
3510	117.1674	-384.9926	502.1599	0.79243	0.0732171	0.00986516	0.124487	0.3219794	0.5202151	0.1195914	0.4651093
3516	111.9515	-389.1718	501.1232	0.653782	0.151253	0.0187046	0.176261	0.05078417	0.587214	0.1258015	0.5671192
3522	120.1161	-382.1678	502.2839	0.591185	0.235882	0.0169137	0.156019	0.4479746	0.4396519	0.1262277	0.3441812
3528	129.4096	-371.8617	501.2713	0.677227	0.216052	0.0154918	0.09123	0.9704485	0.6775093	0.1005112	0.4188515
3534	134.5191	-365.9901	500.5092	0.571616	0.262679	0.0188352	0.146869	2.351132	0.3806376	0.108398	0.38248
3540	135.3353	-366.0692	501.4045	0.573661	0.311611	0.0767209	0.0380068	0.7724839	0.6294581	0.08365804	0.38248
3546	131.3342	-369.5086	500.8428	0.664991	0.225936	0.103251	0.00582214	1.201439	0.8861804	0.1259847	0.590315
3552	123.0103	-377.6734	500.6837	0.336236	0.416628	0.238195	0.00894016	1.850525	0.4163017	0.1259847	0.6585866
3558	122.6596	-379.7152	502.3748	0.598903	0.212519	0.184017	0.00456031	0.8018141	0.1628156	0.1647296	0.3572183
3564	116.2839	-384.0579	500.3419	0.5003	0.346446	0.0964599	0.0567947	2.712926	0.4903551	0.1310371	0.3295116
3570	110.752	-386.7284	497.4804	0.431309	0.172182	0.254187	0.142323	11.92269	0.05628423	0.1402058	0.3295116
3576	113.5547	-386.5145	500.0692	0.180756	0.591157	0.0449865	0.183101	2.500402	0.2895024	0.06007908	0.2575863
3582	117.3401	-384.1448	501.4849	0.181673	0.594157	0.118827	0.105343	0.05168287	0.07780662	0.07574243	0.2575863
3588	116.1039	-386.3138	502.4178	0.391712	0.358192	0.148778	0.101319	0.403053	0.01733563	0.08026353	0.2769664
3594	105.9801	-396.2313	502.2114	0.481301	0.177862	0.257886	0.0829508	0.8197118	0.08170902	0.1140414	0.2794722
3600	118.6145	-383.0181	501.6326	0.19784	0.342104	0.381327	0.0787284	0.3331066	0.7470489	0.07437183	0.359693
3606	132.6727	-369.4309	502.1036	0.346406	0.13364	0.417669	0.102284	1.021824	0.08289906	0.1396204	0.3721224
3612	121.5958	-378.8773	500.4731	0.577841	0.0427218	0.208816	0.170621	2.807013	0.07138152	0.1240051	0.5423792
3618	115.043	-387.0321	502.0751	0.492192	0.0182055	0.344272	0.145331	0.78289	0.3130807	0.1378208	0.4133168
3624	113.7453	-388.3523	502.0976	0.563166	0.0349369	0.379864	0.0220336	0.9814703	0.2829618	0.1635902	0.3025563
3630	115.8189	-384.0386	499.8575	0.722366	0.0774848	0.190089	0.0100603	3.633542	0.4228816	0.1535279	0.4861615
3636	122.3005	-378.9698	501.2703	0.512423	0.079821	0.200308	0.207448	1.017505	0.2519435	0.09561641	0.7511048
3642	118.8004	-380.7338	499.5342	0.614466	0.0901938	0.145084	0.150256	1.94448	0.5418936	0.2345193	2.182618
3648	128.0139	-372.585	500.5989	0.520736	0.205422	0.151618	0.122224	0.1358165	0.297958	0.388139	3.379234
3654	122.5266	-379.8485	502.3752	0.499882	0.185797	0.145546	0.168775	0.3802793	0.3188715	0.1607494	0.6217035
3660	125.322	-377.3816	502.7036	0.553763	0.205823	0.0604309	0.179983	0.3947841	0.1242021	0.1411481	0.3782319
3666	127.8556	-373.9466	501.8021	0.620759	0.181655	0.0486266	0.148959	1.177272	0.1684988	0.1367032	0.4309895
3672	131.742	-370.1767	501.9187	0.116059	0.516233	0.332136	0.0355723	1.524745	0.07937542	0.2274325	0.4160165
3678	127.0115	-375.2	502.2116	0.108686	0.799177	0.0606511	0.0314861	0.5814441	0.5128753	0.171993	0.4460116
3684	120.0526	-382.1539	502.2065	0.42805	0.302506	0.150391	0.119052	0.5469019	0.2642157	0.171993	0.727275
3690	112.051	-388.5707	500.6217	0.704235	0.0927018	0.101269	0.101794	2.139283	0.7480378	0.2365846	0.5844951
3696	106.7961	-395.295	502.0911	0.61082	0.137366	0.100976	0.150838	0.643336	0.2652437	0.2567532	0.9630899
3702	106.4381	-395.9771	502.4152	0.660093	0.127239	0.0981228	0.114545	0.6152073	0.07595195	0.1997452	0.7295984
3708	123.2457	-377.7931	501.0388	0.395832	0.292579	0.124946	0.186643	2.611176	0.01210106	0.1696098	0.3699919
3714	119.2441	-382.8597	502.1038	0.243824	0.657526	0.0294626	0.0691873	1.224629	0.006037958	0.1598122	0.3372805
3720	126.7854	-375.5365	502.3219	0.507465	0.341755	0.0317262	0.119054	0.8145998	0.002662922	0.1222876	0.3372805
3726	132.4045	-369.8302	502.2346	0.494387	0.350829	0.0325686	0.122216	0.2557492	0.02304011	0.05931488	0.2625362
3732	127.0891	-376.0598	503.1489	0.386147	0.503056	0.0388832	0.0719138	0.1653831	0.08565643	0.3372082	0.4707116
3738	125.8016	-372.0036	497.8053	0.794065	0.0200744	0.0799587	0.105902	10.01464	0.1815432	0.1592929	0.4707116
3744	132.1951	-369.2089	501.4041	0.628706	0.199067	0.0633078	0.108919	0.7838932	0.4647592	0.07718079	0.4777375
3750	123.589	-378.4159	502.005	0.250005	0.441215	0.265468	0.0433119	0.5750773	0.09010077	0.06533851	0.2592687
3756	126.1565	-373.8846	500.0412	0.522403	0.100956	0.286138	0.090503	1.870772	0.6239313	0.05100654	0.2607708
3762	127.4472	-374.4279	501.8751	0.495536	0.0546589	0.321947	0.127858	0.5518739	0.4022623	0.08244894	0.3513955
3768	133.1407	-368.7764	501.9171	0.055147	0.800801	0.0856675	0.0583843	0.4100433	0.2603415	0.06023058	0.291814
3774	113.8528	-388.9686	502.8214	0.0500539	0.664207	0.186646	0.0990935	0.5652004	0.133109	0.2295805	0.4016504
3780	116.0887	-385.9633	502.052	0.390153	0.26535	0.188647	0.15585	0.6585439	0.4206127	0.1245564	0.37997
3786	117.8671	-379.5139	497.381	0.535876	0.265662	0.098066	0.100395	10.24089	0.3723901	0.1644624	0.6603599
3792	122.4413	-377.8911	500.3324	0.33458	0.420073	0.182665	0.0626828	2.872062	0.469314	0.2202816	0.6234432
3798	113.6218	-384.7736	498.3954	0.134298	0.782208	0.0361869	0.0473069	6.801547	0.4628567	0.1141577	0.2873657
3804	116.2797	-386.0525	502.3322	0.104866	0.611878	0.214329	0.0689272	0.1415146	0.3744597	0.1291105	0.390618
3810	120.2336	-381.4874	501.7209	0.370707	0.212369	0.254807	0.162118	0.6377294	0.7053354	0.1374663	0.5315714
3816	121.5278	-378.7206	500.2484	0.461053	0.172717	0.239933	0.126298	1.161397	1.293858	0.08772107	0.5315714
3822	122.478	-379.2016	501.6796	0.445221	0.238969	0.198073	0.117738	0.4417383	0.6191553	0.08772107	0.508263
3828	115.7292	-385.9472	501.6765	0.600988	0.251288	0.0193021	0.128422	0.5314349	0.4508509	0.07390122	0.4463207
3834	107.8377	-395.2211	503.0588	0.322201	0.45759	0.108199	0.11201	0.4348299	0.1161806	0.257342	0.3597698
3840	113.0859	-390.0184	503.1043	0.148396	0.640639	0.0813976	0.129568	0.4007881	0.1004378	0.2766298	0.4026909
3846	103.8216	-399.1856	503.0071	0.0516294	0.721051	0.149237	0.0780824	0.2839825	0.2709448	0.2766298	0.4026909
3852	109.8896	-392.5295	502.4191	0.486757	0.368743	0.013596	0.130904	0.8026285	0.01997045	0.1749264	0.5109404
3858	105.3567	-397.3359	502.6926	0.423372	0.401101	0.0102511	0.165276	0.4137793	0.2106914	0.1942965	0.5109404
3864	103.9619	-398.3002	502.2621	0.460163	0.456624	0.034559	0.0486542	0.4304785	0.006442243	0.3366524	1.399169
3870	114.3059	-388.0815	502.3874	0.00798387	0.808282	0.0208371	0.162897	0.2622599	0.004738526	0.2319294	1.199564
3876	126.4701	-373.6869	500.157	0.142966	0.662198	0.0152432	0.179593	3.697111	0.01782868	0.165	0.6043191
3882	127.0863	-375.3703	502.4566	0.0779695	0.780344	0.0141955	0.127491	0.6087893	0.1109989	0.165	0.5478662
3888	117.9046	-385.0457	502.9502	0.0942651	0.770783	0.0171623	0.11779	0.2655569	0.06030256	0.2054524	0.5257565
3894	118.3046	-382.5397	500.8443	0.265091	0.617345	0.0296913	0.087872	0.07950836	0.6950454	0.1839447	1.46077
3900	126.227	-375.8685	502.0955	0.424605	0.427368	0.037385	0.110642	0.05504962	0.07566429	0.2252269	0.5805162
3906	134.3159	-368.1101	502.426	0.252102	0.666927	0.0119088	0.0690615	1.097405	0.01513088	0.23988	0.3870516
3912	124.131	-378.1302	502.2612	0.549311	0.257883	0.00837459	0.184431	1.156512	0.1090785	0.3583264	0.5730448
3918	121.146	-381.097	502.2429	0.535563	0.244904	0.0662588	0.153274	0.9539882	0.2302	0.2759518	0.5730448
3924	107.7264	-394.7945	502.5209	0.548965	0.309351	0.0300648	0.11162	0.5716939	0.2751627	0.168413	0.3557042
3930	118.0451	-384.6467	502.6918	0.485422	0.366703	0.0265848	0.12129	0.6053093	0.07581335	0.1701227	0.3557042
3936	113.0198	-387.2001	500.2199	0.487922	0.282949	0.135541	0.0935879	3.393187	0.06576622	0.112896	0.373452
3942	119.5808	-383.1245	502.7053	0.519128	0.172685	0.214992	0.0931944	0.330544	0.1226615	0.1237002	0.2962076
3948	117.5466	-382.5415	500.0881	0.283014	0.197978	0.316081	0.202927	0.7885669	0.826742	0.02311814	0.2401408
3954	110.6939	-390.5875	501.2815	0.767539	0.0768179	0.122643	0.0329996	0.3757891	0.8878647	0.05845357	0.3140138
3960	94.19099	-406.6429	500.8339	0.179833	0.666979	0.0952478	0.0579398	1.498372	0.7949398	0.1429145	0.5170519
3966	110.3779	-391.8123	502.1902	0.462974	0.140363	0.175244	0.221419	0.6185246	0.1084318	0.1009333	0.4417404
3972	115.2505	-387.0335	502.284	0.24215	0.158309	0.44819	0.151351	0.4460812	0.3118709	0.1286197	0.5081047
3978	127.4011	-372.7718	500.1729	0.293306	0.177008	0.395969	0.133716	2.126268	0.3118709	0.05165607	0.2477791
3984	123.4975	-378.388	501.8855	0.166976	0.187266	0.493814	0.151944	0.5334678	0.2457746	0.06481715	0.2477791
3990	119.9949	-381.6961	501.6911	0.102517	0.269288	0.480383	0.147812	0.2268695	0.680177	0.06825267	0.2855586
3996	113.4476	-388.2362	501.6838	0.151952	0.146286	0.626024	0.075738	0.3007328	0.6665653	0.08409132	0.5248531
4002	114.8937	-387.2021	502.0958	0.236965	0.0843383	0.536933	0.141764	0.6340367	0.1956317	0.2401061	1.003926
4008	126.4532	-374.3676	500.8208	0.542079	0.101249	0.298067	0.0586048	2.032274	0.1036725	0.2585376	1.138883
4014	113.593	-387.5824	501.1754	0.671997	0.131349	0.123036	0.0736183	1.648189	0.3913476	0.2954095	0.8573554
4020	108.34	-393.3712	501.7113	0.748376	0.107036	0.0820004	0.0625877	1.142869	0.493021	0.2603307	0.6259568
4026	102.1615	-400.2691	502.4306	0.610812	0.248095	0.13002	0.0110731	0.7458436	0.1758249	0.2603307	0.6259568
4032	109.5271	-391.1794	500.7065	0.509153	0.336009	0.101348	0.0534895	2.364664	0.5313195	0.2603307	0.6046138
4038	116.7971	-385.2453	502.0424	0.115629	0.741469	0.106057	0.0368448	1.319584	0.09099283	0.2440182	0.5038079
4044	106.815	-394.1369	500.9518	0.114514	0.599816	0.10313	0.182541	1.990346	0.1288924	0.2440182	0.9826156
4050	108.0907	-394.2962	502.387	0.156359	0.259048	0.448027	0.136566	0.2141426	0.1637168	0.1578072	0.7951511
4056	104.5868	-395.4205	500.0073	0.102094	0.404715	0.349959	0.143232	1.265823	0.3963788	0.1547818	2.162811
4062	115.4487	-386.7074	502.1562	0.407978	0.462075	0.0531977	0.0767487	0.9323156	0.06245923	0.1268852	0.3554216
4068	109.2925	-392.9232	502.2157	0.517333	0.307503	0.12409	0.0510748	0.2637777	0.593199	0.1218039	0.3554216
4074	119.2892	-383.7654	503.0546	0.36288	0.345368	0.217467	0.0742852	0.2778651	0.0795243	0.1887319	0.3168947
4080	124.081	-377.6237	501.7047	0.443593	0.417344	0.0824096	0.0566534	0.6351817	0.8186616	0.1887319	0.6465285
4086	113.2505	-384.8511	498.1017	0.530294	0.357819	0.0441606	0.0677266	5.53249	0.5729333	0.05189005	0.2798127
4092	120.5814	-380.3169	500.8983	0.503128	0.414529	0.00388229	0.0784606	2.010113	0.2920938	0.1077552	0.2766861
4098	110.2653	-388.6459	498.9112	0.329917	0.569943	0.0047214	0.0954188	5.370049	0.1188676	0.07207356	0.2766861
4104	123.8861	-376.6908	500.5769	0.349503	0.445858	0.0356486	0.16899	2.717783	0.2261798	0.1264821	0.3291623
4110	111.4755	-390.6361	502.1116	0.203821	0.424924	0.221358	0.149897	0.5858303	0.248883	0.09072437	0.2662538
4116	118.5974	-382.1131	500.7105	0.439449	0.315383	0.171637	0.07353	1.760101	0.3853443	0.0755803	0.2662538
4122	116.9322	-384.8095	501.7417	0.73295	0.0426425	0.141228	0.0831799	1.084014	0.5076829	0.2030967	0.5082328
4128	119.0758	-382.5939	501.6696	0.446863	0.112217	0.317029	0.123891	0.5630792	0.6792565	0.1021191	0.459945
4134	99.89747	-402.0076	501.905	0.437656	0.180876	0.232768	0.148701	0.6275855	0.4727818	0.09910074	0.3005569
4140	105.8082	-396.9612	502.7694	0.566774	0.325888	0.0460405	0.0612973	0.3869841	0.2616722	0.1799155	0.3330214
4146	109.5808	-392.8333	502.4141	0.568931	0.0587701	0.310768	0.0615306	0.3782185	0.09390623	0.08516775	0.2453859
4152	113.4011	-388.599	502.0001	0.774226	0.0562341	0.110665	0.0588755	0.3490403	0.2324593	0.06021061	0.2453859
4158	107.8192	-394.0493	501.8685	0.705309	0.10441	0.136647	0.0536347	0.3490403	0.4766435	0.06887149	0.2816896
4164	107.1452	-394.8286	501.9737	0.460608	0.0132938	0.435548	0.0905497	0.3851632	0.6948588	0.1069881	0.3154652
4170	121.2214	-381.4599	502.6812	0.657603	0.0444459	0.24649	0.051461	0.7825116	0.06046279	0.2304045	0.3841209
4176	128.6904	-373.774	502.4644	0.769098	0.039396	0.171273	0.020233	0.6386678	0.1159306	0.133494	0.3295196
4182	122.2094	-379.7406	501.9501	0.418768	0.0917164	0.34952	0.139995	0.7945127	0.431667	0.1275087	0.3295196
4188	124.45	-377.6018	502.0518	0.4834	0.0907822	0.403464	0.0223538	0.7945127	0.3521445	0.133847	0.3506888
4194	123.7757	-379.0649	502.8406	0.399297	0.24231	0.333268	0.0251248	0.4535746	0.1068635	0.1761988	0.3506888
4200	124.7775	-377.9946	502.7721	0.25566	0.383059	0.336099	0.0251818	0.5387485	0.0911558	0.1761988	0.3506888
4206	123.621	-378.6341	502.2551	0.230476	0.443831	0.302992	0.0227013	1.086146	0.01700145	0.2968136	0.6687437
4212	122.8827	-378.7489	501.6316	0.154089	0.211282	0.256591	0.378039	0.811077	0.05768067	0.1924196	1.306348
4218	114.078	-387.8084	501.8863	0.17127	0.232598	0.322176	0.273956	0.1158419	0.03188896	0.1228405	1.033458
4224	108.063	-393.6542	501.7172	0.366473	0.363117	0.0636777	0.206732	0.7654056	0.05271604	0.05702956	0.2833913
4230	123.4012	-378.4194	501.8206	0.396945	0.311063	0.222663	0.069329	0.7654056	0.07481815	0.06572033	0.2798918
4236	126.502	-376.0033	502.5052	0.417452	0.366728	0.100583	0.115237	0.3478682	0.3421919	0.1734019	0.5459091
4242	110.3282	-391.8237	502.1519	0.444025	0.381421	0.0758183	0.0987358	1.102038	0.1577908	0.3239721	0.09733853
4248	118.2952	-383.4844	501.7796	0.362517	0.399598	0.0794315	0.158453	0.9477344	0.395246	0.1806358	0.09868972
4254	112.9795	-388.0571	501.0366	0.696628	0.0849044	0.16532	0.0531479	1.199351	0.613896	0.08479103	0.3361904
4260	112.8544	-389.6953	502.5496	0.266277	0.315919	0.231019	0.186785	0.2001121	0.03041255	0.08938186	0.2953894
4266	111.1152	-389.6094	500.7246	0.155166	0.335241	0.230246	0.279347	0.2435988	1.168873	0.04742055	0.493558
4272	109.2079	-391.7681	500.976	0.0212464	0.729321	0.0780425	0.17139	1.237399	0.3192723	0.2612041	0.04327093
4278	105.1227	-396.5361	501.6588	0.0976484	0.791858	0.0209295	0.0895637	0.6040533	0.2461803	0.2340674	0.04408577
4284	106.7787	-395.7283	502.507	0.048799	0.714463	0.097976	0.138762	0.6040533	0.4861404	0.3543472	0.1231839
4290	116.7625	-384.3801	501.1426	0.025625	0.786954	0.114556	0.0728656	1.67325	0.4239838	0.2363246	0.08576938
4296	116.7341	-384.9003	501.6344	0.029784	0.658503	0.147882	0.163831	0.08190014	0.03103473	0.1377057	0.0557525
4302	112.5099	-387.244	499.754	0.0872367	0.368923	0.488681	0.0551591	2.331676	0.9669674	0.1224694	0.6625909
4308	125.3388	-375.3492	500.6879	0.0873082	0.111828	0.69313	0.107735	0.655486	0.7730188	0.04134017	0.468439
4314	131.4092	-370.3391	501.7483	0.162397	0.190783	0.463019	0.1838	0.1164087	0.6645138	0.1177177	0.5280458
4320	109.9286	-392.7649	502.6935	0.19479	0.64883	0.0581002	0.0982794	0.1795158	0.03972157	0.1937959	0.7184096
4326	113.1159	-388.585	501.7009	0.616335	0.226577	0.00617247	0.150915	0.4313856	0.6059893	0.07551246	0.3716293
4332	120.4436	-382.0202	502.4638	0.397435	0.444669	0.0121138	0.145783	0.3598873	0.2143833	0.1497035	0.6047831
4338	122.9562	-379.5579	502.5141	0.140067	0.532729	0.0573295	0.269874	0.2319139	0.2799713	0.1370794	0.4726143
4344	126.8305	-374.9132	501.7437	0.0206414	0.219112	0.56947	0.190777	0.2034307	0.4954811	0.1222271	0.9111374
4350	128.4122	-373.4084	501.8206	0.0332247	0.216297	0.562153	0.188326	0.1768279	0.2756105	0.05475031	0.3596524
4356	113.8172	-386.4365	500.2537	0.019389	0.305353	0.565356	0.109902	0.5824917	0.9613836	0.03820115	0.08910995
4362	102.4973	-398.5544	501.0517	0.0134029	0.246801	0.0741449	0.665651	0.735447	0.01965005	0.03894635	0.08910995
4368	115.7047	-386.5883	502.293	0.0125647	0.225842	0.159539	0.602055	0.4131556	0.3223145	0.1484646	0.1023192
4374	114.544	-385.9445	500.4885	0.0129227	0.626182	0.134661	0.226234	2.306899	0.2203779	0.2056022	0.06136885
4380	119.9109	-382.1184	502.0292	0.00982919	0.657887	0.141479	0.190805	1.337513	0.03604097	0.2686292	0.105504
4386	130.8941	-370.9641	501.8582	0.00735504	0.485753	0.0827873	0.424105	1.455914	0.02804231	0.2466042	0.100378
4392	122.3266	-378.4419	500.7685	0.0141102	0.609158	0.064671	0.312061	1.383811	0.551107	0.2452645	0.05052849
4398	112.356	-389.0404	501.3964	0.0434972	0.70345	0.0302179	0.222835	0.2127254	0.9524106	0.1995577	0.05525132
4404	115.3543	-384.8312	500.1855	0.456685	0.191625	0.0502274	0.301463	1.484743	0.7313345	0.1228797	0.05686906
4410	116.8175	-384.7745	501.592	0.115088	0.349613	0.0352615	0.500037	0.08774269	0.5574792	0.159634	0.07800749
4416	119.6783	-381.244	500.9223	0.128295	0.161663	0.0272368	0.682805	1.042311	0.2741347	0.1217953	0.05091777
4422	123.6722	-377.1038	500.7761	0.112035	0.283465	0.0457175	0.558782	0.4946077	0.5387319	0.1722527	0.03038913
4428	123.4411	-378.1229	501.5639	0.252173	0.178111	0.0287259	0.540989	0.5341958	0.6779721	0.1902954	0.06173868
4434	125.7313	-375.7608	501.4921	0.373601	0.334988	0.0372897	0.254122	1.254877	0.1464495	0.3118698	0.05492717
4440	123.0397	-379.4347	502.4744	0.441926	0.391026	0.0343639	0.132684	0.8138388	0.195155	0.3403195	0.10534
4446	124.364	-377.4453	501.8093	0.0456955	0.496325	0.123579	0.3344	0.4301622	0.4715808	0.1774791	0.06065596
4452	118.501	-384.1514	502.6524	0.0358611	0.604723	0.096983	0.262432	0.4607799	0.0808583	0.2501139	0.08253609
4458	112.9694	-389.3481	502.3175	0.0716695	0.739707	0.023185	0.165439	0.5581676	0.6885798	0.2487414	0.1586843
4464	104.665	-398.442	503.1071	0.356273	0.486127	0.0545939	0.103006	0.5176927	0.07206278	0.32468	0.3776194
4470	113.0463	-389.5754	502.6217	0.466193	0.221623	0.199939	0.112246	0.3219215	0.3378697	0.1966341	0.5294239
4476	120.1412	-382.5758	502.717	0.625874	0.114883	0.14647	0.112773	0.3408124	0.1181562	0.1345345	0.3757949
4482	114.9792	-387.7734	502.7526	0.36679	0.489056	0.0916275	0.0525268	0.3408124	0.3745034	0.2091219	0.3757949
4488	118.8128	-383.9631	502.776	0.471963	0.241112	0.0681157	0.218809	0.2525421	0.1134342	0.1385599	0.3765601
4494	132.5614	-369.4141	501.9755	0.172363	0.396579	0.29193	0.139128	0.2006977	0.1353455	0.05187428	0.2131522
4500	120.8145	-380.8515	501.666	0.188357	0.331724	0.369158	0.110761	0.6119705	0.4305857	0.06896969	0.2889983
4506	131.3641	-370.5541	501.9182	0.484607	0.145131	0.284808	0.0854533	0.1064588	0.3310826	0.08104972	0.2972634
4512	113.9485	-387.3243	501.2727	0.630095	0.0992349	0.155479	0.115191	0.3695226	0.9477675	0.06718999	0.4177734
4518	114.8816	-386.6975	501.579	0.614566	0.127884	0.109208	0.148342	0.3695226	0.9459833	0.1139816	0.5518717
4524	118.967	-382.197	501.164	0.464054	0.28963	0.0302438	0.216072	0.1720263	0.9459833	0.05995175	0.4315829
4530	113.1622	-387.9553	501.1174	0.153169	0.737748	0.00842972	0.100654	0.1312088	0.8327177	0.06208336	0.523832
4536	110.1505	-391.4099	501.5604	0.32713	0.564225	0.0316653	0.0769795	0.9329843	0.5314593	0.1080311	0.3595996
4542	108.9948	-391.3886	500.3834	0.282184	0.684395	0.00974074	0.02368	3.282167	0.1738233	0.1575633	0.4156242
4548	120.5018	-382.1103	502.6121	0.230085	0.600402	0.101948	0.0675644	0.4436466	0.2037348	0.2051955	0.6014729
4554	102.741	-398.0766	500.8176	0.275276	0.246998	0.416645	0.0610813	2.934208	0.03363643	0.2486131	0.6014729
4560	121.9088	-380.8909	502.7997	0.272368	0.258935	0.436782	0.0319149	0.3914984	0.08123931	0.2629219	0.7083515
4566	117.5456	-383.519	501.0646	0.351772	0.487702	0.100414	0.0601115	0.2801758	0.4222065	0.151542	1.951986
4572	127.6912	-373.3404	501.0315	0.234837	0.597244	0.0283531	0.139566	0.8058853	0.5636109	0.151542	1.243992
4578	120.0573	-380.2585	500.3157	0.321183	0.397144	0.0439356	0.237738	0.3259431	0.7986623	0.1470282	2.412981
4584	119.5214	-378.9025	498.4238	0.260999	0.348689	0.176226	0.214086	2.69032	0.8174729	0.1121056	1.942205
4590	120.8012	-379.5298	500.331	0.459766	0.0618295	0.265562	0.212842	2.272939	0.4370678	0.1121056	0.5925585
4596	120.849	-380.7031	501.5521	0.0591274	0.4196	0.289976	0.231296	0.7644356	0.3053429	0.07592677	0.4960226
4602	120.4975	-379.5509	500.0484	0.0390386	0.297756	0.510493	0.152712	2.365435	0.3535006	0.05727027	0.2859703
4608	127.016	-375.5827	502.5987	0.091799	0.378001	0.408114	0.122086	0.3209219	0.1912331	0.1154308	0.2614222
4614	123.4594	-379.1141	502.5735	0.0841952	0.418822	0.382546	0.114437	0.2356452	0.03325416	0.1245332	0.588205
4620	121.2807	-381.5076	502.7883	0.448211	0.169243	0.29446	0.0880866	0.3633013	0.1293897	0.1476988	0.3310939
4626	119.637	-381.5715	501.2085	0.314981	0.498509	0.0443918	0.142118	0.04178645	0.2275752	0.09019351	0.3028535
4632	127.0795	-375.4017	502.4811	0.240122	0.550178	0.0755815	0.134118	0.1836153	0.3486424	0.1312084	0.3548658
4638	126.7656	-375.9264	502.692	0.134517	0.774349	0.0563136	0.0348201	0.2417081	0.4615912	0.1938994	0.3173695
4644	127.5203	-374.8451	502.3653	0.111536	0.750427	0.0534601	0.0845772	0.9849462	0.06149037	0.1938994	0.3927385
4650	113.7321	-386.165	499.897	0.404325	0.409812	0.0134388	0.172425	3.988895	0.1038247	0.1570445	0.5952192
4656	99.99463	-402.8446	502.8393	0.508402	0.242317	0.0395647	0.209716	0.5281951	0.1278387	0.2457637	0.4689302
4662	120.7801	-381.6093	502.3894	0.504367	0.141815	0.278134	0.0756831	0.74716	0.1875014	0.1602995	0.3569208
4668	124.7658	-377.4699	502.2357	0.164794	0.138683	0.602328	0.0941947	0.2476816	0.4316698	0.1015708	0.3569208
4674	111.8414	-388.5246	500.366	0.347457	0.144375	0.0641573	0.44401	0.1723042	0.8627528	0.09022114	1.715696
4680	109.7151	-389.9674	499.6825	0.166419	0.320322	0.112291	0.400968	0.3629174	0.60176	0.1257532	3.56022
4686	126.7694	-373.4788	500.2482	0.368137	0.393558	0.13998	0.098325	0.6926837	0.2977195	0.254679	3.312004
4692	109.397	-393.3091	502.7061	0.312694	0.527231	0.120695	0.03938	0.1202198	0.1339495	0.1607816	0.3086127
4698	118.2419	-384.7482	502.9901	0.384547	0.462136	0.118799	0.0345179	0.187462	0.1055244	0.191271	0.34835
4704	122.2716	-380.5413	502.8129	0.431261	0.230476	0.169352	0.168911	0.5877199	0.01874306	0.172062	0.2840428
4710	118.381	-384.1899	502.5708	0.461829	0.262986	0.105674	0.169511	0.5877199	0.014149	0.1977637	0.6625793
4716	111.7391	-390.3986	502.1376	0.78713	0.0885772	0.0355926	0.0887	0.78141	0.2346723	0.234708	0.7623036
4722	124.9894	-377.6171	502.6065	0.644142	0.254144	0.0291269	0.072587	0.6269603	0.1406	0.1850172	0.4201499
4728	112.5915	-389.4691	502.0607	0.400231	0.41378	0.06537	0.120619	0.7889156	0.4002789	0.2315175	0.6641674
4734	124.3194	-377.4476	501.7669	0.533573	0.1863	0.212536	0.0675913	1.502695	0.2512976	0.2748915	0.5141039
4740	118.8381	-381.8489	500.687	0.535607	0.332999	0.0317803	0.0996136	2.046045	0.2461005	0.0866988	0.3759215
4746	119.0243	-383.1848	502.2091	0.106246	0.787945	0.0363972	0.0694116	0.5548697	0.4728637	0.1361734	0.3305667
4752	114.9994	-387.1184	502.1179	0.262174	0.211879	0.490376	0.0355713	0.1480034	0.3066688	0.3034096	1.191103
4758	117.7355	-382.7331	500.4686	0.0891507	0.349862	0.250592	0.310396	0.1562546	0.2646748	0.2384557	3.43557
4764	115.5823	-384.3137	499.896	0.305746	0.0399488	0.29019	0.364115	0.2335158	0.5826283	0.1848968	3.78622
4770	119.0714	-381.116	500.1873	0.459731	0.133713	0.255588	0.150968	0.3297027	0.3731331	0.1948323	3.645445
4776	114.1659	-384.369	498.5349	0.315818	0.428005	0.175579	0.0805988	0.2074022	0.3550882	0.267217	8.351028
4782	114.2054	-387.0809	501.2862	0.244894	0.568292	0.140573	0.0462407	0.03823661	0.3394775	0.25506	0.732869
4788	121.8943	-380.6784	502.5727	0.382237	0.499144	0.0485415	0.0700772	0.1699014	0.5082431	0.2609566	0.5287119
4794	115.0529	-387.1106	502.1635	0.314422	0.589716	0.0520624	0.0437991	0.703883	0.4086263	0.2211085	0.6200985
4800	129.7247	-371.4594	501.1842	0.301948	0.578498	0.0449641	0.0745901	1.218394	0.7302592	0.1333281	0.430044
4806	126.3139	-374.1441	500.4581	0.317293	0.557077	0.0472492	0.0783809	2.525926	0.2620916	0.1949263	0.8422428
4812	126.9012	-374.3369	501.2381	0.00893052	0.444958	0.512388	0.0337234	0.964616	0.5611057	0.1478623	0.8537551
4818	117.9519	-382.7467	500.6985	0.0391105	0.371904	0.428263	0.160723	1.521683	0.1423959	0.1633955	1.379075
4824	117.9367	-381.4781	499.4148	0.174137	0.316004	0.317843	0.192016	0.4591586	0.01890101	0.08202725	4.411443
4830	108.7715	-390.8373	499.6088	0.157955	0.23685	0.142537	0.462657	3.506238	0.01252681	0.1794633	1.312849
4836	125.3954	-376.2661	501.6615	0.234049	0.563073	0.0477822	0.155095	0.7354009	0.192911	0.2333117	1.334267
4842	126.7128	-375.2992	502.0119	0.0823378	0.729347	0.00931227	0.179003	0.7720378	0.3122652	0.1111417	0.2751229
4848	129.9739	-371.8909	501.8649	0.031074	0.889111	0.0478867	0.0319285	0.6056433	0.5333377	0.1786569	0.7614282
4854	127.5512	-370.8676	498.4187	0.133346	0.444093	0.393195	0.0293656	4.618971	0.3226461	0.2189746	1.84101
4860	111.4366	-385.1105	496.5471	0.146239	0.361332	0.43232	0.0601087	11.63881	0.4147344	0.2151487	1.266658
4866	117.2701	-379.681	496.9512	0.0543389	0.445115	0.23749	0.263056	7.048908	0.1134483	0.2421974	2.974106
4872	122.1363	-378.5581	500.6944	0.636287	0.10634	0.212388	0.0449847	0.4940643	0.1160869	0.2166895	3.063478
4878	112.0209	-389.0386	501.0595	0.622046	0.0757984	0.1696	0.132556	1.021117	0.5589776	0.214805	1.221574
4884	117.6514	-384.7452	502.3966	0.77304	0.0364143	0.0903775	0.100169	0.4043336	0.403883	0.179669	0.5713573
4890	129.0037	-373.8916	502.8954	0.632233	0.0994715	0.115984	0.152311	0.3713431	0.08475183	0.1673	0.3568118
4896	135.9729	-366.3684	502.3413	0.48658	0.250424	0.0961199	0.166875	0.08774507	0.2056263	0.1841284	0.5217301
4902	133.3071	-369.5774	502.8846	0.591793	0.304573	0.032282	0.0713523	0.2334245	0.1256604	0.1839149	0.4563973
4908	132.0167	-370.3729	502.3896	0.355048	0.47374	0.0575313	0.11368	0.5857013	0.1764473	0.1506152	0.5118397
4914	131.7631	-370.5013	502.2643	0.442584	0.298633	0.0239553	0.234828	0.4744857	0.2971048	0.3138053	1.017981
4920	119.0739	-382.6845	501.7584	0.18463	0.327527	0.397877	0.0899668	0.4744857	0.4220651	0.1918192	1.154017
4926	122.9433	-379.6858	502.6291	0.582475	0.193216	0.131246	0.0930632	0.4744857	0.277461	0.1918192	0.4414736
4932	120.5625	-380.4964	501.0589	0.476948	0.22089	0.0998739	0.202288	2.410875	0.02690975	0.1918192	0.5586803
4938	130.3106	-371.6319	501.9425	0.107452	0.522152	0.324823	0.0455735	0.9613288	0.1646296	0.1205188	0.4102148
4944	130.6764	-372.0595	502.7359	0.0637229	0.655709	0.235872	0.0446956	0.2154683	0.1832438	0.1449746	0.3686745
4950	116.8961	-384.8723	501.7684	0.0409761	0.533818	0.231922	0.193284	0.2444967	0.3225778	0.2117407	1.476613
4956	114.3789	-383.3836	497.7625	0.0377932	0.537333	0.237722	0.187151	4.319065	0.5706149	0.2198536	2.61448
4962	119.3467	-378.4294	497.7761	0.04627	0.657854	0.111547	0.184329	4.319065	0.7168701	0.08585938	1.49835
4968	116.0693	-385.0038	501.073	0.0357177	0.724045	0.0704296	0.169808	1.028364	0.7564757	0.1043056	0.5140414
4974	115.3189	-384.8127	500.1316	0.0394754	0.455715	0.178354	0.326456	1.77705	0.5682435	0.2094892	1.477068
4980	123.4735	-379.0269	502.5004	0.410655	0.243915	0.213496	0.131935	0.5472897	0.04523888	0.2556915	0.8742232
4986	115.6466	-385.025	500.6716	0.500167	0.111586	0.128112	0.260135	2.03313	0.2809083	0.1095638	0.5647793
4992	117.0689	-385.3779	502.4468	0.261681	0.284217	0.0450161	0.409085	0.272151	0.2440422	0.1342249	0.560113
4998	116.1718	-384.0344	500.2062	0.483004	0.199019	0.0315218	0.286455	0.2433084	0.6729657	0.1087953	2.464065
5004	113.0018	-387.816	500.8178	0.483359	0.239554	0.0604912	0.216595	1.270545	0.4530575	0.2008506	1.296197
5010	113.1257	-389.6934	502.8191	0.295317	0.554574	0.0216756	0.128434	0.2161279	0.1823343	0.1529375	0.2933182
5016	120.0203	-382.8423	502.8626	0.15102	0.739838	0.0157599	0.0933819	0.6037844	0.0650842	0.2136489	0.3283981
5022	125.2682	-377.7203	502.9885	0.648908	0.23905	0.0146479	0.0973937	0.1324619	0.09291687	0.2982089	0.4941397
5028	125.9239	-377.0583	502.9822	0.0597893	0.730601	0.15611	0.0534996	0.3071094	0.0746092	0.1665881	0.2837612
5034	119.5338	-383.2451	502.7788	0.0206958	0.537906	0.287763	0.153635	0.2681099	0.02830517	0.1153687	0.2754262
5040	123.5225	-378.8583	502.3808	0.400024	0.113431	0.317196	0.169349	0.6364634	0.09560231	0.1295004	0.4367068
5046	134.1658	-367.6622	501.828	0.191728	0.0701942	0.63328	0.104798	0.4065483	0.3268974	0.05910743	0.3121802
5052	125.3557	-377.2098	502.5655	0.0854773	0.410777	0.457024	0.0467216	0.4306543	0.233544	0.1439366	0.3927197
5058	116.6711	-384.6836	501.3546	0.0714433	0.677285	0.181028	0.0702439	0.3613136	1.001106	0.08828373	0.5238316
5064	119.6399	-376.9247	496.5646	0.222168	0.453128	0.233932	0.0907721	8.190807	1.072444	0.04844696	0.3583651
5070	117.5257	-383.8135	501.3392	0.47219	0.396717	0.0735035	0.05759	0.6277422	0.7502517	0.07326377	0.3636803
5076	111.5989	-390.0623	501.6611	0.223428	0.640644	0.111384	0.0245439	0.6144496	0.7147606	0.1306922	0.5684153
5082	125.9288	-375.5733	501.5021	0.0456569	0.600618	0.152933	0.200792	0.1712655	0.1313159	0.03169844	0.2464093
5088	129.7345	-372.2411	501.9756	0.0236359	0.701422	0.105564	0.169378	0.1712655	0.3466596	0.06817301	0.2260249
5094	125.1331	-375.0982	500.2313	0.0258795	0.768004	0.0206601	0.185456	2.079409	0.2057423	0.04736322	0.2266347
5100	120.3422	-381.1586	501.5008	0.0276226	0.752378	0.0220516	0.197948	0.7091599	0.1654278	0.05025007	0.3717111
5106	119.9785	-382.1435	502.122	0.423331	0.458707	0.012771	0.105192	0.9074187	0.04343744	0.110518	0.3115275
5112	111.2992	-389.8542	501.1534	0.372992	0.342879	0.226256	0.0578726	1.589158	0.2497623	0.1130785	0.4908885
5118	117.5547	-384.5974	502.1521	0.145753	0.55774	0.200547	0.0959599	1.406575	0.1347274	0.3151607	0.3737055
5124	122.3597	-378.7167	501.0764	0.525609	0.172995	0.279537	0.0218591	2.501829	0.0196352	0.2029374	0.5223274
5130	130.392	-372.7025	503.0945	0.796083	0.160384	0.0232666	0.0202657	0.451144	0.0330658	0.2727814	0.4321831
5136	130.7977	-371.2546	502.0523	0.245923	0.56517	0.110618	0.0782886	0.4436682	0.5958907	0.1706779	0.6511929
5142	129.5056	-372.7359	502.2415	0.329441	0.396937	0.160225	0.113397	0.9335799	0.2706294	0.2083129	0.4041112
5148	127.0563	-375.4083	502.4646	0.435435	0.329988	0.0311088	0.203468	0.2124404	0.09014059	0.08921301	0.3531554
5154	114.3634	-388.812	503.1754	0.460666	0.346677	0.0329113	0.159746	0.2124404	0.01895907	0.2119166	0.3215705
5160	108.2103	-394.1464	502.3567	0.711038	0.155982	0.0227168	0.110263	0.5068465	0.222437	0.114568	0.3637186
5166	121.8974	-379.6523	501.5498	0.537103	0.362446	0.0171598	0.0832907	0.5827698	0.4801908	0.07694057	0.5264677
5172	129.6562	-367.7987	497.4549	0.514531	0.299993	0.100412	0.0850639	8.822746	0.7475668	0.1218122	0.3851112
5178	121.5352	-378.2938	499.829	0.522699	0.181526	0.21801	0.0777658	2.850826	0.7183275	0.1333912	0.5658568
5184	127.6362	-374.5428	502.179	0.50963	0.286701	0.0914871	0.112182	0.9554798	0.1026155	0.1595316	0.4477997
5190	124.6143	-376.8976	501.5119	0.667854	0.145403	0.0838837	0.102859	1.645659	0.01872315	0.1189049	0.3287176
5196	127.3639	-374.3966	501.7605	0.327994	0.493284	0.0937094	0.0850124	1.645659	0.01309162	0.1822067	0.4062021
5202	134.662	-367.287	501.949	0.225346	0.600805	0.130977	0.0428718	0.07834609	0.205771	0.09949214	0.3615038
5208	133.7172	-368.3402	502.0574	0.690964	0.0226695	0.178601	0.107766	0.5259496	0.3931347	0.09949214	0.3615038
5214	121.3564	-379.0122	500.3686	0.59113	0.0849167	0.0362369	0.287716	1.548574	0.4802848	0.06265091	0.587685
5220	127.2777	-374.6693	501.947	0.521768	0.123214	0.101063	0.253956	0.3643484	0.4039919	0.08024551	0.4451871
5226	121.7514	-380.4798	502.2312	0.499782	0.0284042	0.391082	0.0807319	0.5242233	0.6465386	0.2092874	0.4748027
5232	98.46863	-400.4181	498.8867	0.0605565	0.759534	0.129848	0.0500613	0.9141635	1.814373	0.05291173	1.16644
5238	105.3135	-391.8793	497.1929	0.853638	0.0219471	0.0362416	0.0881735	1.018962	1.969157	0.05410492	3.135373
5244	107.1808	-394.657	501.8378	0.391119	0.0263466	0.358601	0.223933	0.3871628	0.2819393	0.2309092	1.422274
5250	115.4246	-385.7441	501.1687	0.552044	0.0433937	0.0884927	0.31607	1.637358	0.5419591	0.2309092	0.6177917
5256	116.7654	-384.4723	501.2377	0.706763	0.0149829	0.149173	0.129081	1.830444	0.2257238	0.2303002	0.7028061
5262	109.6158	-393.4898	503.1057	0.654514	0.0207506	0.206598	0.118138	0.3128044	0.04341368	0.2658206	0.5081185
5268	115.5385	-385.0035	500.542	0.880737	0.015148	0.0178746	0.0862407	3.440898	0.1704147	0.272396	0.4941556
5274	117.7251	-384.1185	501.8435	0.382281	0.252597	0.308318	0.0568037	0.0587563	0.3178102	0.2707202	0.7443869
5280	118.2732	-382.8699	501.1431	0.428556	0.253993	0.196066	0.121386	0.2542186	0.765756	0.04140305	0.3285577
5286	115.7727	-385.4856	501.2583	0.684572	0.0193334	0.209422	0.086673	0.2549128	0.5477065	0.03601496	0.2517224
5292	124.5653	-376.0389	500.6042	0.76496	0.00670928	0.13148	0.0968508	2.049424	0.2658076	0.07521685	0.2517224
5298	119.1319	-382.1617	501.2935	0.825909	0.0125992	0.0599465	0.101546	0.4374323	0.786178	0.05721878	0.3447816
5304	115.0731	-385.8601	500.9332	0.81228	0.00738624	0.137464	0.0428693	0.4443248	1.125699	0.06906847	0.5434475
5310	114.6697	-386.7071	501.3768	0.653246	0.132755	0.118224	0.0957743	0.8679129	1.013261	0.1419085	0.3178601
5316	115.1762	-387.6718	502.848	0.346239	0.228676	0.23484	0.190245	0.4352115	0.04778471	0.1716762	0.4160958
5322	122.3676	-379.2025	501.5701	0.43764	0.208887	0.156142	0.197331	2.075706	0.05924261	0.2922873	0.4729494
5328	119.8541	-381.9906	501.8447	0.740539	0.0651946	0.0921367	0.10213	0.5543813	0.4698593	0.185548	0.9164625
5334	111.0654	-388.3034	499.3688	0.286713	0.323055	0.230443	0.159788	3.572413	0.3463733	0.1540684	1.068248
5340	102.452	-396.9651	499.417	0.308548	0.191995	0.329707	0.169749	3.789704	0.6596239	0.1540684	0.6072329
5346	108.6911	-388.9294	497.6204	0.666229	0.0950594	0.0929644	0.145747	7.576125	0.9612598	0.1369839	0.48666
5352	109.6762	-390.2911	499.9673	0.501255	0.284425	0.0492776	0.165043	3.970439	0.1917616	0.1428523	0.3693537
5358	110.5447	-391.6304	502.1751	0.750963	0.0933744	0.0218331	0.13383	0.7123096	0.4282245	0.1599895	0.3693537
5364	111.1317	-390.211	501.3427	0.83447	0.103758	0.0334745	0.0282983	1.509815	0.3087171	0.1243288	0.3693537
5370	107.335	-394.6322	501.9672	0.584357	0.0415584	0.247431	0.126654	1.509815	0.05846708	0.2320008	0.4114481
5376	128.7495	-373.6818	502.4313	0.718905	0.0281056	0.167335	0.0856546	0.5354436	0.1303416	0.1195025	0.3905914
5382	121.2678	-381.0446	502.3124	0.875614	0.0143472	0.0731416	0.0368972	0.8066245	0.3535791	0.3375475	0.6087111
5388	115.9562	-386.929	502.8853	0.807007	0.0049519	0.124989	0.0630523	0.4298469	0.1684988	0.3323816	0.6039573
5394	103.8257	-398.7356	502.5612	0.755776	0.0295052	0.0859945	0.128725	0.5769403	0.1968994	0.3069024	0.7185345
5400	119.1264	-383.5858	502.7122	0.7658	0.0626558	0.0871351	0.084409	0.7592382	0.1228271	0.3384207	0.4934912
5406	114.6584	-386.4779	501.1363	0.916972	0.0180226	0.0338383	0.0311673	2.330953	0.07903395	0.2946386	0.7000202
5412	120.294	-382.2865	502.5805	0.937793	0.014976	0.0153556	0.031875	0.4478634	0.1372814	0.2906872	0.8592154
5418	119.8831	-382.2094	502.0925	0.609768	0.172289	0.146848	0.0710952	0.9402117	0.0003278622	0.5212625	1.096481
5424	113.8212	-387.0885	500.9097	0.530849	0.207651	0.199606	0.0618938	2.789144	0.0001581695	0.1645107	0.379594
5430	117.4344	-385.7003	503.1347	0.6391	0.14224	0.176263	0.0423971	0.426706	0.0002629003	0.231968	0.3516968
5436	115.5228	-384.9237	500.4465	0.640055	0.142453	0.175031	0.0424605	4.074963	0.001281929	0.2252817	0.2766875
5442	114.3323	-386.1343	500.4666	0.577026	0.183394	0.208525	0.0310545	4.074963	0.02338017	0.2538511	0.3241529
5448	104.1902	-398.2409	502.4311	0.412538	0.0923746	0.479445	0.015642	1.10838	0.06596188	0.2507627	0.3241529
5454	113.1387	-389.5078	502.6465	0.844003	0.0381965	0.0950551	0.0227458	0.3533153	0.02065374	0.1037911	0.3182912
5460	113.9931	-388.5769	502.57	0.518009	0.125637	0.323861	0.0324944	0.5283073	0.07891011	0.124327	0.3182912
5466	110.4209	-391.4829	501.9038	0.781093	0.0473588	0.137423	0.0341249	0.8454707	0.5709619	0.1631676	0.3719874
5472	121.1654	-380.3761	501.5415	0.861113	0.0303692	0.0708971	0.0376209	0.8454707	0.4821406	0.08972709	0.3719874
5478	118.7529	-382.8942	501.6471	0.854668	0.0301419	0.0703664	0.0448236	1.021772	0.3981665	0.121985	0.4220614
5484	122.5184	-378.9767	501.4951	0.876707	0.0309191	0.0463946	0.0459794	1.021772	0.5436027	0.1160137	0.3846695
5490	120.9908	-380.755	501.7458	0.803785	0.0558972	0.0553063	0.0850117	0.6053962	0.5695454	0.09276392	0.3563641
5496	117.4895	-383.798	501.2874	0.854101	0.0128016	0.0587684	0.0743287	1.22191	0.5975196	0.1238905	0.3974596
5502	127.0929	-375.4785	502.5714	0.802052	0.0406377	0.055187	0.102124	0.571742	0.2384887	0.1984351	0.4617587
5508	122.656	-378.7364	501.3924	0.605787	0.324111	0.0330828	0.0370193	1.883345	0.07448891	0.1667503	0.47048
5514	114.7725	-382.7121	497.4846	0.620228	0.307091	0.0160705	0.0566106	13.812	0.04600722	0.3767479	0.4565172
5520	111.9241	-390.0076	501.9317	0.744926	0.244573	0.00175258	0.00874869	0.06981021	0.21591	0.1184793	0.4131372
5526	120.2607	-382.2407	502.5014	0.347637	0.311389	0.266839	0.0741343	0.774156	0.1073631	0.1883495	0.4131372
5532	132.4137	-369.6371	502.0508	0.861376	0.0827315	0.0437404	0.0121521	1.046834	0.3114207	0.339729	0.6665724
5538	124.1228	-378.2708	502.3936	0.6842	0.138885	0.162208	0.0147065	1.046834	0.118351	0.2914985	0.4659299
5544	120.3555	-380.5312	500.8867	0.797792	0.0150891	0.156336	0.0307834	3.012679	0.06842605	0.2403548	0.4331506
5550	128.5961	-373.7904	502.3865	0.802197	0.0151724	0.157199	0.025431	0.08525745	0.2985343	0.1865112	0.3515988
5556	129.3864	-373.5683	502.9547	0.744459	0.0851921	0.135996	0.0343524	0.2550561	0.1232029	0.2385236	0.5421064
5562	124.3587	-377.0135	501.3722	0.816304	0.0934136	0.0526149	0.0376677	1.934749	0.05069779	0.184951	0.5421064
5568	121.704	-380.2149	501.9189	0.713331	0.173472	0.0778152	0.035382	1.431302	0.03670339	0.166233	0.3258211
5574	111.2531	-391.4342	502.6872	0.62753	0.272889	0.0684554	0.0311262	0.7821781	0.006988319	0.2411758	0.4651348
5580	116.6808	-385.9153	502.5961	0.666794	0.265691	0.0372098	0.0303052	0.9310754	0.03868508	0.3498816	0.5255438
5586	121.5752	-380.2562	501.8314	0.861774	0.0586143	0.0365561	0.0430553	1.533068	0.1325331	0.2719893	0.5371855
5592	113.4589	-387.798	501.257	0.687321	0.149197	0.0308246	0.132657	2.011578	0.3146209	0.2662368	0.5371855
5598	105.934	-394.9291	500.8631	0.796618	0.135797	0.0429475	0.0246377	2.229542	0.4095472	0.1819954	0.4650325
5604	110.8272	-390.518	501.3453	0.657995	0.259826	0.0363882	0.0457914	1.208242	0.6349335	0.1819954	0.5885501
5610	118.6673	-382.335	501.0023	0.658884	0.260177	0.0364374	0.0445021	1.846278	0.2780832	0.1142114	0.4071435
5616	119.6591	-380.1604	499.8194	0.69258	0.149186	0.0712335	0.0869997	2.932347	0.5544866	0.09326256	0.4071435
5622	128.6231	-372.8856	501.5088	0.357519	0.353878	0.16897	0.119633	1.297724	0.4704777	0.1530232	0.383194
5628	139.2109	-363.0253	502.2362	0.399905	0.330532	0.157822	0.111741	0.07200183	0.2907699	0.1918351	0.3944307
5634	131.9711	-370.8058	502.777	0.408814	0.452158	0.0813973	0.0576306	0.4325246	0.2367166	0.1918351	0.3606447
5640	128.1001	-373.6298	501.73	0.465759	0.375847	0.0927355	0.0656582	1.429738	0.2466746	0.1755223	0.3512903
5646	118.4175	-378.7859	497.2034	0.48233	0.388464	0.0402435	0.088962	13.31275	0.1077935	0.1693652	0.3900927
5652	112.5936	-389.7815	502.3751	0.368396	0.488317	0.0307373	0.11255	0.8651355	0.1399948	0.1693652	0.3174869
5658	116.3707	-385.7034	502.0742	0.29877	0.43068	0.058037	0.212512	0.9856038	0.1998831	0.165206	0.4486003
5664	106.7077	-391.3533	498.0611	0.501031	0.374229	0.0283325	0.0964083	8.235885	0.1719728	0.09330543	0.2668245
5670	118.6728	-381.4739	500.1467	0.152754	0.634592	0.0380804	0.174574	2.968344	0.1921744	0.0829982	0.2668245
5676	116.5206	-385.153	501.6736	0.286672	0.504127	0.0651885	0.144013	0.3025516	0.4683081	0.05282151	0.2668245
5682	115.1049	-386.8455	501.9504	0.221253	0.531263	0.095719	0.151765	1.205984	0.1856632	0.1586097	0.3129051
5688	109.1145	-392.0883	501.2027	0.103559	0.125454	0.735149	0.0358383	2.355646	0.2371934	0.2526144	0.3880012
5694	110.6531	-391.3328	501.9859	0.380364	0.360857	0.21754	0.04124	1.076934	0.2176988	0.147896	0.3274023
5700	112.7427	-389.271	502.0136	0.368675	0.0673327	0.524019	0.0399728	0.5506831	0.5138024	0.1100518	0.3274023
5706	109.6821	-392.4397	502.1217	0.493276	0.205392	0.198228	0.103104	0.1120652	0.4175568	0.1106456	0.2761093
5712	109.4002	-392.8241	502.2244	0.50375	0.20107	0.192418	0.102762	0.7374732	0.1338896	0.1106456	0.2700964
5718	109.6603	-392.5425	502.2029	0.479885	0.267797	0.183302	0.0690165	0.9400346	0.09999455	0.1358985	0.2700964
5724	115.8176	-385.1459	500.9635	0.123415	0.476836	0.297787	0.101961	2.004735	0.3606767	0.1358985	0.3637691
5730	112.2466	-389.6031	501.8497	0.379455	0.37619	0.182029	0.062326	1.49026	0.1148829	0.1841444	0.3359958
5736	115.9571	-385.8076	501.7647	0.119053	0.644876	0.115779	0.120293	0.9105799	0.4109537	0.1158878	0.3504405
5742	117.2959	-383.5492	500.8451	0.17441	0.47975	0.169614	0.176226	0.9803832	0.7891724	0.06686906	0.3759578
5748	120.44	-378.0535	498.4935	0.255971	0.374452	0.248876	0.120701	4.409375	0.7001079	0.05791905	0.3934117
5754	128.6417	-372.1167	500.7584	0.11722	0.69561	0.113971	0.0731993	1.735935	0.5119035	0.1251917	0.5787189
5760	129.5185	-372.62	502.1385	0.12015	0.386084	0.418737	0.0750291	0.3124935	0.2759876	0.07281295	0.2239165
5766	121.1332	-380.7429	501.8762	0.00799276	0.590361	0.290242	0.111405	0.3000566	0.2141813	0.04981793	0.2368365
5772	123.0625	-379.6856	502.7481	0.0245161	0.854107	0.0474543	0.0739223	0.3958691	0.1113288	0.1369764	0.2865533
5778	116.4447	-385.7356	502.1803	0.00328541	0.769656	0.176627	0.0504312	0.4478322	0.6930093	0.1974057	0.5197168
5784	111.0341	-391.9445	502.9786	0.439312	0.393176	0.10934	0.058172	0.3734917	0.1479699	0.2210327	0.3870328
5790	132.5117	-370.42	502.9317	0.231639	0.489964	0.165678	0.112718	0.2345276	0.1630271	0.1816122	0.3452328
5796	132.937	-369.8243	502.7613	0.158502	0.589668	0.113367	0.138464	0.3232624	0.02159729	0.1163749	0.3030833
5802	133.5572	-368.4026	501.9598	0.114363	0.253521	0.349102	0.283014	0.2598618	0.5985167	0.1007228	0.4750134
5808	130.6076	-369.8278	500.4354	0.566588	0.124068	0.170843	0.138501	2.063869	0.4778009	0.1889152	0.9498173
5814	123.8807	-377.024	500.9046	0.388228	0.175125	0.241149	0.195498	1.268532	0.2591493	0.1847301	1.359534
5820	123.5591	-379.1225	502.6817	0.342645	0.0717019	0.537957	0.0476954	0.4586686	0.2370409	0.1847301	0.4188433
5826	115.9553	-383.4612	499.4166	0.60194	0.125962	0.145097	0.127002	5.51837	0.1027072	0.1575462	0.383476
5832	109.1479	-391.6623	500.8102	0.612396	0.107291	0.172137	0.108177	2.587682	0.1778467	0.1575462	0.4053259
5838	106.7044	-391.0071	497.7115	0.640869	0.112279	0.133646	0.113206	7.065412	0.8827563	0.129878	0.6026081
5844	113.1299	-387.4094	500.5394	0.714852	0.0988802	0.0694427	0.116825	3.076579	0.255759	0.1780694	0.3696473
5850	108.9446	-393.4431	502.3876	0.193746	0.553319	0.181291	0.0716434	1.055955	0.03586596	0.2209099	0.4036463
5856	109.6852	-391.0646	500.7498	0.441076	0.352903	0.141362	0.064659	3.238623	0.09635695	0.2390417	0.4036463
5862	115.5686	-385.1654	500.734	0.199904	0.502486	0.205544	0.0920656	3.299819	0.1624049	0.2436051	0.2854717
5868	117.0013	-384.8224	501.8237	0.410242	0.366128	0.15445	0.0691801	1.693593	0.08546025	0.2436051	0.3974728
5874	115.7789	-387.2856	503.0645	0.1256	0.765073	0.0618269	0.0475003	0.372123	0.04667668	0.1948162	0.2967093
5880	107.4669	-394.3563	501.8232	0.708049	0.196041	0.00958777	0.0863218	0.8873934	0.4480005	0.1304168	0.3741811
5886	119.6244	-382.7342	502.3586	0.815747	0.0812453	0.00355631	0.0994518	0.4354841	0.428084	0.1567536	0.4678877
5892	121.4158	-380.2949	501.7107	0.684908	0.228536	0.0177041	0.0688523	0.7073887	0.8224697	0.188368	0.5631806
5898	114.9697	-385.4951	500.4648	0.634267	0.297937	0.00403504	0.0637614	2.126581	0.8224697	0.1811299	0.5219081
5904	115.5067	-386.49	501.9966	0.390599	0.273553	0.277305	0.058543	0.5940853	0.2472918	0.08018814	0.2195779
5910	111.9973	-388.9064	500.9037	0.337219	0.130745	0.482125	0.0499106	1.329658	0.689377	0.08908602	0.2923183
5916	120.9632	-380.57	501.5332	0.272388	0.357881	0.341768	0.0279625	0.7174142	0.7817127	0.1123627	0.400517
5922	132.9993	-369.5473	502.5465	0.496031	0.202592	0.228967	0.0724097	0.5484624	0.2287047	0.1637932	0.3902065
5928	119.0826	-382.3122	501.3948	0.322184	0.342071	0.213484	0.122262	1.462728	0.3423962	0.1350597	0.3902065
5934	129.5009	-373.2167	502.7176	0.419517	0.0309169	0.430167	0.119399	0.2917104	0.134425	0.1350597	0.3902065
5940	117.5825	-385.0092	502.5916	0.732077	0.0430346	0.0165326	0.208356	0.2378566	0.267181	0.1350597	0.3902065
5946	117.1838	-384.8706	502.0544	0.829903	0.0156636	0.0151297	0.139304	0.2378566	0.2779217	0.06586264	0.3115742
5952	123.35	-377.9267	501.2767	0.575239	0.184121	0.0235752	0.217065	0.2378566	0.8018247	0.04942459	0.3106816
5958	123.5808	-377.7847	501.3655	0.282133	0.555226	0.0344344	0.128207	0.344551	0.8945898	0.08423125	0.5900242
5964	116.2931	-383.9087	500.2019	0.335789	0.563571	0.00490208	0.095738	1.670692	1.085675	0.1220589	0.5947768
5970	117.2176	-382.3559	499.5735	0.752199	0.0731449	0.00562825	0.169028	2.23208	0.7259381	0.05316237	0.4633662
5976	120.1487	-382.7196	502.8683	0.62804	0.218889	0.00271394	0.150358	0.2138209	0.06782426	0.181905	0.5171727
5982	120.776	-381.9792	502.7552	0.594627	0.282551	0.00365307	0.119169	0.2514765	0.2248807	0.2605515	0.6776216
5988	118.1591	-382.0274	500.1865	0.55117	0.261902	0.0033861	0.183542	0.8446833	1.041289	0.07764297	1.041837
5994	110.3726	-390.2955	500.6681	0.872051	0.0730937	0.00394147	0.0509136	0.7154677	1.050009	0.186979	1.366007
6000	110.7619	-389.8745	500.6365	0.855515	0.0906703	0.00386673	0.0499482	2.253379	0.569601	0.18471	0.5247423
6006	125.8029	-374.7482	500.5511	0.827662	0.107631	0.00374084	0.0609658	1.916762	0.569601	0.1152248	0.5247423
6012	108.0845	-392.2438	500.3283	0.62005	0.31076	0.016163	0.0530274	0.4715502	1.090048	0.02774404	0.2587409
6018	105.2362	-395.5599	500.7962	0.715739	0.0441459	0.06726	0.172855	0.5256934	1.042176	0.04622379	0.2478293
6024	109.9578	-391.9111	501.8689	0.786685	0.0304239	0.0512305	0.13166	0.5256934	0.3067997	0.06760074	0.2478293
6030	111.7546	-390.5947	502.3493	0.831599	0.0853567	0.058735	0.0243095	0.2870241	0.4287516	0.112882	0.2980979
6036	120.6873	-381.3107	501.998	0.722715	0.0798799	0.129418	0.0679872	0.2870241	0.224589	0.05738989	0.2601461
6042	121.1817	-381.3923	502.574	0.136094	0.707219	0.0505506	0.106136	0.1200728	0.2742204	0.1843079	0.4207793
6048	113.8685	-388.9475	502.816	0.228019	0.674713	0.0492699	0.0479987	0.1106385	0.01782257	0.1676213	0.2730552
6054	112.1867	-390.578	502.7647	0.189177	0.682393	0.088607	0.0398225	0.1220255	0.02847662	0.1478555	0.3018589
6060	115.5812	-386.7309	502.312	0.37842	0.234531	0.30739	0.0796586	0.5433392	0.08966974	0.0909606	0.2865737
6066	121.2208	-378.8987	500.1195	0.0104881	0.483432	0.379416	0.126664	2.720675	0.1650013	0.06714187	0.3327656
6072	118.2281	-381.5604	499.7885	0.08556	0.163415	0.720046	0.0309786	0.6646412	0.2472454	0.2098624	4.142299
6078	105.2889	-390.0862	495.3751	0.0189475	0.170122	0.322907	0.488023	9.54544	0.4214582	0.2208226	3.785669
6084	116.6288	-378.4962	495.125	0.292865	0.522965	0.11644	0.0677298	5.154177	1.114672	0.09338003	4.689311
6090	121.197	-378.3751	499.5721	0.289848	0.536691	0.010548	0.162913	0.9845162	1.208968	0.07577264	1.341034
6096	124.0481	-378.2856	502.3337	0.158059	0.747042	0.00605967	0.0888395	0.1139438	0.196876	0.1192581	0.4015037
6102	111.3034	-390.2304	501.5338	0.0465888	0.756752	0.00178612	0.194873	0.09336801	0.5598149	0.08584103	0.4532471
6108	116.3688	-383.5452	499.914	0.121614	0.690135	0.00364063	0.184611	2.814145	0.5598149	0.1875927	0.8787941
6114	113.7869	-388.2883	502.0752	0.555108	0.139739	0.00653312	0.29862	0.3863075	0.1767885	0.1487508	0.9902186
6120	107.6777	-393.4164	501.0941	0.535655	0.160203	0.0159873	0.288155	1.313555	0.03540514	0.08587868	0.7725008
6126	109.4907	-388.4123	497.903	0.177986	0.720916	0.00535053	0.0957475	8.745082	0.20522	0.1059689	0.3965855
6132	123.0946	-378.957	502.0517	0.144972	0.750827	0.00435808	0.0998429	0.6239537	0.2485242	0.09240138	0.3452572
6138	107.1431	-392.8365	499.9797	0.842231	0.0492419	0.00453901	0.103988	2.420727	0.5047222	0.0681316	0.3473175
6144	115.7021	-380.0933	495.7954	0.0250887	0.561453	0.212517	0.200942	14.22135	0.530098	0.1105147	0.8670728
6150	122.6566	-376.8529	499.5095	0.0461464	0.372615	0.148232	0.433007	2.067031	0.530098	0.06796357	1.040555
6156	115.2292	-384.6038	499.833	0.0616953	0.333181	0.344319	0.260805	0.7393495	0.6704848	0.09754127	2.272082
6162	115.074	-384.3924	499.4664	0.155133	0.118184	0.562829	0.163853	1.210127	0.4203731	0.1377485	2.896649
6168	121.8131	-377.9707	499.7838	0.326441	0.248691	0.0800786	0.344789	2.827798	0.2231113	0.230156	1.487896
6174	118.925	-380.9122	499.8372	0.344258	0.115112	0.177022	0.363608	3.845562	0.01909718	0.2448318	1.065051
6180	123.4156	-378.923	502.3386	0.192147	0.201666	0.376022	0.230165	0.8501496	0.02572328	0.2448318	0.7226236
6186	120.1457	-380.771	500.9167	0.55759	0.0832891	0.0931425	0.265978	1.5253	0.179558	0.2239157	1.307843
6192	119.6033	-380.2512	499.8544	0.335836	0.0726766	0.120391	0.471097	0.544905	0.367936	0.1366413	3.478062
6198	127.7879	-373.8817	501.6696	0.468949	0.182621	0.168109	0.18032	0.7347487	0.8669433	0.170665	0.468148
6204	130.0563	-371.887	501.9432	0.761769	0.0580191	0.0521468	0.128065	0.7229874	0.2136811	0.09185879	0.3903741
6210	123.3964	-377.011	500.4075	0.772068	0.0274665	0.135689	0.0647764	0.9245304	0.8228466	0.04359344	0.466019
6216	136.6735	-365.3051	501.9786	0.725056	0.0331315	0.163675	0.0781367	0.6748655	0.3841955	0.1045639	0.316716
6222	127.0119	-374.5662	501.578	0.56762	0.0323053	0.306358	0.0937166	0.6748655	0.7986807	0.1064284	0.316716
6228	124.6958	-377.2294	501.9251	0.614868	0.104912	0.111794	0.168426	0.6748655	0.5014961	0.1140411	0.3239814
6234	121.5694	-377.2974	498.8668	0.473067	0.32936	0.0925432	0.10503	5.058618	0.2710481	0.0717785	0.3239814
6240	120.5044	-382.2171	502.7215	0.404248	0.459111	0.0642214	0.0724193	0.4859358	0.1612516	0.1848119	0.4299468
6246	117.0278	-385.2607	502.2885	0.469976	0.279243	0.166588	0.0841941	0.3167312	0.6862105	0.1933628	0.5071028
6252	116.4512	-384.1226	500.5738	0.0668984	0.636386	0.174031	0.122684	2.843146	0.03118824	0.2138346	0.8107706
6258	114.3979	-386.7561	501.154	0.103039	0.475449	0.0831902	0.338322	0.5498687	0.01410811	0.1502292	2.07926
6264	116.3638	-382.1502	498.514	0.0489912	0.523603	0.0688215	0.358584	0.6436771	0.7208976	0.1496037	5.501549
6270	107.671	-390.5468	498.2179	0.0147266	0.729787	0.243911	0.0115754	4.138092	0.2960294	0.2458609	2.563222
6276	131.385	-369.5629	500.9479	0.102886	0.620172	0.0803124	0.196629	0.7288399	0.5012699	0.1393658	1.429144
6282	130.5646	-371.2782	501.8427	0.61072	0.0225639	0.102465	0.264251	0.468299	0.02587727	0.08574015	0.8774284
6288	118.6715	-380.5872	499.2588	0.253495	0.164049	0.44551	0.136946	4.942059	0.101564	0.3282497	1.172512
6294	134.0004	-368.0485	502.0489	0.203793	0.321752	0.271172	0.203283	0.8370682	0.1206563	0.1384824	0.5817854
6300	121.2258	-379.177	500.4029	0.291106	0.089749	0.0751706	0.543974	0.860746	0.3934523	0.1814646	2.319295
6306	114.5184	-385.2796	499.7981	0.508175	0.0208064	0.40843	0.0625892	2.107464	0.8045354	0.2693246	1.450365
6312	114.3716	-387.9738	502.3455	0.302911	0.134001	0.226706	0.336383	0.4544815	0.03547478	0.124706	0.6844421
6318	106.5703	-394.8673	501.4376	0.408801	0.422011	0.0973266	0.0718611	0.5763471	0.9040149	0.09494286	0.3866699
6324	120.5702	-380.0322	500.6024	0.324528	0.299065	0.0252002	0.351206	0.3630026	1.068182	0.06542092	0.9353084
6330	118.8846	-383.5041	502.3886	0.492502	0.194904	0.0379385	0.274655	0.1166253	0.2844346	0.2517579	0.7496952
6336	116.1784	-383.4644	499.6428	0.58605	0.159744	0.096368	0.157838	4.880623	0.05143598	0.2482066	0.7496952
6342	114.1972	-383.1219	497.3191	0.451689	0.361715	0.0880241	0.098572	9.555701	0.6137495	0.2482066	0.8976384
6348	117.1326	-384.4451	501.5776	0.571708	0.347788	0.0405353	0.0399691	1.054482	0.2080659	0.4070586	1.280167
6354	116.7456	-385.4142	502.1598	0.287097	0.587143	0.0633221	0.0624377	0.7897951	0.4414508	0.3245914	0.6741487
6360	115.3811	-385.8806	501.2617	0.0501387	0.780092	0.0841313	0.0856385	0.7897951	0.109761	0.3245914	2.032789
6366	108.21	-393.3316	501.5416	0.0312673	0.742424	0.0512145	0.175094	0.2145189	0.416784	0.1402497	1.313341
6372	114.3686	-384.4459	498.8144	0.132115	0.38478	0.137671	0.345433	0.07891775	0.1889925	0.3720532	6.916607
6378	111.0859	-388.4495	499.5354	0.041878	0.674738	0.106409	0.176975	0.1017357	0.3306361	0.3319101	5.079965
6384	107.3066	-390.9303	498.2369	0.232086	0.482046	0.147657	0.138211	1.535998	0.1703375	0.1873269	5.778962
6390	119.0034	-379.6741	498.6775	0.0749351	0.541492	0.165866	0.217707	1.493647	0.1821603	0.2225111	5.016106
6396	119.8586	-374.8559	494.7146	0.150138	0.283661	0.319752	0.246449	8.868725	0.04157057	0.1726607	6.267416
6402	118.3793	-381.112	499.4913	0.421524	0.354649	0.0836235	0.140204	0.6748386	0.04267602	0.27884	5.580728
6408	124.0808	-376.7531	500.8338	0.399893	0.0136032	0.421583	0.164921	0.2115695	0.2910457	0.1757058	2.59931
6414	131.6678	-369.6738	501.3416	0.456072	0.0355036	0.230865	0.27756	0.465031	0.1487174	0.1757058	1.904228
6420	117.7878	-381.8113	499.599	0.408247	0.0431032	0.378116	0.170534	2.475199	0.5825633	0.1225216	1.093019
6426	128.836	-373.2374	502.0734	0.684632	0.0487899	0.0157416	0.250836	0.4805018	0.4325546	0.1225216	0.528558
6432	133.4766	-369.3096	502.7862	0.294634	0.456127	0.0173283	0.23191	0.423938	0.09297439	0.1672468	0.4268683
6438	134.4306	-368.3282	502.7588	0.0778897	0.848857	0.00338501	0.0698684	0.1382475	0.208876	0.2372678	0.5203572
6444	130.1329	-372.0999	502.2328	0.114098	0.82668	0.0111744	0.0480476	1.2596	0.06078466	0.2743843	0.4538606
6450	137.8378	-365.2526	503.0904	0.149125	0.785736	0.00867932	0.0564597	0.2413272	0.1644041	0.2743843	0.4303986
6456	120.3543	-380.2792	500.6335	0.39352	0.365876	0.0104226	0.230181	2.942909	0.1167513	0.1912172	0.5516165
6462	114.915	-382.976	497.891	0.261824	0.648291	0.00693458	0.0829499	11.46032	0.1057066	0.2456851	0.3294248
6468	114.0041	-387.1531	501.1572	0.353595	0.559177	0.0149499	0.0722781	2.670389	0.04176114	0.2164056	0.3138102
6474	125.4017	-376.5635	501.9652	0.476127	0.263624	0.0381192	0.22213	0.3608407	0.0002232647	0.04524696	0.2286623
6480	126.7829	-375.742	502.5249	0.836752	0.0675854	0.044598	0.0510643	0.8683795	0.01417174	0.1794429	0.3353448
6486	129.285	-372.0319	501.317	0.346394	0.317524	0.156682	0.1794	0.2425033	0.7893443	0.05442999	0.3970106
6492	124.8996	-377.5509	502.4505	0.260425	0.251002	0.398959	0.0896144	0.4592912	0.1840796	0.1094563	0.28266
6498	130.3227	-371.8923	502.215	0.327462	0.327074	0.22869	0.116774	0.3296898	0.1872421	0.07216327	0.2549492
6504	128.0918	-373.6344	501.7261	0.297396	0.037928	0.565145	0.0995317	0.2696455	0.2114552	0.04162318	0.244762
6510	133.2298	-368.3963	501.6261	0.208013	0.151573	0.462723	0.177691	1.024118	0.01620981	0.06634666	0.2520432
6516	125.8809	-376.13	502.0109	0.0702636	0.73114	0.108541	0.0900553	0.1150532	0.01606115	0.05865987	0.2520432
6522	123.5085	-378.4942	502.0027	0.0413661	0.750119	0.113962	0.0945528	0.3035494	0.1382816	0.052871	0.2313848
6528	118.3143	-384.3558	502.6701	0.607507	0.0636645	0.179718	0.14911	0.5955512	0.1398704	0.1770726	0.3469972
6534	109.8137	-391.7413	501.5551	0.706468	0.105022	0.156908	0.0316022	1.451486	0.4149863	0.1849215	0.3795186
6540	116.0243	-386.5843	502.6086	0.513677	0.312287	0.0506172	0.123418	0.3039238	0.1311099	0.1167755	0.3881845
6546	122.6683	-376.2399	498.9082	0.32728	0.393931	0.077811	0.200978	3.612487	0.7755115	0.05941137	0.2797277
6552	121.5425	-379.4936	501.0361	0.281879	0.195671	0.421011	0.101439	0.8452842	0.9319346	0.07971196	0.3038124
6558	121.9948	-380.8925	502.8873	0.219454	0.223171	0.453069	0.104306	0.4648078	0.03137871	0.1647134	0.3055112
6564	126.4393	-375.5241	501.9634	0.230722	0.338689	0.244661	0.185928	0.878708	0.03793182	0.08655035	0.3055112
6570	124.5405	-377.2961	501.8366	0.287232	0.391175	0.144877	0.176716	0.06243412	0.02706237	0.08565346	0.2864191
6576	120.1586	-380.7284	500.8871	0.587023	0.164571	0.0924403	0.155966	2.106765	0.2475159	0.1434366	0.5309928
6582	117.2277	-383.8603	501.088	0.598592	0.194811	0.126005	0.0805918	1.410447	0.7763703	0.2394189	0.6743828
6588	120.9074	-381.0648	501.9722	0.525883	0.0937496	0.266988	0.11338	0.5443297	0.3002267	0.1873043	0.9740616
6594	122.6632	-379.5252	502.1884	0.337118	0.390443	0.200471	0.0719686	0.5359036	0.4839342	0.1390577	0.3920829
6600	118.8334	-381.8803	500.7137	0.346712	0.558463	0.0658154	0.0290094	2.937655	0.2481247	0.2009204	0.3578784
6606	130.3641	-371.8778	502.2419	0.0826087	0.872553	0.0279055	0.0169326	0.7415538	0.2481247	0.1588042	0.4587196
6612	127.0301	-375.461	502.4911	0.0228233	0.625984	0.245781	0.105411	0.1356525	0.0972192	0.1053164	0.3063713
6618	120.9219	-382.004	502.9259	0.357954	0.436364	0.17133	0.0343516	0.3901912	0.03218978	0.2083509	0.5177229
6624	120.4969	-381.128	501.6248	0.0837132	0.871858	0.0230711	0.0213579	1.375694	0.3773507	0.1695244	0.3507717
6630	118.4336	-384.4679	502.9015	0.276991	0.556264	0.154764	0.0119812	0.3279179	0.1813344	0.1861165	0.3507717
6636	108.1537	-394.5789	502.7326	0.629043	0.166493	0.0966771	0.107787	0.668332	0.2126213	0.5228736	0.5450538
6642	119.1569	-381.6866	500.8435	0.745098	0.105369	0.100764	0.0487696	3.199085	0.1251252	0.3914684	0.4986906
6648	120.0864	-382.6665	502.7529	0.73759	0.0807676	0.122401	0.0592415	0.5825023	0.316973	0.3747724	0.4741716
6654	122.5449	-379.6829	502.2279	0.58526	0.270611	0.0971218	0.0470066	0.5825023	0.4911096	0.1703255	0.4438465
6660	113.2833	-388.7952	502.0785	0.636253	0.189227	0.129275	0.0452443	0.7181652	0.5038372	0.1536296	0.3512842
6666	116.4623	-386.0463	502.5086	0.661172	0.0837282	0.132123	0.122977	0.7181652	0.0793633	0.1536296	0.3428669
6672	119.8663	-379.3454	499.2117	0.644107	0.233918	0.112211	0.00976396	6.292315	0.09179284	0.267292	0.6148729
6678	128.5894	-373.4898	502.0791	0.659106	0.248186	0.0803956	0.0123122	1.235387	0.02055682	0.177472	0.4261702
6684	122.5201	-379.2326	501.7527	0.251754	0.569471	0.16725	0.0115246	1.305002	0.2187254	0.177472	0.4936537
6690	111.3019	-390.3796	501.6815	0.538775	0.397649	0.0598975	0.00367853	0.5971305	0.8691949	0.177472	0.6216523
6696	122.7124	-378.7727	501.4852	0.600044	0.252069	0.146284	0.00160303	1.825111	0.3152906	0.2155352	0.3038307
6702	111.9827	-387.7498	499.7325	0.225572	0.388652	0.38331	0.0024659	3.629792	0.5776305	0.1282575	0.258853
6708	112.5952	-389.094	501.6893	0.24517	0.176052	0.518921	0.0598572	0.1397396	0.2844436	0.3281612	1.712036
6714	114.1433	-388.2136	502.3569	0.111347	0.671305	0.19487	0.0224781	0.3112762	0.2210738	0.2118121	0.9421988
6720	114.7881	-387.615	502.4032	0.537001	0.270958	0.175042	0.0169978	0.9299772	0.2359209	0.3333345	0.5071986
6726	122.7437	-379.2414	501.9852	0.687307	0.266334	0.0181208	0.0282387	0.9750942	0.3325859	0.2039169	0.5495143
6732	113.4297	-387.7475	501.1772	0.623757	0.116832	0.145245	0.114166	0.6168697	0.6398302	0.1260295	1.080882
6738	103.2254	-397.6033	500.8286	0.257146	0.03707	0.527	0.178783	0.9414624	0.1170033	0.2366848	2.209931
6744	109.2891	-392.5075	501.7966	0.716715	0.0693094	0.0979525	0.116023	0.953752	0.4330589	0.2451569	0.7502319
6750	111.2848	-388.2022	499.487	0.732762	0.0966079	0.0562768	0.114353	1.24709	0.9470155	0.1256289	1.94235
6756	109.7928	-386.0238	495.8166	0.354353	0.216089	0.128451	0.301108	15.00945	0.4172852	0.09162352	0.6608404
6762	104.0473	-396.3522	500.3995	0.272557	0.244755	0.3207	0.161988	0.8346148	1.314335	0.07383507	0.5418759
6768	107.6426	-393.3526	500.9951	0.856064	0.0429807	0.0670754	0.0338803	0.7460784	1.013236	0.1069714	0.6402524
6774	108.9152	-392.935	501.8502	0.665652	0.0493176	0.210441	0.0745896	0.8857955	0.4445181	0.1305695	0.3449279
6780	112.7076	-388.7817	501.4893	0.701127	0.0951257	0.0595298	0.144218	1.491376	0.273704	0.1338222	0.3027242
6786	104.6603	-396.5533	501.2136	0.632772	0.230561	0.0443022	0.0923644	2.058847	0.3967044	0.2157907	0.3279454
6792	111.7627	-389.2495	501.0122	0.484241	0.323815	0.0622209	0.129723	2.432398	0.2707516	0.1878432	0.2860156
6798	127.1351	-375.0843	502.2194	0.812283	0.101407	0.0279783	0.0583312	0.4244438	0.2164814	0.08203789	0.2325571
6804	128.2056	-373.8389	502.0446	0.324708	0.443475	0.173719	0.0580983	0.8246716	0.2682438	0.1175254	0.2325571
6810	128.8757	-372.9226	501.7983	0.517158	0.369519	0.0860982	0.0272245	0.6911777	0.2000367	0.0674503	0.2325571
6816	121.722	-380.0729	501.7949	0.296282	0.52447	0.0971626	0.082086	0.7245948	0.1145874	0.06342789	0.2325571
6822	123.9788	-378.0899	502.0687	0.302889	0.572362	0.0499323	0.074817	1.176429	0.002466287	0.1385704	0.308595
6828	122.6294	-378.8039	501.4333	0.567581	0.274262	0.0843632	0.0737941	1.688849	0.01023921	0.1081914	0.2813292
6834	118.575	-383.6024	502.1774	0.360026	0.458674	0.0924199	0.0888801	1.090373	0.008257491	0.1474158	0.3315846
6840	116.5706	-384.7541	501.3246	0.492744	0.378534	0.0553713	0.0733508	1.932247	0.2341986	0.170628	0.3315846
6846	113.4316	-386.7417	500.1732	0.360748	0.382345	0.0707098	0.186197	2.985637	0.1416071	0.09541158	0.4572488
6852	124.2389	-378.0374	502.2764	0.272895	0.492207	0.168176	0.0667221	0.4337477	0.2701258	0.09662333	0.3138426
6858	122.579	-378.5711	501.1501	0.293851	0.528616	0.0445962	0.132937	2.145803	0.0327223	0.1273392	0.3489318
6864	118.6982	-380.2454	498.9435	0.239214	0.6504	0.0390355	0.0713506	4.146663	0.106224	0.04000358	0.2923244
6870	117.5074	-381.3156	498.8231	0.0868926	0.593986	0.266263	0.0528587	4.856762	0.334304	0.06572779	0.2043301
6876	116.4239	-382.4929	498.9168	0.296566	0.368947	0.261189	0.0732977	5.085126	0.5281682	0.104517	0.3081606
6882	119.5701	-381.2169	500.787	0.47977	0.340236	0.112309	0.0676845	1.908473	0.6439598	0.1650284	0.4803516
6888	116.7367	-384.9084	501.6451	0.334943	0.382403	0.206581	0.0760729	1.060604	0.2617858	0.09715765	0.3164988
6894	124.3906	-377.3676	501.7582	0.700899	0.0307041	0.0796517	0.188745	0.6146368	0.5198516	0.0938467	0.4035797
6900	125.6533	-373.8407	499.494	0.448297	0.418082	0.103257	0.0303632	0.8827842	1.415193	0.0277274	0.4035797
6906	128.8111	-372.6124	501.4235	0.619223	0.101157	0.175372	0.104248	0.2957463	0.5079979	0.04188726	0.2808624
6912	119.145	-381.7477	500.8927	0.271668	0.433851	0.179718	0.114763	0.303148	0.7141018	0.02963167	0.2808624
6918	108.8972	-388.7204	497.6176	0.19072	0.407429	0.220326	0.181525	2.741074	1.415488	0.01717901	0.2782495
6924	113.8594	-385.5702	499.4296	0.100238	0.405728	0.378512	0.115522	1.121178	1.415488	0.03143845	0.3272028
6930	120.1218	-378.9485	499.0704	0.0869659	0.471054	0.33863	0.10335	0.8361979	1.415488	0.01598219	0.3272028
6936	111.732	-386.0051	497.7371	0.404626	0.263054	0.155524	0.176796	3.330166	1.415488	0.03101464	0.4215919
6942	115.1813	-383.8628	499.0441	0.4872	0.102856	0.205502	0.204442	1.992812	1.037579	0.06185985	0.9718416
6948	125.0195	-375.6785	500.698	0.436926	0.205318	0.226064	0.131691	0.3458062	1.037579	0.08028936	1.057337
6954	134.1068	-367.3464	501.4532	0.419897	0.226191	0.300525	0.0533867	0.1404076	1.037579	0.1171737	0.5381984
6960	136.6399	-365.8861	502.526	0.673109	0.0575557	0.239593	0.0297421	0.1197299	0.3595613	0.174668	0.322851
6966	128.7766	-374.0818	502.8584	0.582242	0.160863	0.204345	0.0525507	0.2027087	0.03432693	0.133036	0.2948408
6972	118.7247	-383.1705	501.8951	0.521662	0.381697	0.0363017	0.0603398	1.60741	0.003258672	0.1929244	0.3287032
6978	127.8815	-374.6398	502.5214	0.68115	0.18205	0.00808857	0.128712	0.7374817	0.01417726	0.1449379	0.3287032
6984	124.8473	-377.74	502.5873	0.72313	0.193269	0.00858707	0.0750136	0.4388961	0.08528515	0.1151409	0.3275516
6990	113.3984	-389.2804	502.6788	0.656808	0.249947	0.0111053	0.0821402	0.5645704	0.1227953	0.1961881	0.4709653
6996	114.6647	-386.6959	501.3606	0.133118	0.468675	0.0462725	0.351934	0.7558941	0.500747	0.1009538	0.7260044
7002	119.359	-382.4429	501.8019	0.461747	0.168116	0.321419	0.048718	0.3989376	0.7675458	0.1609755	0.7260044
7008	113.1554	-386.3287	499.4841	0.253416	0.325133	0.256447	0.165004	1.947503	0.8980859	0.09001802	1.024421
7014	126.6694	-374.6044	501.2738	0.104101	0.617267	0.155992	0.122641	1.785139	0.3314318	0.1812969	0.4634276
7020	121.8099	-381.1803	502.9903	0.129488	0.600297	0.225681	0.0445339	0.2397297	0.1112532	0.1812969	0.334441
7026	115.5886	-386.5348	502.1234	0.145416	0.674135	0.130437	0.0500117	0.8239982	0.4368156	0.2226597	0.5132321
7032	114.7766	-386.0269	500.8035	0.356465	0.201193	0.319747	0.122596	1.530186	0.7395084	0.1372149	0.5456894
7038	110.384	-391.0657	501.4497	0.221537	0.581716	0.140379	0.0563691	2.138375	0.07906596	0.2141353	0.3569576
7044	110.488	-392.3354	502.8234	0.269133	0.420785	0.2293	0.0807825	0.1185743	0.2541059	0.2476589	0.3331377
7050	102.4427	-399.2594	501.7021	0.29945	0.085526	0.414209	0.200816	0.2484446	0.5801817	0.06942177	0.4399499
7056	105.1193	-395.2559	500.3752	0.606571	0.229321	0.0593757	0.104732	0.0329427	0.8457339	0.1183538	0.4399499
7062	104.1493	-396.4939	500.6432	0.519625	0.306809	0.0508648	0.122701	2.874048	0.2406688	0.1742234	0.3935716
7068	98.24563	-402.1059	500.3515	0.322584	0.520411	0.095922	0.0610831	2.874048	0.5945705	0.1921865	0.3935716
7074	118.7383	-382.3308	501.0691	0.467022	0.409449	0.0754696	0.048059	2.177675	0.371607	0.1873784	0.3254823
7080	109.0508	-390.118	499.1688	0.153388	0.525714	0.0843598	0.236538	4.363036	0.3203341	0.07831222	0.3775211
7086	118.6197	-382.4041	501.0238	0.119977	0.646888	0.0481194	0.185015	0.3614282	0.6771962	0.03399245	0.2785683
7092	112.7791	-389.3402	502.1193	0.615224	0.158954	0.177502	0.0483191	0.3041076	0.2249013	0.067314	0.3010615
7098	119.5197	-382.8916	502.4113	0.676246	0.10954	0.094039	0.120175	0.3679988	0.2703251	0.108244	0.3322495
7104	118.5253	-383.5447	502.07	0.752612	0.10302	0.0121754	0.132193	0.804834	0.3727264	0.1779453	0.5159483
7110	113.5318	-388.3596	501.8914	0.78692	0.107716	0.0406726	0.0646922	0.7024237	0.4513892	0.208037	0.8057445
7116	119.9621	-382.2331	502.1951	0.542266	0.385128	0.0280274	0.0445793	0.3621308	0.7645244	0.2322562	0.5961773
7122	102.6537	-399.3678	502.0215	0.168682	0.668117	0.0624617	0.10074	0.2845634	0.841826	0.1312573	0.3506833
7128	101.0871	-401.3872	502.4743	0.0679393	0.493159	0.16798	0.270922	0.171377	0.1915606	0.2527477	0.9128259
7134	110.5274	-391.0964	501.6238	0.535127	0.257835	0.0656913	0.141346	0.8580046	0.6139703	0.1704667	0.6330352
7140	94.43089	-407.0961	501.5269	0.77018	0.151905	0.062392	0.0155221	1.837913	0.2833498	0.3672326	0.5507777
7146	112.27	-390.4443	502.7143	0.779667	0.136492	0.0669994	0.0168423	0.8395093	0.06087756	0.3329567	0.4630271
7152	91.39256	-408.1717	499.5642	0.482918	0.244372	0.228913	0.0437966	4.799832	0.5664004	0.2884478	0.4266723
7158	116.8855	-383.191	500.0765	0.661513	0.212276	0.105942	0.0202692	4.799832	0.06354597	0.2950016	0.4266723
7164	122.925	-379.9915	502.9165	0.609758	0.252214	0.111155	0.0268732	0.329709	0.1208543	0.1812216	0.3873977
7170	106.9319	-395.9187	502.8505	0.46111	0.42715	0.0662277	0.0455126	0.5460497	0.2564608	0.2697507	0.3313974
7176	108.0602	-394.8697	502.93	0.622302	0.342652	0.00422662	0.0308196	0.369877	0.1704743	0.2558316	0.5017825
7182	107.3776	-394.2493	501.6269	0.105853	0.529735	0.0501718	0.31424	1.2495	0.2799426	0.2726446	0.07595334
7188	117.7494	-383.5904	501.3398	0.0353445	0.732941	0.0863364	0.145378	0.7308435	0.3396775	0.1943887	0.04461309
7194	119.5339	-376.3078	495.8417	0.0205874	0.720811	0.0927287	0.165873	9.013597	0.324458	0.0964796	0.02602622
7200	118.8671	-379.2289	498.096	0.012873	0.450713	0.0579819	0.478432	4.086209	0.1114736	0.158274	0.02373234
7206	125.5998	-375.931	501.5308	0.00783575	0.274964	0.0353727	0.681828	0.5975076	0.2194887	0.1785197	0.04402337
7212	121.5255	-380.8943	502.4198	0.2721	0.422499	0.0543524	0.251048	0.7778457	0.06711112	0.4011599	0.07439374
7218	115.1595	-386.0368	501.1962	0.37965	0.448234	0.0349559	0.137161	2.154844	0.06019181	0.4011599	0.0726716
7224	115.3303	-387.3205	502.6508	0.0793145	0.740922	0.0299445	0.149819	0.8680416	0.02695326	0.4867535	0.1052732
7230	125.1514	-376.1746	501.326	0.305799	0.422932	0.0577958	0.213473	1.748668	0.1560864	0.3685749	0.06780972
7236	133.016	-368.7047	501.7208	0.197483	0.607472	0.072223	0.122822	0.9061021	0.09992727	0.2487606	0.05212261
7242	125.9642	-374.8204	500.7846	0.357316	0.377387	0.055471	0.209826	0.3089471	0.101871	0.154027	0.02236828
7248	111.0343	-388.4373	499.4716	0.29856	0.494625	0.0727036	0.134111	1.08789	0.967602	0.1185738	0.03042299
7254	115.634	-384.6013	500.2352	0.854735	0.12332	0.00771443	0.0142302	0.4025535	0.5476804	0.1217473	0.02414416
7260	118.6464	-381.3773	500.0237	0.275927	0.633045	0.0163871	0.0746404	0.7240139	0.5393075	0.1403417	0.02414416
7266	128.2232	-370.8178	499.041	0.0808203	0.834322	0.0467209	0.0381365	2.765954	0.2078455	0.2526617	0.02414416
7272	127.0689	-371.9511	499.02	0.0721992	0.460298	0.147714	0.319789	1.983117	0.8286189	0.106128	0.03640618
7278	128.5703	-371.7434	500.3137	0.155394	0.460556	0.0640808	0.319969	1.433358	1.238096	0.1654765	0.0853511
7284	122.5951	-377.7189	500.314	0.143602	0.723395	0.0731875	0.059815	0.7918283	1.238096	0.1258161	0.05442564
7290	121.2034	-380.6387	501.8421	0.212799	0.664744	0.0647482	0.0577084	0.2789053	0.963457	0.183358	0.09691619
7296	121.9079	-379.4244	501.3322	0.208722	0.652007	0.0597922	0.0794793	1.010055	0.6789034	0.2979396	0.06366009
7302	99.91375	-401.1741	501.0879	0.227112	0.462491	0.0424126	0.267985	1.160478	0.6103271	0.3872667	0.05051219
7308	112.9584	-388.307	501.2654	0.219464	0.542166	0.0350979	0.203273	1.229028	0.6103271	0.2873964	0.06998743
7314	127.6862	-374.0545	501.7407	0.357786	0.483505	0.0507157	0.107993	0.7083816	0.5385593	0.09633204	0.2694945
7320	125.9265	-376.3879	502.3144	0.639341	0.206335	0.0758512	0.0784726	0.5849309	0.07591851	0.09406847	0.2694945
7326	127.0366	-373.1442	500.1808	0.185964	0.509506	0.125779	0.178751	3.37147	0.06952539	0.09915037	0.2694945
7332	123.7323	-378.3494	502.0817	0.377957	0.278436	0.266353	0.0772534	1.514998	0.007103845	0.2468418	0.3680327
7338	107.2233	-392.1292	499.3525	0.632697	0.332037	0.0273372	0.0079289	5.555451	0.1956584	0.1921006	0.4784474
7344	111.8992	-389.3706	501.2698	0.634269	0.332862	0.02492	0.00794861	1.863035	0.1518826	0.3534405	0.8922914
7350	112.6301	-389.1513	501.7814	0.896149	0.0185409	0.0809883	0.00432172	0.6765564	0.5317249	0.1812149	0.7796837
7356	113.6762	-388.4095	502.0857	0.68593	0.0546433	0.246384	0.0130423	1.557802	0.0761508	0.3543461	0.4133844
7362	107.3693	-395.1384	502.5077	0.742089	0.0339029	0.152867	0.0711412	0.7845553	0.193117	0.2135061	0.3795426
7368	113.1722	-389.0101	502.1822	0.764668	0.00934332	0.121754	0.104235	0.6267694	0.4729905	0.152971	0.3795426
7374	121.8837	-381.2806	503.1643	0.464023	0.314622	0.183889	0.0374657	0.426044	0.009185399	0.2354275	0.298566
7380	107.5377	-394.6699	502.2077	0.895974	0.00468828	0.014031	0.0853072	0.7706041	0.3107335	0.2266522	0.6171262
7386	114.0146	-387.7021	501.7167	0.727126	0.00870439	0.105786	0.158384	0.4015516	0.8206557	0.2091991	0.9134263
7392	115.7295	-384.8555	500.585	0.67693	0.0142978	0.173095	0.135677	0.3850803	0.6690515	0.1150355	1.91095
7398	99.88048	-399.5748	499.4553	0.455039	0.0923131	0.253751	0.198897	0.6338054	0.6699434	0.1150355	3.254686
7404	85.42727	-417.3073	502.7346	0.79183	0.0715549	0.125704	0.0109107	0.5586752	0.1925127	0.3406777	0.6115782
7410	99.60503	-402.4194	502.0245	0.280491	0.551277	0.157488	0.0107444	0.06209525	0.4323327	0.2467045	0.471713
7416	112.8866	-389.7889	502.6755	0.549689	0.254195	0.103278	0.0928379	0.5084017	0.3339866	0.2529991	0.4607272
7422	114.1244	-388.2873	502.4117	0.414274	0.0845435	0.445092	0.0560905	0.8914542	0.1672996	0.2091468	0.3778692
7428	107.2353	-394.8159	502.0512	0.623264	0.144866	0.0879409	0.14393	0.7665682	0.3493901	0.1310945	0.3746288
7434	107.4315	-394.1717	501.6032	0.488106	0.218442	0.225096	0.0683559	0.2129085	0.6164408	0.05851811	0.3120229
7440	112.5602	-387.8343	500.3945	0.163602	0.568599	0.179906	0.0878932	0.03972187	0.5679942	0.05675996	0.3234869
7446	105.9165	-393.9189	499.8353	0.139753	0.424623	0.257923	0.1777	0.04254607	1.165373	0.0535673	0.3242592
7452	123.9298	-376.872	500.8018	0.338996	0.350777	0.25236	0.057867	0.08516093	0.917934	0.0535673	0.3242592
7458	123.8978	-378.557	502.4548	0.325546	0.337025	0.274488	0.062941	0.660278	0.2320215	0.1595919	0.3242592
7464	123.3398	-377.7953	501.135	0.484875	0.140296	0.257925	0.116904	2.487288	0.01606362	0.1683516	0.3360731
7470	122.8239	-379.5943	502.4182	0.21226	0.735573	0.0134548	0.0387126	0.8991659	0.08764043	0.1807505	0.344859
7476	109.4559	-389.9591	499.415	0.586575	0.153614	0.088477	0.171334	4.681851	0.2248423	0.1292674	0.4895046
7482	118.807	-383.9869	502.7938	0.0317913	0.3228	0.488439	0.15697	0.2409559	0.08418158	0.146851	0.4377845
7488	126.6948	-375.5253	502.22	0.291693	0.154141	0.400563	0.153603	0.2641149	0.1143319	0.0647499	0.2523307
7494	122.5484	-378.6358	501.1842	0.268647	0.366139	0.128958	0.236256	0.1379081	0.446779	0.03459644	0.2889157
7500	117.7104	-383.332	501.0424	0.235448	0.185878	0.505373	0.0733005	0.3602309	0.7857689	0.04199595	0.3939097
7506	119.3394	-381.558	500.8974	0.0180009	0.851341	0.0514159	0.0792425	0.1580164	0.443921	0.02397731	0.2270629
7512	126.6162	-374.9925	501.6087	0.0270179	0.735858	0.118187	0.118937	0.3115531	0.4783154	0.04985482	0.2518156
7518	131.9772	-370.4214	502.3986	0.134239	0.625674	0.138959	0.101128	0.2002237	0.2403278	0.09555247	0.2829091
7524	99.76058	-400.9532	500.7138	0.804304	0.0120882	0.0862524	0.0973556	1.89932	0.6382332	0.126646	0.3641762
7530	118.3884	-383.8637	502.2521	0.228233	0.381171	0.0662706	0.324325	0.2329029	0.2247935	0.09308332	0.4914676
7536	122.1928	-378.5136	500.7064	0.619866	0.187746	0.0326415	0.159746	0.2093166	1.144359	0.04107555	0.383531
7542	122.6645	-378.9606	501.6251	0.0512019	0.744509	0.0399881	0.164301	0.2093166	0.2930324	0.041337	0.2751165
7548	111.1341	-389.6594	500.7935	0.200044	0.610216	0.0335953	0.156144	0.1896005	0.9757992	0.03586989	0.2799641
7554	118.1725	-382.0581	500.2305	0.5052	0.359148	0.0729195	0.0627331	0.7491518	1.343349	0.07314575	0.752468
7560	116.1152	-385.8669	501.9821	0.430412	0.305981	0.0608525	0.202755	0.2865852	0.5066592	0.08283817	0.3653923
7566	107.9206	-393.9319	501.8525	0.710769	0.101616	0.0273803	0.160235	0.2793554	0.7442931	0.1112203	0.5115357
7572	112.7191	-389.9886	502.7077	0.77849	0.0554021	0.0132159	0.152892	0.3977647	0.1996608	0.191466	0.5115357
7578	111.8412	-390.9511	502.7923	0.570653	0.157658	0.0946015	0.177088	0.3977647	0.1758421	0.1693874	0.3555571
7584	121.6717	-380.4784	502.1501	0.552573	0.191353	0.0845979	0.171477	0.4182072	0.4347006	0.1110866	0.4297582
7590	121.24	-380.0899	501.3299	0.583882	0.214239	0.0666936	0.135186	1.490717	0.3681725	0.1325176	0.3912945
7596	124.2107	-377.9354	502.1461	0.413929	0.381103	0.00950895	0.195459	0.751237	0.4536673	0.2049682	0.5026668
7602	128.9933	-372.2884	501.2817	0.341033	0.490095	0.00783435	0.161037	1.615623	0.1114353	0.09926393	0.3608089
7608	122.1322	-379.7777	501.91	0.507011	0.470336	0.00144041	0.0212125	0.6824043	0.161716	0.07249212	0.2569681
7614	129.8587	-372.2574	502.1161	0.587777	0.374996	0.00149411	0.0357325	0.4892913	0.1560308	0.07249212	0.256873
7620	118.1666	-383.0717	501.2384	0.562872	0.37692	0.00241645	0.0577908	0.9815527	0.510794	0.07249212	0.3016576
7626	123.855	-378.6703	502.5253	0.445255	0.507119	0.00191151	0.0457149	0.3952056	0.18556	0.1115691	0.2646069
7632	116.7881	-385.3201	502.1082	0.305095	0.455	0.00398408	0.235921	0.8191535	0.3344915	0.1437182	0.3304136
7638	122.5727	-375.9789	498.5516	0.523395	0.4457	0.00213518	0.0287702	5.915173	0.5266237	0.1026748	0.3353741
7644	103.4789	-395.0545	498.5334	0.363558	0.480248	0.0376269	0.118566	6.71358	0.4039843	0.1215193	0.2865337
7650	123.8304	-373.4403	497.2707	0.321235	0.545268	0.0544831	0.0790135	12.63535	0.162924	0.1578962	0.3638502
7656	137.1638	-365.225	502.3888	0.209602	0.390506	0.211908	0.187984	0.3261495	0.09495948	0.07936884	0.2672844
7662	126.1306	-375.8475	501.9782	0.184127	0.12639	0.443996	0.245487	0.3016359	0.3357245	0.06621307	0.3335162
7668	117.8734	-383.9943	501.8677	0.470781	0.0366955	0.456538	0.0359853	0.493654	0.1976883	0.05744394	0.2493584
7674	119.9128	-379.7017	499.6144	0.350474	0.045737	0.569027	0.0347625	3.545653	0.07768087	0.05732767	0.2493584
7680	116.373	-383.2943	499.6673	0.283548	0.0997101	0.558393	0.0583491	3.094017	0.5900752	0.09360731	0.4331529
7686	117.814	-384.7824	502.5964	0.265406	0.348056	0.300213	0.0863246	0.2536145	0.2248558	0.1737978	0.6090205
7692	112.689	-388.8372	501.5263	0.449723	0.0369253	0.209458	0.303894	1.150757	0.2450296	0.1117696	0.5071784
7698	112.6388	-388.7648	501.4036	0.330811	0.157103	0.288545	0.223541	0.9027226	0.6491203	0.1170129	0.5071784
7704	109.051	-391.5263	500.5773	0.360284	0.502027	0.0245411	0.113148	3.481748	0.1111195	0.2871914	0.5190049
7710	104.7506	-397.2168	501.9673	0.565155	0.312688	0.0821834	0.0399738	1.644024	0.02040851	0.2433725	0.34704
7716	103.0736	-398.8546	501.9282	0.720003	0.0794675	0.177665	0.0228648	1.656331	0.04447084	0.2285032	0.294863
7722	100.0211	-402.0093	502.0304	0.530375	0.242501	0.165853	0.0612701	1.122158	0.2431881	0.1770126	0.339649
7728	110.3939	-388.4488	498.8427	0.555981	0.123297	0.288205	0.0325177	6.980815	0.07617764	0.1399843	0.3443056
7734	111.9906	-389.1063	501.0969	0.497524	0.208792	0.246482	0.0472018	2.144362	0.007538369	0.1091558	0.2613993
7740	124.5824	-377.7036	502.2859	0.451241	0.125835	0.380114	0.0428107	0.393514	0.01542571	0.06784283	0.2698833
7746	127.8308	-371.9222	499.7529	0.221332	0.16934	0.511533	0.0977957	2.904564	0.02294419	0.04198924	0.2279339
7752	116.8751	-384.2735	501.1486	0.414135	0.342884	0.175497	0.0674833	1.060807	0.6790798	0.08641821	0.2312829
7758	121.3104	-380.243	501.5533	0.453128	0.44393	0.0291047	0.0738371	1.350247	0.07225863	0.09419557	0.2312829
7764	116.8719	-385.2594	502.1314	0.471547	0.209328	0.165372	0.153754	1.200287	0.1047597	0.1890004	0.3464371
7770	120.3303	-380.5552	500.8855	0.542895	0.15531	0.152369	0.149426	2.341227	0.1897798	0.2019003	0.64381
7776	126.4715	-375.4438	501.9153	0.542895	0.15531	0.152369	0.149426	0.4716002	0.357369	0.07145705	0.2815708
7782	122.7769	-379.0674	501.8443	0.4382	0.0986817	0.43174	0.0313778	0.7640393	0.08467989	0.06824052	0.2815708
7788	118.6853	-382.6478	501.3331	0.461448	0.0839829	0.413697	0.0408718	0.5829812	0.76928	0.06836944	0.3255193
7794	120.5456	-380.7159	501.2615	0.453136	0.064694	0.375348	0.106822	0.7100007	0.7387636	0.06939642	0.2826182
7800	120.6598	-381.4202	502.08	0.568761	0.0812018	0.215957	0.13408	0.3026606	0.3501836	0.07371481	0.2808564
7806	124.6562	-376.7182	501.3744	0.674186	0.0468266	0.189374	0.0896139	1.667209	0.3501836	0.1691876	0.3858595
7812	123.3998	-379.5283	502.9281	0.412671	0.41656	0.115916	0.054853	0.1005546	0.08697395	0.2635818	0.3213999
7818	114.7448	-387.1701	501.9148	0.319641	0.593449	0.0444226	0.0424872	1.655898	0.0643114	0.2366475	0.3213999
7824	113.01	-386.6232	499.6332	0.527597	0.254875	0.148507	0.0690216	5.065376	0.2070819	0.1802716	0.3213999
7830	121.614	-381.3663	502.9803	0.514254	0.248429	0.151997	0.0853197	0.361576	0.006429213	0.1648581	0.3433858
7836	119.216	-383.4719	502.6879	0.535943	0.288563	0.0763912	0.099103	0.3474906	0.365885	0.1931921	0.4023128
7842	113.4702	-388.4321	501.9024	0.510747	0.145996	0.202425	0.140831	0.9455481	0.4092239	0.1507315	0.3796775
7848	112.8005	-389.347	502.1475	0.439345	0.107004	0.277223	0.176427	0.5825405	0.3465306	0.1104227	0.3323275
7854	102.0558	-399.9266	501.9824	0.469944	0.313554	0.108803	0.107699	0.4180341	0.4055895	0.07838976	0.2017145
7860	96.1997	-405.0411	501.2408	0.454186	0.244553	0.197173	0.104088	0.5748815	0.7790957	0.06001313	0.2675546
7866	95.84981	-403.5079	499.3577	0.429994	0.327023	0.162099	0.0808845	4.167247	0.678021	0.1305551	0.3057927
7872	109.5477	-393.2645	502.8122	0.595927	0.186497	0.171448	0.0461275	0.3932656	0.2592341	0.1942287	0.3370154
7878	121.4263	-381.0045	502.4307	0.310862	0.229614	0.440561	0.0189622	0.3932656	0.1729833	0.09970384	0.3198619
7884	129.2244	-372.952	502.1764	0.41709	0.470951	0.0918863	0.0200731	1.150697	0.08983061	0.1736978	0.2591453
7890	122.0393	-380.5037	502.5431	0.235177	0.64261	0.0539272	0.0682857	0.4136279	0.07866988	0.1019511	0.2773465
7896	107.4953	-394.9661	502.4614	0.0839705	0.593459	0.216666	0.105904	0.2265381	0.2457141	0.1019511	0.2782846
7902	111.9396	-390.004	501.9435	0.205452	0.326478	0.409809	0.0582608	0.7738096	0.4326855	0.1206509	0.3019899
7908	114.6967	-387.8224	502.5191	0.449824	0.365025	0.0873896	0.0977608	0.3143892	0.1646761	0.1019871	0.3046583
7914	114.7793	-386.83	501.6093	0.161803	0.68352	0.0913083	0.0633689	0.8078114	0.128822	0.05765941	0.2328513
7920	117.9671	-383.9542	501.9213	0.109954	0.536655	0.173109	0.180282	0.2123293	0.03751346	0.04336282	0.2170466
7926	122.8891	-378.9773	501.8664	0.383314	0.224961	0.23539	0.156336	0.2137022	0.238921	0.05087659	0.2189965
7932	117.25	-384.536	501.786	0.59342	0.261012	0.0354057	0.110163	0.5322978	0.2435369	0.05776682	0.2336504
7938	119.1497	-382.2036	501.3533	0.575002	0.283948	0.0343068	0.106744	0.5322978	0.7695141	0.07407325	0.4522924
7944	107.9806	-392.6376	500.6181	0.0628762	0.640222	0.0359552	0.260946	1.007648	0.8909589	0.05709042	0.3140131
7950	116.8572	-384.9409	501.7981	0.119403	0.610162	0.0446134	0.225822	0.273166	0.3664156	0.05387579	0.2865215
7956	131.0952	-369.9273	501.0225	0.213671	0.518272	0.0601035	0.207953	0.4030833	0.7641587	0.03855156	0.2340429
7962	110.835	-390.3327	501.1677	0.550402	0.0862344	0.193009	0.170354	0.6114235	0.9171881	0.07601063	0.4280264
7968	117.9054	-384.1597	502.0652	0.58776	0.0641289	0.221426	0.126685	0.6114235	0.2542595	0.08921659	0.2688781
7974	124.1402	-377.3253	501.4655	0.424167	0.200988	0.307397	0.0674478	0.6114235	0.6345839	0.06917303	0.2879394
7980	110.8297	-390.9304	501.7601	0.313662	0.292494	0.343968	0.0498761	0.3039511	0.812209	0.09836257	0.4263397
7986	119.5894	-381.1856	500.775	0.46791	0.229342	0.190433	0.112315	0.7575374	1.24826	0.1026369	0.5835415
7992	125.7887	-375.0979	500.8866	0.47088	0.204178	0.214319	0.110623	0.4994379	1.24826	0.0759778	0.4963612
7998	119.6205	-382.166	501.7866	0.512768	0.248615	0.0520309	0.186587	0.3020127	0.06727461	0.03890229	0.2105134
8004	127.092	-373.8002	500.8922	0.254677	0.307303	0.345348	0.0926721	0.3687107	0.8185634	0.03472894	0.2156707
8010	122.0469	-379.3017	501.3486	0.650033	0.240463	0.0685119	0.0409922	0.4938254	0.9395449	0.07832144	0.3582919
8016	117.0058	-384.2224	501.2282	0.290865	0.355382	0.311984	0.0417688	0.4465362	1.053716	0.07832144	0.4221459
8022	108.3266	-391.6333	499.9599	0.112686	0.0889069	0.623165	0.175242	0.3738408	1.322254	0.02195581	0.2591616
8028	113.2702	-389.0389	502.3091	0.397702	0.060349	0.422997	0.118952	0.2740376	0.1822319	0.08021134	0.3262255
8034	119.6301	-381.9835	501.6137	0.397702	0.060349	0.422997	0.118952	0.7236128	0.4791502	0.08004255	0.3169563
8040	110.4337	-391.6348	502.0684	0.228032	0.0675489	0.616851	0.0875677	1.101573	0.1166198	0.144426	0.2748543
8046	125.0886	-377.1316	502.2202	0.301422	0.209713	0.373114	0.115751	0.4098923	0.163366	0.07595093	0.231785
8052	124.5566	-378.0231	502.5797	0.11726	0.383271	0.459335	0.040134	0.7044231	0.06659251	0.1673765	0.3636563
8058	119.7895	-383.0749	502.8645	0.0666671	0.560699	0.305926	0.0667076	0.2246079	0.1258467	0.1479139	0.2481122
8064	115.2948	-387.0519	502.3467	0.173951	0.625431	0.126209	0.0744089	1.111064	0.08378139	0.2948281	0.4899144
8070	117.8493	-384.445	502.2943	0.165417	0.517405	0.199537	0.117641	1.053928	0.04899704	0.1723698	0.3022969
8076	120.6736	-378.7444	499.4181	0.147498	0.679338	0.0883031	0.0848609	6.260289	0.007964011	0.1930075	0.2697192
8082	125.989	-376.2856	502.2746	0.28021	0.411914	0.210883	0.0969924	0.6809179	0.01609322	0.1121761	0.4682828
8088	120.7825	-380.653	501.4355	0.0961982	0.790554	0.0241774	0.08907	0.2397447	0.6614572	0.05001518	0.2154055
8094	120.5222	-380.126	500.6481	0.147484	0.560584	0.228772	0.0631598	0.5589509	1.075675	0.05054989	0.490212
8100	110.2515	-390.7449	500.9964	0.32405	0.0541877	0.433789	0.187973	0.4160783	1.086664	0.06486063	0.4908332
8106	120.3499	-379.4817	499.8316	0.289902	0.160857	0.381077	0.168165	0.8890222	0.9933856	0.02459352	0.3578898
8112	124.6496	-374.843	499.4926	0.520772	0.118503	0.112553	0.248171	0.3629284	1.554379	0.01785365	0.3578898
8118	116.8065	-380.0441	496.8506	0.547956	0.16612	0.131683	0.154241	5.00213	1.371386	0.03409582	0.6195803
8124	109.9289	-390.1839	500.1128	0.410191	0.0967668	0.429501	0.0635414	0.4881354	1.346306	0.03330442	0.4418151
8130	117.7178	-381.5421	499.2599	0.197737	0.047884	0.645722	0.108657	1.390514	1.380753	0.03635143	0.4418151
8136	109.0163	-388.0534	497.0698	0.350034	0.132522	0.216728	0.300715	3.769872	1.232652	0.01480336	0.2706167
8142	119.8878	-380.1391	500.0269	0.532998	0.166364	0.272073	0.0285661	0.5240421	1.232652	0.02483042	0.2706167
8148	119.1008	-382.3948	501.4956	0.420818	0.418249	0.135159	0.0257749	0.4341935	0.4102009	0.04515425	0.2458765
8154	118.581	-383.5092	502.0902	0.106167	0.733293	0.145209	0.0153305	1.158646	0.1212126	0.1617474	0.2458765
8160	127.5414	-373.2376	500.7789	0.321114	0.100743	0.47433	0.103813	1.932305	0.4876798	0.119328	0.3839668
8166	116.0474	-384.2163	500.2637	0.491112	0.0837769	0.376759	0.0483523	2.79593	0.3668274	0.1695642	0.678361
8172	130.3175	-372.3205	502.638	0.65673	0.268376	0.0102353	0.0646582	0.6077831	0.09805452	0.2038643	0.5148523
8178	131.4867	-370.7233	502.2101	0.103383	0.583068	0.00592064	0.307628	0.7288113	0.0105683	0.139353	0.6456114
8184	119.5487	-381.5884	501.1372	0.107555	0.566242	0.00615958	0.320043	0.1920333	0.04197378	0.06322619	1.446905
8190	116.253	-386.3491	502.6021	0.215651	0.693102	0.00720117	0.0840456	0.1401695	0.1131018	0.3705108	0.939434
8196	121.5786	-378.5993	500.1779	0.45504	0.426691	0.00443322	0.113836	2.731862	0.1652432	0.1562377	0.939434
8202	117.826	-383.3916	501.2176	0.241033	0.602988	0.0032995	0.152679	0.8253237	0.7996873	0.0824671	0.3039397
8208	116.7516	-386.1761	502.9277	0.661797	0.181346	0.00425316	0.152604	0.4159926	0.121412	0.2054476	0.3875161
8214	126.2029	-376.39	502.5928	0.546141	0.27102	0.00190667	0.180932	0.4159926	0.1247258	0.1204504	0.3437065
8220	115.2602	-386.2758	501.5359	0.193148	0.674885	0.000898512	0.131068	0.1708756	0.4799814	0.2361063	1.571578
8226	125.2825	-377.5764	502.8589	0.191213	0.747263	0.000244507	0.0612791	0.2709491	0.08940142	0.1730694	0.4801648
8232	120.4685	-382.6425	503.111	0.251238	0.54353	0.00185076	0.203381	0.4654336	0.01710667	0.2361732	0.3202816
8238	126.2547	-376.1943	502.449	0.303522	0.565545	0.00490579	0.126028	0.07699881	0.002921523	0.1619331	0.4230308
8244	128.3165	-374.1242	502.4407	0.337324	0.531524	0.0127055	0.118446	0.0648762	0.08001352	0.2012258	0.2975782
8250	133.0544	-369.4815	502.5359	0.163936	0.716864	0.0171358	0.102065	0.6374794	0.04745771	0.1384102	0.3660102
8256	123.9642	-378.4327	502.3969	0.405331	0.477496	0.0132965	0.103876	0.5070125	0.1916569	0.1088626	0.2517905
8262	121.9535	-379.3369	501.2904	0.406007	0.478292	0.0133186	0.102383	2.103785	0.03645211	0.1450185	0.3180094
8268	121.5214	-380.9544	502.4759	0.418315	0.405787	0.020248	0.15565	0.3265452	0.1247651	0.09916319	0.3871069
8274	125.9837	-372.002	497.9857	0.40833	0.512792	0.0197647	0.0591133	9.29713	0.455033	0.1997981	0.3359618
8280	117.8076	-379.3636	497.1713	0.124587	0.726497	0.0530018	0.0959138	9.162186	0.6389706	0.08521165	0.3976241
8286	112.5186	-384.4638	496.9825	0.0667502	0.308062	0.5738	0.0513878	11.53792	0.2775808	0.08521165	0.2203743
8292	118.7723	-383.1107	501.883	0.124517	0.697186	0.0728263	0.105471	0.7383092	0.468701	0.1172041	0.36743
8298	113.2126	-389.5766	502.7892	0.132504	0.741907	0.0859017	0.0396877	0.1443554	0.3550429	0.4288884	0.5692646
8304	108.5203	-393.8923	502.4126	0.447128	0.199713	0.246741	0.106418	0.1182531	0.1487829	0.4288884	1.040009
8310	110.1627	-392.0641	502.2268	0.401323	0.371136	0.0137868	0.213754	0.7980764	0.2676312	0.2188757	0.5940438
8316	123.1566	-375.5926	498.7492	0.178744	0.619057	0.106997	0.0952031	6.607213	0.1130256	0.1062639	0.3095417
8322	120.7787	-381.0352	501.8139	0.334493	0.573217	0.00413705	0.0881536	0.6498389	0.6170918	0.1209897	0.4147737
8328	116.7705	-386.1062	502.8767	0.526447	0.329987	0.00482322	0.138742	0.2998261	0.2163253	0.2101815	0.4446926
8334	123.0167	-379.2992	502.3159	0.281608	0.609031	0.00115791	0.108202	0.2372963	0.3308818	0.09396606	0.2375692
8340	119.1951	-383.2897	502.4848	0.423277	0.501427	0.00621503	0.0690816	0.322438	0.08574494	0.09396606	0.3731019
8346	125.0575	-374.9346	499.9921	0.0781719	0.779348	0.00287924	0.139601	1.868355	0.5689866	0.04534173	0.2535828
8352	119.5696	-375.9264	495.496	0.371184	0.465244	0.0706573	0.0929142	4.601432	0.07763894	0.1261559	7.714123
8358	124.0309	-375.9622	499.993	0.284924	0.377457	0.210134	0.127485	0.6300381	0.03855804	0.1874963	4.08715
8364	126.0049	-375.4464	501.4513	0.350396	0.306561	0.0952118	0.247832	0.4716754	0.01891689	0.2900535	2.294918
8370	130.0224	-370.7195	500.7419	0.383488	0.0442457	0.342444	0.229823	1.645462	0.05398215	0.3047622	1.709394
8376	125.1514	-374.0574	499.2088	0.643997	0.0494664	0.0566644	0.249872	0.6537466	0.3646106	0.235265	5.336273
8382	116.5165	-383.8243	500.3407	0.572841	0.0429189	0.0106502	0.37359	0.8515439	0.386346	0.2490076	2.711185
8388	122.0634	-376.3068	498.3701	0.26283	0.0142719	0.00121665	0.721682	3.884763	0.07280886	0.1809302	2.595192
8394	123.003	-377.4653	500.4683	0.592572	0.165189	0.00176359	0.240475	0.4638853	0.5226159	0.2451526	2.922491
8400	124.3302	-377.1316	501.4618	0.510928	0.341706	0.012941	0.134426	0.5717285	0.4857945	0.1357207	1.051829
8406	123.3131	-378.0351	501.3482	0.435936	0.394101	0.0149253	0.155038	0.8729141	0.5312656	0.1665888	0.946523
8412	132.3821	-368.7634	501.1455	0.472931	0.342682	0.0161919	0.168195	1.902582	0.1635949	0.1892656	0.687786
8418	128.1292	-373.8824	502.0116	0.230324	0.497507	0.105468	0.166701	0.7422578	0.3053909	0.2472701	0.8807051
8424	126.0429	-376.345	502.3879	0.293017	0.537435	0.0629078	0.10664	0.2887501	0.2964356	0.2150763	0.8564
8430	120.0269	-381.6145	501.6414	0.161859	0.488448	0.0571738	0.292518	0.2887501	0.9915457	0.19673	0.8553886
8436	136.5322	-362.5908	499.123	0.263901	0.329526	0.0439323	0.362641	0.1133724	1.474377	0.01414983	0.4119908
8442	132.2576	-366.4964	498.754	0.616842	0.233895	0.0383748	0.110888	1.524968	1.586735	0.02815812	0.3758038
8448	115.0079	-384.7246	499.7325	0.555188	0.274699	0.0526551	0.117458	0.6785319	1.497249	0.03854389	0.6081696
8454	125.4156	-372.5071	497.9228	0.79483	0.016771	0.0753833	0.113015	2.85741	1.497249	0.03368904	0.5136444
8460	117.22	-381.4136	498.6336	0.545506	0.151835	0.258052	0.0446062	2.860136	1.48956	0.07175219	0.4886709
8466	124.4863	-373.6143	498.1006	0.63581	0.0579195	0.286937	0.0193333	3.835536	1.48956	0.07717909	0.5353656
8472	112.391	-386.2064	498.5974	0.402565	0.31783	0.267364	0.0122409	4.19882	0.9210891	0.1116297	0.7165021
8478	119.247	-382.911	502.158	0.596758	0.308725	0.089851	0.00466681	0.7092334	0.2993899	0.1677456	0.5623304
8484	123.3377	-375.9259	499.2636	0.178111	0.629742	0.184292	0.0078547	5.974677	0.1330791	0.3375415	0.7278283
8490	126.6972	-375.3482	502.0455	0.235985	0.597769	0.161285	0.00496105	1.023521	0.5830181	0.2840427	0.3405146
8496	120.8575	-381.3208	502.1783	0.286557	0.542721	0.124688	0.0460343	0.8770366	0.4314037	0.2005538	0.3169912
8502	96.16129	-403.6963	499.8576	0.711936	0.199676	0.067806	0.0205819	2.686114	0.8761013	0.108731	0.2529453
8508	114.6662	-386.2231	500.8893	0.719765	0.188492	0.0700807	0.0216621	0.6194087	1.109176	0.0645751	0.3510377
8514	111.048	-390.8664	501.9144	0.634008	0.272292	0.0715759	0.0221243	0.2159703	0.7513334	0.1204961	0.4997149
8520	108.9373	-391.9651	500.9025	0.725644	0.0810371	0.153581	0.0397375	2.077565	0.2012327	0.1036704	0.2955613
8526	109.4286	-387.9681	497.3967	0.716374	0.0837754	0.158771	0.0410802	10.25697	0.1739096	0.08679096	0.3388455
8532	118.1696	-382.0518	500.2214	0.800005	0.0198004	0.0932284	0.0869667	2.637823	0.5757521	0.1182	0.3388455
8538	103.7942	-395.8087	499.6029	0.713326	0.00819063	0.166262	0.112221	3.353436	0.383593	0.07426286	0.3452332
8544	108.8181	-393.6124	502.4305	0.372359	0.541554	0.0167241	0.0693631	0.1651692	0.5823093	0.1881273	0.400251
8550	109.8859	-391.7673	501.6532	0.751175	0.112699	0.0501881	0.0859384	1.498142	0.07720696	0.1412518	0.4004956
8556	116.4523	-386.4201	502.8723	0.263724	0.545947	0.124102	0.0662272	0.3998211	0.212142	0.2176616	0.4018747
8562	114.7707	-387.9231	502.6938	0.297947	0.400919	0.174543	0.12659	0.504542	0.04716963	0.1409304	0.3566427
8568	110.4705	-391.947	502.4175	0.605109	0.260332	0.0523597	0.0821999	1.197007	0.007937372	0.269193	0.3566427
8574	109.832	-390.1974	500.0293	0.228106	0.549675	0.111933	0.110286	3.752827	0.01870083	0.09936542	0.2538439
8580	118.1804	-383.9492	502.1296	0.433454	0.403444	0.0821553	0.0809466	0.2721882	0.2501268	0.06867527	0.2804447
8586	122.9049	-378.9838	501.8887	0.368534	0.344402	0.0698505	0.217213	0.7748545	0.3649487	0.1021705	0.2804447
8592	126.0158	-376.1846	502.2004	0.189204	0.18286	0.506508	0.121428	0.1747073	0.5283543	0.1159839	0.3489468
8598	120.9938	-380.9926	501.9864	0.363376	0.151102	0.423815	0.0617073	0.3890513	0.4311113	0.07722872	0.2562828
8604	106.4624	-395.3679	501.8303	0.533372	0.122049	0.249648	0.0949309	0.4516559	0.4732758	0.1501777	0.8894753
8610	110.5303	-389.7421	500.2724	0.327217	0.209471	0.0565895	0.406723	0.1987252	0.8821886	0.06303424	1.479205
8616	119.2716	-381.9069	501.1785	0.441288	0.235317	0.0394998	0.283896	0.2428424	0.7855108	0.04677355	0.4042734
8622	119.0409	-382.3937	501.4347	0.495795	0.188466	0.093581	0.222158	0.2428424	0.6552843	0.0624875	0.5423051
8628	123.7021	-379.0079	502.71	0.428344	0.213678	0.1061	0.251878	0.2428424	0.05916404	0.1252964	0.4305848
8634	122.2678	-380.5198	502.7876	0.502228	0.130648	0.261018	0.106106	0.2428424	0.1024707	0.1416238	0.394799
8640	123.4184	-379.2503	502.6687	0.582936	0.307396	0.028547	0.0811207	0.5494827	0.1236081	0.1692572	0.394799
8646	121.6899	-381.5414	503.2313	0.196349	0.757092	0.0121197	0.03444	0.2332885	0.1074043	0.276081	0.3217763
8652	128.2756	-373.2968	501.5724	0.546325	0.377557	0.0198138	0.0563039	1.367391	0.5220433	0.2507755	0.5132519
8658	123.5539	-378.8475	502.4015	0.497017	0.31985	0.0121752	0.170958	0.3890882	0.3949095	0.1387548	0.4072405
8664	119.253	-381.5593	500.8123	0.615372	0.217137	0.0148965	0.152595	0.04193931	0.6124638	0.0884704	0.3032812
8670	107.2684	-390.2255	497.4939	0.562022	0.0886769	0.104349	0.244951	6.798863	0.5707657	0.1799307	1.464597
8676	109.7166	-391.1703	500.8869	0.717236	0.163602	0.0183685	0.100794	1.962074	0.06527735	0.1799307	0.956276
8682	118.4918	-383.7581	502.25	0.702701	0.0675403	0.036614	0.193145	0.2359518	0.009676195	0.1164846	0.8700366
8688	115.4106	-387.2156	502.6262	0.612097	0.0588318	0.233496	0.0955752	0.524788	0.05521119	0.1466461	0.4382028
8694	120.5077	-381.2251	501.7328	0.300185	0.61549	0.0366173	0.0477073	1.29432	0.3390388	0.2103898	0.5073441
8700	118.3963	-383.5585	501.9549	0.304974	0.541655	0.130273	0.0230981	0.06083495	0.3559114	0.2103898	0.510721
8706	117.1065	-385.3052	502.4118	0.393923	0.514071	0.070085	0.0219218	0.5270068	0.2961902	0.1322375	0.2923753
8712	124.8247	-377.3521	502.1768	0.142478	0.612367	0.2286	0.0165539	1.022944	0.2700758	0.2912425	0.5541836
8718	114.8167	-387.8225	502.6392	0.280182	0.287532	0.337988	0.0942975	0.2401326	0.2566141	0.1407692	0.3819653
8724	110.8802	-388.3942	499.2744	0.138046	0.726366	0.0644169	0.0711712	6.902424	0.108227	0.288669	0.3280647
8730	115.9842	-385.807	501.7913	0.167545	0.701507	0.0622124	0.0687356	1.618473	0.2474719	0.3116363	0.445599
8736	116.1067	-386.3943	502.5009	0.64505	0.212761	0.0729163	0.0692726	0.8317955	0.1733844	0.3530442	0.5889264
8742	104.0133	-396.3802	500.3935	0.571876	0.325457	0.0528883	0.0497793	1.604647	0.5317508	0.3550659	1.656603
8748	120.9026	-380.347	501.2496	0.74744	0.0280736	0.115642	0.108844	0.7391692	0.1438368	0.2175008	1.830397
8754	119.7202	-382.1691	501.8893	0.351227	0.13223	0.266473	0.25007	0.3151109	0.3444604	0.1680725	1.143076
8760	118.3338	-382.8	501.1337	0.679596	0.0550195	0.136906	0.128479	1.180127	0.4235926	0.1237759	0.759266
8766	125.5064	-376.6832	502.1895	0.116414	0.749712	0.115751	0.0181229	1.322118	0.139372	0.2628242	0.3052907
8772	121.3345	-381.0116	502.3461	0.392505	0.417903	0.163927	0.0256656	0.05444317	0.03987305	0.2179392	0.2920266
8778	123.5922	-378.1099	501.7021	0.49859	0.340554	0.125603	0.0352528	0.03710045	0.2847437	0.2667742	0.3404351
8784	125.1668	-377.4967	502.6635	0.352334	0.337296	0.197336	0.113034	0.1921611	0.4427787	0.1913828	0.3404351
8790	129.2457	-372.8025	502.0483	0.336249	0.255052	0.340624	0.0680742	0.8073517	0.3416805	0.131428	0.3307777
8796	119.0673	-379.1678	498.2351	0.272583	0.408389	0.273926	0.0451018	7.723215	0.5516344	0.1612421	0.3176218
8802	127.5316	-375.298	502.8295	0.301502	0.593467	0.0173074	0.0877235	0.4860263	0.2431482	0.2245934	0.3345468
8808	109.9436	-393.0106	502.9542	0.299278	0.569127	0.0152528	0.116342	0.3934896	0.04227001	0.1767536	0.3598558
8814	119.8836	-383.3817	503.2653	0.172214	0.673765	0.0304229	0.123598	0.3530537	0.001409587	0.2805089	0.379708
8820	112.3933	-390.7743	503.1675	0.0383847	0.742253	0.0673248	0.152038	0.2161209	0.00165269	0.2018438	0.3190675
8826	121.288	-381.0089	502.2969	0.228552	0.588978	0.0252104	0.15726	0.1037028	0.0008169901	0.08756775	0.2955048
8832	120.4789	-381.9402	502.4191	0.294568	0.123656	0.379092	0.202684	0.2799416	0.001061348	0.07225357	0.2848982
8838	125.518	-376.8727	502.3907	0.374978	0.0690288	0.40878	0.147213	0.3860782	0.1020681	0.08759556	0.339333
8844	119.3035	-383.2998	502.6033	0.209567	0.435854	0.223311	0.131267	0.2568342	0.09702166	0.1027972	0.319864
8850	122.5621	-379.4929	502.055	0.311961	0.297987	0.194649	0.195404	0.1719476	0.1299127	0.05934087	0.3209999
8856	112.0823	-389.2436	501.3258	0.312266	0.39683	0.09531	0.195594	0.4105687	0.8387363	0.05934087	0.2899113
8862	109.8068	-392.8394	502.6462	0.137495	0.256762	0.545176	0.0605668	0.2167325	0.07743865	0.105318	0.2941838
8868	118.3523	-382.3548	500.7071	0.154163	0.517469	0.215569	0.112799	2.34341	0.007814806	0.08054427	0.2738317
8874	108.3254	-392.8568	501.1822	0.163698	0.568923	0.145009	0.12237	1.248623	0.1758932	0.06160105	0.2779455
8880	125.3756	-377.1417	502.5172	0.115965	0.566658	0.201848	0.115529	0.1116434	0.4322733	0.2140173	0.3559755
8886	115.024	-384.9559	499.9799	0.475457	0.357902	0.105981	0.0606592	1.982152	0.673787	0.07498868	0.5906752
8892	110.4218	-390.8455	501.2673	0.373991	0.548911	0.0426067	0.0344907	1.266801	0.3773305	0.0943523	0.3791912
8898	112.804	-390.07	502.874	0.571328	0.327364	0.0246549	0.0766535	0.4974637	0.01050254	0.1768469	0.3814283
8904	108.9388	-393.97	502.9088	0.583073	0.3431	0.0161121	0.0577145	0.1581648	0.007927649	0.1480249	0.2640507
8910	115.4214	-386.1619	501.5834	0.372644	0.395583	0.1134	0.118373	1.079813	0.1351371	0.07748022	0.2346637
8916	127.2527	-374.9506	502.2033	0.366568	0.389132	0.11155	0.13275	0.6903424	0.3920499	0.1475429	0.3331729
8922	129.0135	-373.295	502.3085	0.423446	0.389975	0.111792	0.0747869	0.8747497	0.192048	0.170498	0.3331729
8928	123.4869	-378.877	502.3639	0.259797	0.390085	0.27626	0.0738579	0.2253607	0.1745343	0.08547009	0.3331729
8934	122.544	-379.5634	502.1075	0.284802	0.608605	0.0693149	0.0372783	0.7565629	0.429345	0.1519291	0.3472257
8940	120.9563	-380.2619	501.2182	0.287628	0.32214	0.176234	0.213998	0.09340145	0.5077565	0.05852925	0.4941638
8946	122.0149	-380.1485	502.1634	0.282876	0.511415	0.0544646	0.151244	0.3409403	0.6197637	0.1257033	0.3779859
8952	124.7796	-377.7537	502.5334	0.472722	0.379722	0.0632146	0.0843423	0.6238296	0.1780187	0.1740779	0.4200788
8958	117.4482	-384.2373	501.6855	0.714641	0.102346	0.055508	0.127505	0.3665931	0.927788	0.1665741	0.7305449
8964	113.0992	-389.0954	502.1946	0.807022	0.0860261	0.046657	0.0602951	0.1045981	0.2705032	0.1977827	0.7589605
8970	106.988	-393.7739	500.7619	0.326001	0.485542	0.0576752	0.130782	0.6496505	1.392858	0.139584	0.7883505
8976	112.4723	-389.2723	501.7446	0.45444	0.465111	0.0246205	0.0558284	0.1266844	0.7463897	0.1862847	0.8023735
8982	117.8374	-382.7905	500.628	0.718841	0.173134	0.0258155	0.0822096	1.857376	0.6879263	0.1907574	0.7190327
8988	117.5349	-382.1315	499.6664	0.696158	0.16767	0.0565564	0.0796155	1.923529	0.595565	0.1965966	1.822667
8994	127.0984	-374.2363	501.3347	0.626485	0.11386	0.0689211	0.190734	1.035705	0.7439185	0.1804377	0.6480237
9000	121.5483	-380.6533	502.2015	0.539195	0.127309	0.120233	0.213263	1.035705	0.1089459	0.1918493	0.4590603
9006	123.3533	-378.674	502.0272	0.506775	0.314351	0.0855811	0.0932926	0.8006582	0.2313104	0.1059001	0.2627172
9012	113.4505	-388.7015	502.1521	0.286024	0.489003	0.0798472	0.145125	0.3216317	0.2981139	0.07743509	0.3117549
9018	114.9417	-387.8557	502.7974	0.0637146	0.670204	0.189476	0.0766058	0.2743702	0.09854468	0.1349288	0.3360277
9024	118.8868	-383.2879	502.1747	0.0956061	0.677339	0.176936	0.0501187	0.5452426	0.1511549	0.08297087	0.2796438
9030	114.8146	-385.0981	499.9126	0.747823	0.0291429	0.142931	0.0801036	0.2038579	0.9646238	0.01402523	0.2069815
9036	105.0392	-396.1766	501.2158	0.627602	0.0787319	0.188195	0.105471	0.1942253	0.1781627	0.02398745	0.2222587
9042	123.7365	-377.7014	501.4379	0.464445	0.131359	0.330788	0.0734079	0.2245791	0.4098371	0.03808989	0.2222587
9048	122.95	-378.729	501.6791	0.556823	0.0940064	0.236727	0.112443	0.2245791	0.1577232	0.03808989	0.2031286
9054	126.2283	-375.6274	501.8558	0.367623	0.1843	0.383803	0.0642746	0.2210997	0.06957694	0.04217211	0.1985641
9060	126.4538	-375.14	501.5937	0.375937	0.29222	0.229931	0.101912	0.1609557	0.3205503	0.04479698	0.1985641
9066	128.5999	-370.972	499.5719	0.149948	0.0849648	0.703337	0.0617504	0.08049829	1.49433	0.02783693	0.332753
9072	127.1904	-371.4005	498.5909	0.348596	0.309343	0.245921	0.0961393	0.4264232	1.812678	0.009376804	0.2948858
9078	125.9444	-371.7101	497.6545	0.387347	0.232568	0.273258	0.106826	0.5031798	2.211202	0.006260692	0.3978054
9084	126.2365	-372.3754	498.6119	0.341107	0.262951	0.284659	0.111283	0.3840847	1.716968	0.008300111	0.2560567
9090	123.2321	-376.1983	499.4304	0.186861	0.377023	0.194065	0.242051	0.3619778	0.7713712	0.007202668	0.224961
9096	121.7002	-378.0984	499.7986	0.25158	0.198117	0.133961	0.416341	0.1897595	1.230062	0.01771941	0.3976339
9102	123.669	-376.8973	500.5662	0.420786	0.243417	0.182969	0.152828	0.2584489	1.230062	0.04510131	0.5447954
9108	117.214	-382.9892	500.2032	0.447832	0.0531027	0.382896	0.116169	0.9510279	1.230062	0.08525536	0.8098929
9114	123.0188	-376.7221	499.7409	0.311812	0.316965	0.287269	0.0839536	0.5791501	1.407841	0.04166168	0.8525469
9120	116.843	-381.9123	498.7553	0.307604	0.466436	0.0417917	0.184168	2.920279	1.178793	0.09425526	0.8525469
9126	127.3008	-372.9249	500.2257	0.13092	0.490481	0.327464	0.0511344	1.309759	1.249379	0.07585523	0.2131267
9132	126.1615	-374.3552	500.5167	0.0533678	0.766196	0.159481	0.0209559	2.312409	0.3726033	0.09678415	0.2641863
9138	127.6473	-372.7744	500.4216	0.219244	0.42129	0.347944	0.0115225	1.973733	0.7449347	0.1076221	0.3694514
9144	122.2884	-378.9828	501.2712	0.176551	0.392435	0.403913	0.0271006	2.037523	0.2931214	0.2309698	0.4524748
9150	123.329	-376.9119	500.241	0.549667	0.27177	0.153794	0.0247688	1.349266	1.173708	0.07605947	0.345934
9156	138.2631	-362.4226	500.6857	0.459105	0.168656	0.320606	0.0516342	0.1804973	1.20587	0.05441559	0.5778062
9162	131.1022	-369.4725	500.5747	0.421819	0.229138	0.308304	0.0407388	0.3439237	1.14243	0.06039757	0.8352141
9168	130.9906	-370.3814	501.372	0.0706299	0.421094	0.435725	0.0725517	0.3029881	0.6894579	0.04866505	0.2913615
9174	135.92	-366.0295	501.9495	0.223052	0.198746	0.47275	0.105452	0.3029881	0.0822512	0.04757133	0.2025184
9180	128.6769	-371.7772	500.4542	0.0898807	0.0724993	0.576024	0.261597	0.04042483	0.5469319	0.05736029	0.2025184
9186	124.3962	-377.0254	501.4216	0.255934	0.104154	0.54797	0.0919423	0.1095776	0.7089007	0.06847653	0.2759247
9192	127.2402	-374.7352	501.9754	0.546067	0.232281	0.0254823	0.19617	0.2381728	0.4217048	0.07125143	0.3177122
9198	123.0404	-378.8836	501.924	0.280338	0.368235	0.0536759	0.297751	0.2213407	0.5345918	0.0791254	0.3542905
9204	120.0886	-380.4176	500.5062	0.292689	0.59419	0.0392798	0.0738409	0.1369691	1.281058	0.04517153	0.4178063
9210	118.0563	-383.205	501.2614	0.509629	0.186406	0.223719	0.0802463	0.2627	0.7445007	0.04523343	0.2945692
9216	125.2494	-376.5725	501.8219	0.40719	0.178822	0.333909	0.0800787	0.2627	0.5087201	0.06487099	0.284735
9222	132.7533	-368.8682	501.6214	0.494193	0.158815	0.199784	0.147209	0.8364634	0.5170207	0.1056904	0.4045554
9228	126.5258	-374.1984	500.7242	0.639521	0.133588	0.0363919	0.190499	3.404598	0.01348326	0.2587938	0.4641892
9234	133.165	-369.2654	502.4304	0.593091	0.17599	0.0394268	0.191492	0.06117609	0.02865187	0.2553556	0.4713861
9240	122.245	-380.4552	502.7002	0.734599	0.164538	0.0368614	0.0640018	0.1051022	0.1093283	0.2553556	0.5684184
9246	123.4734	-377.7811	501.2545	0.290467	0.590036	0.0148226	0.104674	0.03476456	0.2852543	0.2140144	0.5999165
9252	129.3261	-372.8697	502.1958	0.0560627	0.817883	0.0214534	0.104601	0.6855743	0.1047942	0.1521813	0.6722355
9258	123.6796	-377.4887	501.1683	0.422216	0.25743	0.295135	0.025219	1.915234	0.2698473	0.1696624	0.4864791
9264	126.2081	-375.1985	501.4066	0.114871	0.709958	0.0849369	0.0902345	1.299666	0.2324286	0.09224422	0.3145308
9270	126.0016	-376.6488	502.6504	0.0839538	0.391977	0.473054	0.0510149	0.1921345	0.1249235	0.1205333	0.3556127
9276	126.9804	-375.2482	502.2286	0.129538	0.0537328	0.729909	0.0868199	0.184577	0.3099832	0.09622813	0.4199257
9282	130.6505	-371.6931	502.3435	0.21328	0.168846	0.5047	0.113175	0.4521939	0.148421	0.09871693	0.3933994
9288	118.3137	-383.4015	501.7152	0.0580489	0.390672	0.282703	0.268576	0.487607	0.4902297	0.1115268	0.7394931
9294	113.0245	-388.2222	501.2467	0.089368	0.161316	0.21235	0.536967	0.487607	0.4987819	0.07165912	0.8321806
9300	127.0766	-374.602	501.6786	0.322487	0.403832	0.077559	0.196123	0.2456701	0.8390222	0.1079055	0.5694397
9306	126.2578	-375.6419	501.8997	0.27438	0.549258	0.0648607	0.111501	1.084487	0.2341854	0.2303203	0.6868741
9312	113.108	-387.5623	500.6703	0.508317	0.164954	0.120161	0.206567	1.084487	0.6831458	0.1001105	0.884947
9318	114.4802	-386.1365	500.6167	0.469683	0.225742	0.0914322	0.213143	0.9263235	0.9758959	0.07404928	0.5701198
9324	128.6471	-372.3641	501.0112	0.17713	0.77267	0.0203636	0.0298373	1.225077	0.723673	0.09976289	0.3708799
9330	122.6415	-379.7546	502.3962	0.169923	0.741233	0.00178364	0.0870599	0.8156465	0.1429586	0.2228205	0.5429105
9336	125.791	-375.2046	500.9956	0.313825	0.617903	0.00367914	0.0645934	0.06147058	0.746698	0.08329956	0.4123149
9342	121.0735	-379.9113	500.9848	0.533644	0.351476	0.00504256	0.109838	0.7354111	0.9155249	0.06785857	0.3761356
9348	122.491	-379.4476	501.9385	0.196143	0.615392	0.0162202	0.172245	0.7354111	0.1832495	0.08702568	0.3614528
9354	120.1791	-381.094	501.2731	0.4263	0.472056	0.0118771	0.0897668	1.795165	0.2837439	0.1497389	0.3614528
9360	111.319	-391.0289	502.348	0.489021	0.31604	0.123869	0.0710705	0.7380517	0.2105403	0.1497389	0.3276763
9366	120.8134	-381.8546	502.6681	0.0863468	0.468601	0.293462	0.15159	0.4565437	0.2324811	0.2010501	0.4953654
9372	100.6144	-402.0505	502.6648	0.15554	0.434832	0.136562	0.273066	0.3849214	0.1039413	0.1698637	0.5821636
9378	97.21516	-402.5941	499.8093	0.246611	0.330975	0.214567	0.207846	3.963146	0.2680884	0.1480131	0.4929675
9384	106.425	-395.7525	502.1775	0.360924	0.407508	0.0914045	0.140163	0.2232226	0.3926702	0.09256819	0.380016
9390	111.8617	-390.9867	502.8484	0.2632	0.183933	0.527947	0.0249199	0.2458503	0.0308779	0.137181	0.380016
9396	110.1185	-391.8602	501.9787	0.150303	0.539591	0.237	0.0731057	0.7591374	0.3185758	0.1507622	0.595477
9402	111.737	-390.3379	502.075	0.0712514	0.255794	0.578392	0.0945627	0.9483703	0.1972164	0.1668236	0.4961754
9408	119.5427	-383.0844	502.6271	0.121585	0.484252	0.371122	0.0230414	0.2417695	0.3940802	0.2088076	0.525162
9414	111.3105	-391.0115	502.3221	0.572242	0.188897	0.16144	0.0774212	0.5141981	0.514017	0.1817374	0.4386158
9420	113.4779	-386.5715	500.0494	0.157176	0.41458	0.394598	0.0336459	3.807039	0.1495948	0.3109626	0.8513674
9426	124.77	-376.3313	501.1013	0.540494	0.306447	0.0784457	0.0746133	2.047441	0.2843865	0.1577221	0.3794127
9432	120.8538	-381.9567	502.8105	0.301421	0.57459	0.10199	0.0219993	0.2984084	0.3275478	0.2058637	0.3792398
9438	121.0014	-381.8361	502.8375	0.507963	0.197584	0.18107	0.113382	0.5662874	0.02177385	0.1892882	0.3792398
9444	129.545	-372.0785	501.6235	0.776204	0.0756085	0.1048	0.0433874	0.5662874	0.1278275	0.04412712	0.2291326
9450	113.7339	-387.8156	501.5495	0.521983	0.181039	0.216323	0.0806549	0.1329028	0.1567685	0.03863041	0.2022138
9456	112.04	-388.947	500.987	0.743913	0.147142	0.0596417	0.049303	0.8521683	0.2691541	0.03627448	0.2022138
9462	118.1147	-382.1687	500.2833	0.844406	0.0571511	0.0296373	0.0688052	1.89957	0.04851727	0.03627448	0.2481287
9468	120.7848	-380.9991	501.7839	0.786653	0.0532423	0.0276103	0.132495	0.2486486	0.02858563	0.03627448	0.2448258
9474	116.9597	-384.1841	501.1438	0.811261	0.0430738	0.0223371	0.123328	1.009344	0.4351267	0.06069193	0.2448258
9480	115.2301	-386.7153	501.9454	0.811457	0.0912704	0.0027139	0.0945586	0.5435533	0.03965719	0.05553448	0.250024
9486	125.5109	-376.715	502.226	0.750388	0.164991	0.00866879	0.0759521	0.3222448	0.007984235	0.05917887	0.2452447
9492	121.4964	-379.0271	500.5234	0.750388	0.164991	0.00866879	0.0759521	1.330323	0.07157766	0.02890393	0.2439314
9498	121.2128	-379.3536	500.5664	0.53177	0.119984	0.262324	0.0859216	1.021709	0.4025514	0.03148926	0.2465227
9504	119.3574	-379.5084	498.8658	0.519248	0.188832	0.172121	0.119799	4.18314	0.2801729	0.04494455	0.2405864
9510	132.7014	-369.0522	501.7535	0.388274	0.423187	0.0989576	0.0895813	0.4432795	0.0115919	0.03994674	0.1983511
9516	127.2917	-374.0331	501.3248	0.44084	0.266663	0.246921	0.0455759	0.5622182	0.0115919	0.02800944	0.2528632
9522	126.5341	-375.323	501.8571	0.440494	0.266453	0.162338	0.130715	0.5995975	0.2436066	0.06773587	0.2452616
9528	120.2338	-381.9675	502.2013	0.0902662	0.242036	0.606924	0.0607734	0.514508	0.01058161	0.06971944	0.2700325
9534	106.3679	-396.1702	502.5381	0.171567	0.0894492	0.727741	0.0112433	0.686528	0.1464858	0.1609166	0.2774234
9540	117.0503	-385.0377	502.088	0.591419	0.154817	0.191342	0.0624222	1.053145	0.3778625	0.3626785	0.5808201
9546	117.3119	-385.0821	502.394	0.636397	0.0641098	0.13974	0.159753	0.578169	0.1758104	0.178332	0.625294
9552	114.6064	-386.8047	501.4111	0.662143	0.0537331	0.0429291	0.241195	0.600448	0.5763324	0.09355516	0.7042109
9558	116.0487	-384.586	500.6347	0.685926	0.0425073	0.0367896	0.234777	0.45918	1.045861	0.07534525	0.9638958
9564	108.7346	-391.4878	500.2224	0.51072	0.339005	0.0884562	0.0618193	2.185498	0.8023859	0.1944096	0.7735366
9570	115.8625	-386.4748	502.3373	0.603033	0.282123	0.00876118	0.106082	0.1863516	0.5396816	0.1944096	0.5923757
9576	119.0951	-382.9041	501.9992	0.45897	0.298002	0.130974	0.112053	0.1863516	0.7260038	0.1233018	0.4303508
9582	128.5185	-372.5871	501.1056	0.718614	0.0721393	0.116414	0.0928336	0.8921173	0.7174749	0.1168428	0.7360704
9588	129.7803	-370.0268	499.8071	0.781008	0.0709071	0.135974	0.0121109	1.511386	0.9143271	0.1982716	1.673424
9594	130.479	-370.3434	500.8223	0.726832	0.174628	0.0872696	0.0112708	3.068883	0.1424841	0.3032426	0.4995311
9600	118.5842	-384.1135	502.6977	0.658721	0.0999728	0.198443	0.0428633	0.1076311	0.2909788	0.3032426	0.4812521
9606	112.4319	-390.0638	502.4957	0.445364	0.319413	0.139806	0.0954167	0.1848422	0.3136342	0.121171	0.2841252
9612	106.2512	-396.1801	502.4314	0.471977	0.278745	0.14816	0.101118	0.189074	0.3187507	0.1114673	0.2841252
9618	115.0261	-387.4258	502.4519	0.401974	0.323853	0.232228	0.0419447	0.5267227	0.4938511	0.2211857	0.4333039
9624	123.4455	-379.472	502.9176	0.425349	0.432304	0.0979633	0.0443838	0.2808315	0.1977273	0.1915062	0.3598212
9630	120.1112	-382.0704	502.1816	0.85305	0.0305066	0.0759429	0.0405001	0.4710391	0.6631149	0.1622343	0.3921931
9636	110.167	-392.8328	502.9998	0.397904	0.0175945	0.558646	0.0258548	0.3468758	0.07775651	0.1786408	0.2899953
9642	115.6601	-386.6597	502.3198	0.709978	0.00270732	0.224702	0.0626132	0.6368275	0.1792904	0.1166857	0.2934609
9648	117.6481	-385.0026	502.6507	0.769611	0.00349302	0.146111	0.0807842	0.445896	0.1359829	0.1321799	0.2934609
9654	118.7969	-383.3841	502.181	0.756096	0.0209923	0.143546	0.0793656	0.5600484	0.1764461	0.08827996	0.2934609
9660	121.2174	-380.3524	501.5698	0.223468	0.350107	0.30609	0.120335	0.177227	0.2673492	0.03916358	0.2330771
9666	112.2541	-388.7288	500.9829	0.50358	0.32711	0.0473685	0.121941	0.1408709	0.6189657	0.03303519	0.2330771
9672	114.2202	-386.5592	500.7794	0.612325	0.278089	0.0154546	0.0941314	0.2136464	0.6949041	0.02558393	0.2386627
9678	112.2942	-389.7189	502.0131	0.62274	0.262109	0.0264287	0.0887223	0.5559644	0.6643282	0.1334828	0.3101037
9684	111.8809	-389.766	501.6469	0.507075	0.213427	0.207255	0.0722435	0.9193871	0.5369712	0.1148452	0.3096275
9690	110.223	-391.8881	502.1112	0.604482	0.125311	0.200365	0.0698419	0.9193871	0.1543806	0.1252721	0.2504237
9696	117.4044	-384.8724	502.2768	0.888722	0.0473185	0.0301297	0.0338302	0.5164598	0.4052557	0.1252721	0.281585
9702	111.3288	-390.1319	501.4607	0.10844	0.755013	0.0486255	0.0879209	1.945833	0.1505745	0.1801162	0.2515511
9708	111.3629	-382.7153	494.0782	0.156315	0.65924	0.0577083	0.126737	26.71948	0.03223266	0.04583559	0.1874159
9714	109.512	-392.5579	502.0698	0.251867	0.556489	0.0560874	0.135557	1.03127	0.03709039	0.1223539	0.3326183
9720	118.4359	-383.333	501.7688	0.497104	0.387067	0.0569255	0.0589035	1.210974	0.4659438	0.1889666	0.3326183
9726	120.7397	-381.2953	502.035	0.365507	0.549327	0.0418557	0.0433101	1.523355	0.08584171	0.2544009	0.3326183
9732	117.4405	-385.34	502.7805	0.756649	0.112682	0.0192146	0.111455	0.6475839	0.1475168	0.2544009	0.3932614
9738	117.6611	-381.9792	499.6403	0.379958	0.404272	0.0317284	0.184042	4.467637	0.04518924	0.09849255	0.2755928
9744	117.7909	-383.6774	501.4683	0.458599	0.375667	0.0640683	0.101667	0.4350085	0.8155247	0.06990775	0.2946596
9750	121.9506	-380.2416	502.1922	0.226427	0.306911	0.383603	0.0830592	0.6694938	0.2027935	0.10559	0.243189
9756	123.7811	-378.5426	502.3237	0.206886	0.459085	0.25484	0.0791888	0.2738407	0.0234682	0.06587273	0.243189
9762	124.8729	-377.0395	501.9124	0.143374	0.230222	0.571525	0.0548788	0.2160565	0.4287459	0.06585186	0.243189
9768	128.7929	-373.3195	502.1124	0.311447	0.337403	0.286846	0.0643036	0.2093359	0.07731074	0.05580936	0.2309882
9774	126.8437	-375.6286	502.4723	0.332736	0.27052	0.327478	0.0692654	0.1838513	0.04518645	0.08413935	0.2227735
9780	119.1331	-382.8392	501.9724	0.231484	0.349288	0.383362	0.0358662	0.1152387	0.1791513	0.06861706	0.2077178
9786	115.6024	-386.404	502.0064	0.138137	0.610995	0.191147	0.0597212	0.08839045	0.3729372	0.145917	0.5384641
9792	122.5997	-379.2006	501.8003	0.0599631	0.627799	0.214642	0.0975958	0.825345	0.1723093	0.08019619	0.3419703
9798	122.426	-380.332	502.758	0.107554	0.576831	0.22169	0.0939253	0.3351059	0.1032775	0.128699	0.2763636
9804	120.1262	-381.1433	501.2694	0.0771694	0.276392	0.469092	0.177346	0.1211428	0.4744955	0.04152106	0.2545983
9810	117.99	-384.6351	502.6252	0.303062	0.477409	0.0894835	0.130045	0.2205504	0.3344729	0.1447054	0.3053303
9816	116.3806	-383.9039	500.2845	0.214067	0.659369	0.00547207	0.121092	1.814652	0.4510082	0.05498622	0.3523492
9822	129.9957	-372.0319	502.0276	0.885789	0.0614233	0.0164753	0.0363126	0.323977	0.6040818	0.1141431	0.4771056
9828	121.9563	-380.1656	502.1218	0.452345	0.15857	0.252461	0.136624	0.3844391	0.6453771	0.1462723	0.4835315
9834	132.4721	-370.1047	502.5768	0.387396	0.128909	0.368865	0.11483	0.5916986	0.1275852	0.1468463	0.3189767
9840	122.2941	-378.6203	500.9144	0.422372	0.0858368	0.375039	0.116752	2.793478	0.01219312	0.1593758	0.3189767
9846	120.8523	-381.7188	502.571	0.560227	0.0936972	0.218633	0.127444	0.3620724	0.008670933	0.1593758	0.7372615
9852	114.7868	-386.7146	501.5013	0.659427	0.146486	0.114477	0.0796101	1.344277	0.4648196	0.1991772	0.5349192
9858	103.5482	-398.9882	502.5364	0.308604	0.417512	0.163487	0.110396	0.8840523	0.07979092	0.2007902	0.2870742
9864	127.5785	-374.9879	502.5664	0.451049	0.18143	0.26407	0.10345	0.4909397	0.1628753	0.1464308	0.4215562
9870	122.732	-379.7584	502.4904	0.37263	0.215794	0.247085	0.16449	0.232294	0.2762978	0.1287345	0.4531244
9876	135.1516	-367.0054	502.157	0.328648	0.168167	0.375	0.128186	0.6121685	0.3061564	0.125834	0.4555072
9882	122.4026	-378.7594	501.162	0.37403	0.12128	0.476485	0.0282048	0.08400881	0.8984919	0.08012952	0.3207041
9888	117.903	-383.2931	501.1961	0.425014	0.0349179	0.480346	0.0597221	0.06112589	0.2134298	0.05235284	0.304047
9894	124.1626	-378.3981	502.5607	0.423524	0.0347954	0.482865	0.0588154	0.4900278	0.1406987	0.1255055	0.304047
9900	117.3322	-384.2492	501.5814	0.196406	0.566734	0.0252779	0.211581	0.4316586	0.7988276	0.09064097	0.4620713
9906	122.5334	-377.7334	500.2668	0.355591	0.502971	0.0690093	0.0724288	1.788702	0.8254462	0.0915076	0.4696751
9912	116.1953	-386.6527	502.848	0.290716	0.667933	0.00432935	0.0370221	0.6908502	0.08116492	0.3715762	0.4988366
9918	112.7131	-388.6294	501.3424	0.320261	0.59919	0.00394583	0.0766032	2.198406	0.1957178	0.2556393	0.4093486
9924	114.0885	-388.6725	502.7609	0.645109	0.273863	0.0276966	0.053332	0.7197201	0.160716	0.3077118	0.4093486
9930	122.0289	-380.8581	502.887	0.474781	0.465584	0.0203839	0.0392508	0.4282969	0.1977696	0.2397966	0.4331326
9936	110.438	-392.6298	503.0679	0.423874	0.457415	0.0405772	0.0781347	0.2968459	0.2649911	0.3066803	0.3827563
9942	130.0936	-372.9438	503.0374	0.432725	0.295183	0.239911	0.0321817	0.3309093	0.03595642	0.1796545	0.3276756
9948	124.4142	-377.869	502.2832	0.736014	0.118847	0.0827852	0.0623533	0.442964	0.02048024	0.07439764	0.3434312
9954	123.3136	-378.7979	502.1115	0.394507	0.0615803	0.464415	0.079498	0.5279057	0.0985951	0.07119248	0.2918866
9960	128.3994	-374.2749	502.6742	0.398874	0.327643	0.193104	0.0803781	0.4984549	0.2261347	0.197875	0.4432242
9966	115.4124	-387.7378	503.1503	0.409432	0.336316	0.171747	0.0825056	0.2498062	0.014742	0.2518954	0.4832172
9972	105.6244	-397.1384	502.7627	0.568317	0.156756	0.232771	0.0421553	0.6444106	0.02523749	0.1836387	0.3375444
9978	108.5068	-393.5571	502.0639	0.58645	0.234718	0.0958021	0.0830299	0.9923768	0.09852466	0.135861	0.4132265
9984	114.3659	-387.9354	502.3012	0.439767	0.201995	0.143976	0.214261	0.993646	0.05019107	0.2045488	0.4997784
9990	118.786	-383.6306	502.4166	0.401653	0.0985851	0.243954	0.255808	0.3816764	0.02365292	0.1077642	0.5823744
9996	117.9962	-384.262	502.2582	0.388725	0.0141491	0.54744	0.0496858	0.2726607	0.04318756	0.263777	1.3669
10002	126.2259	-375.7823	502.0081	0.390587	0.271265	0.123496	0.214652	0.5460212	0.03211925	0.1021973	0.7750888
10008	124.5596	-378.2427	502.8023	0.658928	0.208653	0.0462616	0.0861575	0.5460212	0.07728319	0.1865446	0.3681664
10014	128.2317	-373.0949	501.3266	0.525867	0.311602	0.0595557	0.102975	1.604425	0.1128428	0.1000781	0.3119052
10020	130.95	-371.4531	502.4031	0.566337	0.261529	0.0499853	0.122149	0.07241627	0.08499907	0.1642989	0.3134261
10026	129.1333	-373.4138	502.547	0.645686	0.199641	0.113423	0.0412506	0.2491016	0.1516345	0.1014412	0.3019769
10032	124.7648	-377.2146	501.9794	0.581375	0.196208	0.197629	0.0247885	0.6653276	0.3765763	0.1014412	0.3019769
10038	120.0455	-382.2108	502.2563	0.559933	0.0947341	0.291924	0.0534084	0.6748832	0.4679083	0.2356911	0.5368723
10044	123.7868	-378.6166	502.4034	0.26123	0.197992	0.415571	0.125207	0.6820701	0.06486722	0.1424815	0.4680207
10050	119.8426	-382.6117	502.4542	0.64158	0.121584	0.158925	0.0779105	0.4954103	0.0268368	0.3490171	1.115597
10056	118.3886	-384.2961	502.6846	0.682585	0.0351238	0.164729	0.117563	0.3374327	0.0582363	0.1477932	0.5486011
10062	115.9638	-386.6228	502.5867	0.550486	0.151473	0.135657	0.162384	0.9481634	0.01167231	0.2665252	0.4368711
10068	99.77912	-403.1494	502.9285	0.615834	0.159924	0.102066	0.122176	0.3599257	0.01424721	0.1556644	0.352531
10074	116.0816	-386.6986	502.7802	0.851725	0.0379533	0.0076381	0.102683	0.3599257	0.02688244	0.1288046	0.352531
10080	118.5893	-381.053	499.6423	0.690412	0.0559217	0.00124696	0.252419	2.97311	0.7533321	0.1058559	0.4674749
10086	135.9282	-366.6973	502.6255	0.447025	0.516494	0.000855472	0.035626	0.5226356	0.1825861	0.1537335	0.3183265
10092	129.5065	-373.3165	502.8229	0.343969	0.580792	0.00176432	0.0734749	0.3760733	0.1938681	0.2077721	0.468038
10098	116.5285	-384.4898	501.0183	0.221898	0.655004	0.0024534	0.120644	2.194469	0.2969909	0.1630707	0.3607493
10104	114.0293	-388.2499	502.2793	0.440042	0.518594	0.00154659	0.0398168	0.9498229	0.1993067	0.2010551	0.3994919
10110	115.6502	-387.0249	502.6751	0.700387	0.236256	0.00100099	0.0623558	0.4338404	0.09908372	0.1301058	0.3190977
10116	119.6247	-381.7943	501.4191	0.58195	0.30664	0.0017602	0.10965	1.297281	0.5350112	0.1679271	0.4816647
10122	127.2177	-375.2369	502.4546	0.546559	0.300269	0.0457992	0.107372	0.6213559	0.2509251	0.1852199	0.4719858
10128	123.2022	-378.6809	501.8831	0.394321	0.39221	0.0638286	0.14964	0.8705031	0.5335086	0.1651332	0.4205859
10134	124.9641	-376.9882	501.9524	0.395352	0.277997	0.204947	0.121705	0.6768466	0.5636394	0.1598147	0.5066478
10140	123.4193	-378.5139	501.9333	0.769415	0.15263	0.0223507	0.0556047	1.292468	0.2548322	0.2607208	0.5066478
10146	117.4784	-384.2902	501.7686	0.18802	0.706367	0.00958259	0.0960305	0.4177847	0.7969154	0.1102584	0.4448648
10152	121.7838	-379.544	501.3279	0.179048	0.672657	0.0157852	0.13251	0.4469919	0.7969154	0.07120239	0.5018047
10158	119.9102	-382.2996	502.2098	0.372262	0.331318	0.131159	0.165261	0.1756687	0.139381	0.07576854	0.3958838
10164	126.4339	-375.9069	502.3407	0.294581	0.132122	0.460222	0.113075	0.2628123	0.01012622	0.06600248	0.2591961
10170	127.4614	-374.6324	502.0938	0.501636	0.0933417	0.325138	0.0798849	0.4215655	0.004105475	0.05519122	0.247241
10176	118.7411	-382.7104	501.4514	0.708885	0.161491	0.0448023	0.0848215	0.655979	0.07297553	0.03806413	0.247241
10182	111.6054	-390.3964	502.0018	0.673558	0.0565106	0.0916676	0.178264	1.420228	0.1029289	0.2358099	0.4202236
10188	116.8997	-384.9194	501.8191	0.707226	0.0500115	0.211802	0.0309603	0.9030012	0.5457211	0.1489671	0.3555259
10194	128.1266	-374.3724	502.499	0.349197	0.490196	0.106545	0.0540619	0.1078017	0.3607014	0.2321956	0.4864672
10200	119.483	-382.3006	501.7836	0.136461	0.622545	0.091605	0.149389	0.08624325	0.5014153	0.1028989	0.3219661
10206	124.5756	-377.288	501.8636	0.226628	0.468398	0.176508	0.128466	0.09927011	0.00403229	0.05474203	0.2199293
10212	125.9929	-376.5244	502.5174	0.157508	0.47242	0.319424	0.0506488	0.09927011	0.01276915	0.1202501	0.2525937
10218	123.4729	-377.8503	501.3231	0.0966272	0.715145	0.170103	0.0181248	0.09383673	0.6414789	0.06344216	0.2412754
10224	136.6022	-365.5237	502.1259	0.0169489	0.889073	0.0598325	0.0341451	0.07180125	0.1547073	0.1214172	0.2413931
10230	133.8199	-368.521	502.3409	0.0160764	0.843304	0.0836702	0.0569496	0.7281761	0.1208525	0.1248619	0.2413931
10236	129.6225	-369.9925	499.615	0.0151777	0.796159	0.0789926	0.109671	3.099375	0.6318995	0.08458631	0.3371492
10242	116.5594	-380.0833	496.6427	0.046603	0.686363	0.154004	0.11303	11.53626	0.6188054	0.09660187	0.4341691
10248	112.3754	-385.3373	497.7128	0.0331513	0.833187	0.046859	0.0868027	11.53626	0.1387125	0.2413412	0.4726536
10254	126.3338	-376.0526	502.3864	0.156054	0.74537	0.0344713	0.0641048	0.5270803	0.1072669	0.115385	0.4470603
10260	119.3188	-381.1622	500.481	0.592737	0.146908	0.0527843	0.207571	0.674053	0.9022805	0.07383413	1.023049
10266	116.9885	-382.9485	499.937	0.513113	0.108697	0.0550225	0.323167	0.674053	0.8883445	0.07383413	1.637028
10272	119.7609	-379.8313	499.5922	0.293067	0.449794	0.146017	0.111123	1.03399	1.380452	0.0487001	0.7060578
10278	127.8888	-374.4357	502.3245	0.0210079	0.76769	0.0911608	0.120141	0.3490596	0.2516567	0.09305862	0.3292793
10284	112.2534	-387.4207	499.6741	0.127258	0.510646	0.252778	0.109317	1.869587	0.9921821	0.05099562	0.2491197
10290	115.1322	-385.6628	500.795	0.0715623	0.763861	0.110695	0.0538815	0.2898283	1.342621	0.06313404	0.4972743
10296	121.4842	-379.719	501.2032	0.568661	0.168726	0.178863	0.0837505	0.2567061	1.080524	0.08977722	0.6515037
10302	124.7109	-376.5779	501.2888	0.16175	0.0836729	0.380785	0.373792	0.3171137	0.5839321	0.09461331	1.073295
10308	125.6471	-375.3694	501.0164	0.177817	0.12918	0.282081	0.410922	0.7427793	0.1483487	0.1373357	1.736643
10314	130.1592	-371.9376	502.0968	0.414809	0.129692	0.079541	0.375958	0.2662591	0.4185931	0.1045859	0.5468536
10320	116.797	-383.2017	499.9988	0.616054	0.0289562	0.0935756	0.261414	0.3416773	0.9853446	0.08667085	2.010115
10326	118.5552	-382.4878	501.043	0.497789	0.208541	0.0824401	0.21123	0.2652575	0.7840454	0.1003067	1.188643
10332	117.33	-383.4076	500.7376	0.31678	0.470965	0.0550986	0.157156	0.0282497	0.426451	0.2253969	0.6865707
10338	120.3105	-382.1535	502.464	0.234406	0.472541	0.197373	0.0956806	0.09273359	0.1416201	0.1998281	0.5538446
10344	120.9807	-379.3497	500.3304	0.455646	0.428843	0.0246935	0.0908183	2.835178	0.4810891	0.1779673	0.5117422
10350	126.3505	-375.1552	501.5057	0.0971879	0.748957	0.0372063	0.116649	1.493609	0.446157	0.1794693	0.3251021
10356	122.9667	-379.0805	502.0472	0.740709	0.0385548	0.0752666	0.14547	1.148291	0.08988704	0.179681	0.4824234
10362	122.0426	-379.9853	502.0279	0.777936	0.0396247	0.0773553	0.105084	0.06215661	0.147692	0.1418389	0.4044592
10368	116.6536	-381.9369	498.5906	0.418696	0.132668	0.22126	0.227375	6.898083	0.3204062	0.1418389	0.4044592
10374	118.7139	-382.2574	500.9713	0.385924	0.0173836	0.429376	0.167316	2.324114	0.1423991	0.145179	0.3989351
10380	119.4332	-382.506	501.9392	0.413371	0.0294213	0.42985	0.127357	1.308336	0.007180377	0.2212774	0.6435432
10386	126.1844	-376.2709	502.4553	0.785378	0.0104198	0.145736	0.0584658	0.389057	0.006614792	0.08902516	0.3956059
10392	126.4036	-375.018	501.4216	0.485743	0.0147799	0.384423	0.115054	0.7182991	0.4753812	0.0621041	0.2752862
10398	121.7946	-375.0311	496.8257	0.40465	0.0241117	0.485967	0.0852715	9.97253	0.5401988	0.0621041	0.3302736
10404	131.7751	-369.9965	501.7716	0.574459	0.0549777	0.268316	0.102247	0.924519	0.3299557	0.113164	0.4040103
10410	129.3391	-372.1152	501.4544	0.149253	0.508493	0.183171	0.159083	1.783975	0.1636693	0.1580961	0.3399698
10416	126.1846	-375.9592	502.1438	0.488087	0.0508512	0.297102	0.16396	0.4926155	0.4877982	0.1214139	0.3718443
10422	113.7247	-387.1189	500.8436	0.68326	0.191355	0.0565415	0.0688434	0.3772451	1.136761	0.05148837	0.4171645
10428	122.262	-378.0722	500.3342	0.311089	0.1545	0.430682	0.103729	0.3419605	1.392143	0.03979307	0.4660705
10434	119.8898	-381.3391	501.2289	0.448468	0.0665691	0.0315026	0.45346	0.8260159	0.2779088	0.05480897	0.498433
10440	121.2057	-380.9144	502.1201	0.0944953	0.674915	0.163294	0.0672957	0.6164797	0.3504913	0.1556898	0.5954521
10446	123.3899	-377.3507	500.7406	0.0245872	0.778979	0.0954651	0.100968	0.7973573	1.083914	0.1132483	0.8053355
10452	116.1019	-385.1159	501.2177	0.0730306	0.597799	0.0795247	0.249645	0.5392793	0.5655027	0.06000871	0.600882
10458	110.5441	-389.1074	499.6515	0.0275345	0.647474	0.0909006	0.234091	1.807866	0.668004	0.07596728	1.054182
10464	111.5288	-389.8191	501.3479	0.491047	0.203277	0.0171665	0.288509	0.5564821	0.5913025	0.09977118	0.8430092
10470	128.4407	-373.9607	502.4015	0.444699	0.0935745	0.429047	0.0326799	0.4426138	0.2844278	0.1504447	0.5340191
10476	121.0728	-380.945	502.0178	0.139206	0.143071	0.654101	0.0636228	0.8506412	0.09259671	0.1960066	0.8451962
10482	123.6166	-378.0314	501.648	0.423472	0.232158	0.207712	0.136658	0.1431508	0.6989288	0.1840352	0.9892075
10488	109.8594	-389.9224	499.7818	0.476219	0.136517	0.233584	0.15368	2.457196	0.9624073	0.1771249	0.805454
10494	119.6249	-380.6406	500.2655	0.450136	0.0644282	0.301976	0.18346	2.020736	0.929183	0.1564081	0.5929063
10500	127.996	-373.3666	501.3626	0.688363	0.0504027	0.161539	0.0996948	0.4735364	1.018613	0.09267263	0.4383019
10506	124.5217	-375.8842	500.4059	0.449225	0.0890799	0.285498	0.176197	3.125488	0.1797447	0.1454185	0.4222354
10512	116.2443	-386.5994	502.8437	0.613901	0.115872	0.121648	0.148579	0.3629074	0.2917488	0.2339217	0.4222354
10518	116.6238	-385.5852	502.209	0.78586	0.0452559	0.108004	0.0608807	1.402831	0.02358843	0.3014058	0.4222354
10524	93.85347	-406.8843	500.7377	0.691837	0.172697	0.0928769	0.0425896	2.45976	0.5114237	0.213008	0.4217023
10530	115.0346	-386.6002	501.6348	0.709837	0.188685	0.0952933	0.00618424	1.420799	0.1548408	0.1410723	0.4090725
10536	117.6642	-381.4558	499.12	0.733498	0.0963182	0.159812	0.0103713	6.344627	0.1563077	0.1826222	0.4090725
10542	102.6515	-398.0151	500.6666	0.517475	0.328082	0.118833	0.0356102	3.188406	0.0235345	0.1578038	0.3043797
10548	103.5823	-398.991	502.5733	0.580282	0.333396	0.0501351	0.036187	0.8342278	0.2271845	0.2867731	0.375509
10554	103.3523	-399.4232	502.7755	0.782185	0.051687	0.15861	0.00751768	0.6592143	0.1387244	0.2756884	0.4381842
10560	105.0698	-397.7924	502.8622	0.821189	0.0298697	0.13139	0.0175516	0.4335882	0.009173782	0.1516034	0.34091
10566	99.37017	-403.2929	502.663	0.816883	0.0368813	0.128776	0.0174596	0.5570772	0.01488712	0.1340516	0.3130887
10572	97.56576	-405.1612	502.7269	0.824851	0.0431354	0.0881948	0.0438184	0.5570772	0.04234681	0.1514905	0.3049257
10578	113.8009	-388.0777	501.8786	0.907566	0.0122277	0.0679752	0.0122309	1.188833	0.2171311	0.1514905	0.3537803
10584	99.99642	-402.4697	502.4661	0.870717	0.0219737	0.045551	0.0617582	0.8601164	0.1165918	0.1983286	0.3741476
10590	111.5236	-391.5258	503.0493	0.828999	0.0171527	0.0621381	0.0917101	0.3794168	0.08679312	0.2226308	0.3741476
10596	111.1223	-390.8811	502.0034	0.810819	0.0387072	0.0607754	0.0896988	0.8009727	0.290137	0.1192063	0.3741476
10602	113.6026	-389.4204	503.023	0.645122	0.0533621	0.289179	0.0123363	0.252736	0.02030053	0.169796	0.3590528
10608	104.9217	-398.4033	503.3249	0.549549	0.418295	0.0200024	0.0121536	0.2897039	0.01637835	0.3418799	0.4212845
10614	105.9849	-395.7009	501.6858	0.0432759	0.45973	0.221124	0.27587	0.6033877	0.1497123	0.1835966	1.354479
10620	102.6777	-400.201	502.8787	0.0421994	0.577243	0.328031	0.0525267	0.3614299	0.1763828	0.374601	0.6893232
10626	115.3347	-386.5733	501.908	0.558994	0.109263	0.258861	0.0728824	1.147255	0.3516607	0.2019462	0.4302206
10632	117.9783	-384.024	502.0023	0.583593	0.351095	0.0386345	0.0266772	0.5375863	0.7191923	0.1450512	0.3657165
10638	118.6439	-384.2776	502.9215	0.638169	0.279916	0.0606462	0.0212688	0.4135449	0.1802654	0.2701964	0.490616
10644	127.5029	-374.645	502.148	0.80657	0.0812409	0.0830598	0.0291294	1.036219	0.3453427	0.2879621	0.490616
10650	121.7987	-380.4568	502.2555	0.904063	0.0427089	0.00733603	0.0458916	0.8848275	0.2577484	0.1825969	0.3645799
10656	115.2893	-387.0655	502.3548	0.584808	0.263745	0.105113	0.0463342	0.7582533	0.5457086	0.2952135	0.3645799
10662	124.8097	-377.3617	502.1714	0.84922	0.049935	0.0779664	0.0228782	1.408976	0.03694768	0.2594191	0.3645799
10668	128.6613	-374.1111	502.7724	0.798893	0.0781728	0.0424499	0.0804848	0.6644978	0.01170572	0.2037933	0.3997259
10674	127.5704	-374.5351	502.1055	0.475066	0.428115	0.0261154	0.0707036	0.6644978	0.009042254	0.07647277	0.3213516
10680	121.2218	-381.6664	502.8882	0.389321	0.332091	0.186226	0.0923619	0.4789516	0.1171192	0.1950181	0.3213516
10686	118.5527	-383.0844	501.6371	0.733286	0.0434434	0.0634395	0.159832	1.109636	0.6075269	0.1950181	0.4626761
10692	116.9812	-384.1394	501.1206	0.327833	0.580249	0.0410571	0.0508608	1.055843	0.7611326	0.1361859	0.6330954
10698	113.4684	-388.4223	501.8908	0.284838	0.409463	0.173101	0.132598	0.2520087	0.2696747	0.05319983	0.2362045
10704	101.3364	-399.8577	501.1941	0.560957	0.150943	0.162489	0.125611	0.5042532	0.5384352	0.04181367	0.3448706
10710	117.8564	-384.1226	501.9791	0.248913	0.524088	0.0625989	0.1644	1.03134	0.1544455	0.1973545	0.6529831
10716	108.0547	-390.1703	498.225	0.212117	0.41057	0.263944	0.113369	9.796074	0.08185771	0.2498536	0.47864
10722	113.7939	-388.7602	502.554	0.247446	0.255254	0.446251	0.0510491	0.4332153	0.2874924	0.1657683	0.4522173
10728	114.5029	-387.6479	502.1508	0.561517	0.0821597	0.316613	0.0397107	0.5262837	0.5211801	0.13301	0.3636203
10734	124.1532	-375.9191	500.0723	0.725997	0.133488	0.00409259	0.136422	3.452783	0.2714275	0.1262017	0.3652867
10740	116.1159	-385.7342	501.8501	0.697553	0.0917978	0.00613532	0.204514	0.9664201	0.2125202	0.1262017	0.4895883
10746	117.4522	-384.9382	502.3904	0.49104	0.277964	0.00431894	0.226677	0.5300579	0.2350986	0.1262017	0.3686519
10752	114.4407	-384.9676	499.4083	0.169899	0.760514	0.00266333	0.0669243	5.832799	0.05506612	0.1762444	0.3904406
10758	119.7751	-378.5041	498.2792	0.486567	0.311674	0.0100962	0.191662	6.703213	0.5454621	0.1194783	0.4361235
10764	123.8633	-375.688	499.5512	0.478563	0.29919	0.00955269	0.212694	3.207641	0.5454621	0.08295847	0.4277825
10770	126.7074	-375.4192	502.1266	0.490718	0.346934	0.00697811	0.15537	0.4783427	0.2622148	0.0926531	0.424593
10776	126.1531	-376.1102	502.2633	0.38376	0.477542	0.0171935	0.121505	0.4808539	0.4161886	0.1265279	0.3647074
10782	122.0669	-380.1622	502.2291	0.279125	0.533556	0.0273208	0.159999	0.1193462	0.2364306	0.09731938	0.2986823
10788	114.6581	-387.9895	502.6476	0.206057	0.589296	0.0279328	0.176714	0.4001738	0.2577944	0.1470881	0.2905543
10794	113.1902	-383.8996	497.0898	0.363798	0.00655909	0.515959	0.113684	7.342265	0.4508589	0.03123792	0.214693
10800	109.7053	-389.822	499.5273	0.178879	0.00758835	0.596924	0.216609	0.8166816	0.7501718	0.01258501	0.1969691
10806	111.2703	-389.762	501.0323	0.35456	0.015041	0.568715	0.061684	0.8166816	0.7500744	0.06138884	0.2269752
10812	116.9179	-385.5943	502.5122	0.425895	0.266385	0.235462	0.0722576	0.3778319	0.1681336	0.1054275	0.2658804
10818	119.5927	-382.5218	502.1145	0.45422	0.0553509	0.287699	0.202729	0.4171329	0.4894482	0.1017429	0.3114577
10824	121.2774	-379.2485	500.5259	0.450219	0.0548634	0.293974	0.200943	1.720618	0.7470253	0.09869209	0.3982051
10830	122.201	-378.9282	501.1292	0.78027	0.0880114	0.0937999	0.0379185	0.8516187	0.7407842	0.07853549	0.4162521
10836	117.0735	-382.8308	499.9043	0.430004	0.0143687	0.395676	0.159952	1.248026	0.9095949	0.03716679	0.4162521
10842	112.2496	-388.2749	500.5244	0.543246	0.0189546	0.226798	0.211001	0.3677653	0.9956125	0.02898256	0.3364012
10848	117.0431	-383.0286	500.0717	0.164536	0.263107	0.514105	0.0582521	0.726128	1.284015	0.03562108	0.3401949
10854	109.1419	-391.4437	500.5856	0.341328	0.38045	0.13219	0.146033	2.390527	0.4432267	0.1368166	0.3948415
10860	115.9519	-386.8031	502.755	0.180816	0.701069	0.0560372	0.0620776	0.6392876	0.1528147	0.2324023	0.3711831
10866	118.3817	-384.8612	503.2429	0.202041	0.614596	0.122683	0.0606801	0.2520173	0.03088354	0.2644585	0.3894462
10872	127.0979	-375.2581	502.356	0.185097	0.453309	0.242279	0.119315	0.2819213	0.1142761	0.07694399	0.2929034
10878	104.2731	-397.9114	502.1845	0.120719	0.25867	0.504278	0.116332	0.3652683	0.308524	0.08293214	0.27509
10884	124.6053	-377.7148	502.3201	0.195328	0.3516	0.264842	0.18823	0.2608012	0.1051174	0.07252846	0.290371
10890	119.7079	-382.7808	502.4887	0.147687	0.603453	0.0444331	0.204427	0.2608012	0.3285885	0.1298925	0.4063371
10896	112.1872	-389.3543	501.5415	0.254018	0.570504	0.0438275	0.131651	0.4170499	0.8136395	0.08322596	0.4271018
10902	120.6049	-380.6913	501.2962	0.169344	0.403847	0.314386	0.112423	0.1629539	0.7469214	0.05085662	0.2973407
10908	128.0816	-373.9987	502.0802	0.224045	0.534295	0.0929236	0.148737	0.1629539	0.3223155	0.07672357	0.2973407
10914	126.7152	-375.2597	501.9749	0.0287304	0.677465	0.0848956	0.208909	0.1629539	0.2456013	0.06160395	0.2297471
10920	126.9615	-375.161	502.1225	0.0332993	0.840373	0.0753314	0.0509959	0.1575677	0.2335762	0.0729712	0.2297471
10926	131.9319	-368.943	500.8749	0.0180864	0.606674	0.296515	0.078725	0.04603268	0.4779776	0.06983002	0.2297471
10932	139.0637	-363.1235	502.1872	0.0246993	0.828488	0.0393035	0.107509	0.3515973	0.07902987	0.062892	0.2297471
10938	135.6116	-366.6803	502.2919	0.014064	0.472831	0.436265	0.0768402	0.1665698	0.2638867	0.0906947	0.2297471
10944	128.9305	-373.1655	502.096	0.146448	0.513676	0.307449	0.0324267	0.07983691	0.2577548	0.1240488	0.3446892
10950	124.0329	-378.3569	502.3897	0.165286	0.510547	0.142337	0.18183	0.07243687	0.07304383	0.1623648	0.3434477
10956	125.8736	-377.0889	502.9625	0.104328	0.779399	0.0015017	0.114771	0.2233481	0.1249672	0.2978777	0.6272999
10962	126.0791	-376.7647	502.8438	0.393461	0.391455	0.00828772	0.206796	0.2577056	0.03151046	0.1341515	0.363837
10968	125.4309	-377.2681	502.6991	0.277827	0.446938	0.129215	0.146021	0.284988	0.1059641	0.1434163	0.4913921
10974	118.5102	-383.8678	502.378	0.381741	0.442116	0.0337444	0.142398	0.284988	0.4954015	0.1466156	0.4361405
10980	117.1983	-385.4335	502.6318	0.243421	0.535535	0.0776093	0.143434	0.2969574	0.2870362	0.1356369	0.2798536
10986	111.1802	-391.5971	502.7773	0.275776	0.505991	0.0733278	0.144905	0.4271017	0.03167928	0.1356369	0.322484
10992	103.9668	-398.6453	502.6121	0.669018	0.160256	0.0157072	0.155019	0.3304423	0.3602431	0.1687958	0.4094105
10998	107.5592	-394.4967	502.0559	0.289633	0.573341	0.0346183	0.102408	0.05231401	0.1299111	0.1687958	0.2867766
11004	111.809	-390.7225	502.5314	0.102001	0.60458	0.103408	0.19001	0.2365224	0.172993	0.1085403	0.3759028
11010	116.9954	-385.3996	502.395	0.329066	0.43141	0.0844145	0.15511	0.4950105	0.09058601	0.09466623	0.2777631
11016	112.1082	-389.4449	501.5532	0.49862	0.195784	0.12791	0.177686	0.6095747	0.145598	0.04379734	0.2777631
11022	115.6742	-385.9603	501.6346	0.608996	0.0930418	0.0671499	0.230813	0.3969581	0.32904	0.0596044	0.5519134
11028	114.9683	-383.2565	498.2248	0.45359	0.44744	0.0846376	0.0143318	0.122476	1.572132	0.05388968	2.938285
11034	117.7435	-380.0442	497.7877	0.311422	0.554408	0.13056	0.0036103	1.499609	1.454785	0.03281987	1.699516
11040	113.1301	-382.1067	495.2367	0.37658	0.492522	0.122097	0.00880161	7.009307	1.454785	0.04569563	1.699516
11046	124.1826	-373.4176	497.6002	0.540515	0.0034328	0.44656	0.00949218	1.166113	1.454785	0.06335151	3.315094
11052	126.8319	-372.8735	499.7053	0.219926	0.00305357	0.760848	0.0161728	1.420547	0.9091116	0.1174741	1.465555
11058	127.8746	-371.2341	499.1087	0.717329	0.00185078	0.258638	0.0221819	4.622019	0.4872865	0.2305162	0.9184475
11064	121.1965	-380.6619	501.8583	0.058727	0.0300563	0.622938	0.288279	0.3603061	0.3372944	0.1725067	1.171273
11070	119.8057	-380.4752	500.2809	0.422889	0.118746	0.217176	0.241189	0.2808681	0.1699414	0.2710092	4.257546
11076	120.8459	-378.4017	499.2477	0.117066	0.0860101	0.717832	0.0790916	1.082851	0.5451643	0.1435284	3.314998
11082	123.676	-376.2799	499.9558	0.104726	0.0921787	0.608394	0.194701	0.254643	0.9571911	0.06777764	1.874947
11088	125.9906	-372.1528	498.1434	0.532046	0.0542143	0.344849	0.0688907	3.790863	0.3929866	0.2448772	2.798503
11094	118.5629	-374.9394	493.5024	0.110157	0.373033	0.420039	0.0967709	17.67901	0.4196277	0.2044641	3.920054
11100	123.169	-375.0397	498.2087	0.0540519	0.755142	0.103135	0.0876711	3.380136	0.06535298	0.2593271	3.691773
11106	116.2264	-381.2861	497.5125	0.0993662	0.737822	0.146752	0.0160591	4.863233	0.07079669	0.3065846	3.750619
11112	126.5961	-375.1068	501.7029	0.413129	0.342332	0.228066	0.0164739	0.05940749	0.08945724	0.3065846	1.173844
11118	117.4463	-385.4537	502.9	0.129404	0.635746	0.141929	0.0929211	0.1289754	0.1717014	0.272253	0.4505572
11124	128.5401	-371.9793	500.5194	0.244923	0.558273	0.105393	0.091412	3.057046	0.2305445	0.1651411	0.3789781
11130	120.3221	-378.7825	499.1045	0.294132	0.271316	0.324773	0.109779	4.919568	0.2656995	0.08619672	0.2839922
11136	124.6541	-375.0671	499.7212	0.0888149	0.238899	0.520383	0.151903	2.767269	0.3676267	0.05753154	0.3770763
11142	116.2231	-382.781	499.0041	0.0231577	0.361671	0.400771	0.2144	2.343888	0.8921922	0.03952215	0.5198762
11148	130.3203	-370.6076	500.9279	0.0203941	0.589743	0.321901	0.0679614	0.6737103	0.8868763	0.05630651	0.3591693
11154	126.3165	-371.0328	497.3493	0.0237979	0.52127	0.375627	0.0793043	9.84429	0.3260755	0.08304152	0.2423881
11160	122.364	-379.8993	502.2632	0.0690983	0.316854	0.502273	0.111774	0.4809801	0.05561156	0.1106923	0.6329409
11166	121.7157	-380.793	502.5086	0.0647353	0.402097	0.433016	0.100153	0.2228546	0.07654011	0.08760614	0.2674354
11172	128.1303	-373.7448	501.875	0.0122255	0.802417	0.117996	0.0673615	0.2337557	0.4546984	0.06457192	0.266219
11178	131.2926	-370.6339	501.9265	0.0413355	0.588756	0.185942	0.183966	0.2337557	0.04268985	0.04391569	0.3133957
11184	115.9495	-386.357	502.3065	0.327278	0.532158	0.0140373	0.126527	0.6196733	0.5273543	0.253322	0.522757
11190	123.0868	-379.7376	502.8243	0.533984	0.339668	0.0275552	0.0987927	0.5138376	0.166095	0.3059544	0.5584663
11196	128.6471	-373.7864	502.4335	0.484896	0.308443	0.0221025	0.184558	0.4640157	0.02913075	0.3193462	1.135836
11202	124.4754	-376.5522	501.0276	0.042769	0.60567	0.0412167	0.310345	1.550323	0.05223334	0.2185342	1.287627
11208	125.9978	-376.6902	502.688	0.0487788	0.735197	0.0622752	0.153749	0.2803972	0.04176683	0.1113833	0.3652038
11214	124.1333	-378.7843	502.9175	0.480741	0.40704	0.0270969	0.0851228	0.1310064	0.001048534	0.1990351	0.4439106
11220	113.4487	-388.6991	502.1478	0.407639	0.380028	0.108275	0.104058	0.0428012	0.0006488039	0.2724196	0.3928877
11226	117.9735	-385.3199	503.2935	0.300773	0.448587	0.127809	0.122831	0.2154823	0.0006577779	0.2765055	0.3786593
11232	108.0913	-395.0712	503.1626	0.266147	0.575241	0.0773587	0.0812536	0.3770424	0.003674572	0.2360747	0.3786593
11238	116.7611	-386.3964	503.1575	0.528471	0.391478	0.0103049	0.0697467	0.3770424	0.008104507	0.2830767	0.4774307
11244	105.6499	-396.8586	502.5086	0.609881	0.303067	0.0184611	0.0685908	0.4586444	0.0574832	0.216052	0.8535919
11250	115.0181	-387.5049	502.523	0.404821	0.412648	0.078746	0.103785	0.2373016	0.1464458	0.1254749	0.5333776
11256	113.1416	-389.9225	503.0641	0.580484	0.214317	0.0709505	0.134249	0.2586651	0.1559338	0.2360622	0.3852421
11262	117.3416	-385.3213	502.6629	0.570611	0.289038	0.0697438	0.0706071	0.4935667	0.08168182	0.2494151	0.7243746
11268	113.6349	-389.3945	503.0294	0.493288	0.290177	0.0924626	0.124073	0.1845539	0.09324424	0.2756809	0.5334268
11274	113.5798	-388.5172	502.0969	0.567715	0.178082	0.0467339	0.207469	0.6934379	0.25212	0.2756809	0.9507328
11280	115.5929	-386.4336	502.0265	0.553183	0.13103	0.0120714	0.303715	0.5076677	0.3654507	0.1738738	0.8471668
11286	119.5907	-382.3937	501.9844	0.0806961	0.6712	0.00844387	0.239661	0.5287076	0.3862141	0.1738509	0.8471668
11292	111.9995	-388.6286	500.628	0.270479	0.532636	0.00670071	0.190185	1.996618	0.5790989	0.160402	0.6146729
11298	121.9372	-378.9692	500.9063	0.183568	0.596091	0.00749899	0.212842	0.6200477	0.5276767	0.1025489	1.314395
11304	112.9243	-388.565	501.4892	0.592315	0.124332	0.0109853	0.272368	0.4259719	0.4394911	0.05869281	0.5482111
11310	119.0827	-383.5379	502.6205	0.537046	0.309856	0.0273772	0.12572	0.6113306	0.2263378	0.2369081	0.4843168
11316	116.2252	-383.6616	499.8868	0.505264	0.230073	0.0591654	0.205497	3.685666	0.3726493	0.1590928	0.5041271
11322	128.6127	-372.8278	501.4404	0.543244	0.150408	0.0684841	0.237864	1.598277	0.1411958	0.1436367	0.4826867
11328	120.8218	-382.0856	502.9074	0.288594	0.0874099	0.506542	0.117454	0.4036425	0.03257263	0.2117371	0.5337256
11334	121.2295	-380.204	501.4335	0.254717	0.0772969	0.564121	0.103865	2.132651	0.03301695	0.1850368	0.3235106
11340	120.8195	-381.0318	501.8513	0.197799	0.291135	0.0548922	0.456174	0.7500622	0.6792483	0.2548625	0.09254651
11346	118.749	-380.7608	499.5099	0.163704	0.208457	0.0393036	0.588536	3.417441	0.4684496	0.1773938	0.06433995
11352	117.2486	-384.5258	501.7745	0.715541	0.0491033	0.110338	0.125018	1.455758	0.03785929	0.1358537	0.2830255
11358	119.9721	-382.3537	502.3258	0.655416	0.0449772	0.148773	0.150834	0.5754901	0.3303756	0.1410741	0.3740528
11364	130.0518	-372.263	502.3148	0.753912	0.0347614	0.131751	0.0795755	0.3469735	0.1188462	0.07917142	0.345276
11370	129.2947	-373.5169	502.8116	0.620849	0.116614	0.191387	0.07115	0.4464508	0.1078778	0.1734396	0.3835195
11376	111.7554	-390.0167	501.7721	0.534674	0.335447	0.0805563	0.0493226	1.762009	0.08746538	0.2386751	0.3774022
11382	101.9522	-399.7725	501.7247	0.333029	0.434955	0.143906	0.0881102	0.7253973	0.6929246	0.220482	0.7430489
11388	118.6987	-384.1429	502.8415	0.606391	0.226796	0.120765	0.0460471	0.5595457	0.09356965	0.220482	0.4052019
11394	112.936	-390.2083	503.1444	0.090754	0.784652	0.0955827	0.0290109	0.1823792	0.2572827	0.3362287	0.242731
11400	107.0378	-394.2971	501.3348	0.596545	0.235932	0.0448419	0.122681	1.28209	0.5727523	0.1413698	0.4189605
11406	108.7573	-393.0935	501.8508	0.772005	0.140397	0.0212876	0.0663099	0.3112384	0.6059227	0.07641443	0.2809352
11412	112.4568	-388.3201	500.7769	0.71821	0.130614	0.0432056	0.10797	1.625702	0.287296	0.0641971	0.2333167
11418	110.4658	-391.4322	501.8981	0.72817	0.125998	0.0416786	0.104154	0.2860286	0.3842924	0.06137389	0.2556201
11424	121.3689	-380.7761	502.145	0.482826	0.258978	0.14914	0.109056	0.2860286	0.2093101	0.06667014	0.2435732
11430	123.9915	-377.6442	501.6357	0.45037	0.30879	0.139115	0.101725	0.5752526	0.4039698	0.06133716	0.2435732
11436	128.4994	-372.0168	500.5162	0.403492	0.11527	0.39926	0.081977	2.72046	0.2398197	0.1191875	0.330074
11442	126.7736	-375.261	502.0347	0.44186	0.0403309	0.437225	0.0805834	0.2749939	0.6164053	0.1539044	0.6898953
11448	117.8143	-384.5509	502.3653	0.423674	0.115272	0.394172	0.0668819	0.6452073	0.1256969	0.1802422	0.6396753
11454	109.4428	-391.3642	500.807	0.824823	0.0251391	0.0851228	0.0649154	0.6879807	1.045232	0.06355451	0.4253853
11460	121.9069	-377.6576	499.5645	0.110948	0.400122	0.293986	0.194944	3.0018	0.7433882	0.1492758	0.7824333
11466	121.1909	-380.0466	501.2375	0.0776969	0.392213	0.337446	0.192644	0.2040377	0.436061	0.1106321	1.425075
11472	124.0194	-376.0562	500.0756	0.119562	0.293558	0.442693	0.144187	1.593831	0.9207201	0.0762444	0.5719231
11478	122.1112	-379.2803	501.3915	0.146709	0.272085	0.447566	0.13364	0.3376168	0.8527587	0.1273603	0.9215809
11484	116.0159	-384.7338	500.7497	0.0866903	0.606698	0.132437	0.174174	1.556983	0.4945286	0.1155148	0.6858522
11490	130.7394	-371.0172	501.7566	0.0676136	0.670341	0.14633	0.115716	1.237526	0.04176666	0.108158	0.3556072
11496	125.8832	-376.7448	502.628	0.0237083	0.373643	0.473327	0.129321	0.2434156	0.06212757	0.09897378	0.261647
11502	129.2212	-372.9143	502.1355	0.412855	0.48588	0.0629564	0.038309	0.5988658	0.357867	0.1344446	0.4893837
11508	125.8053	-374.1055	499.9108	0.464055	0.400779	0.0800058	0.0551603	3.439524	0.4189458	0.3536687	0.9574068
11514	119.561	-377.2225	496.7835	0.0647473	0.793719	0.0034556	0.138078	12.72337	0.4392466	0.1163481	0.3148934
11520	118.0043	-380.4416	498.4459	0.610876	0.329604	0.00218177	0.0573389	8.673889	0.1733699	0.217662	0.4040732
11526	114.4538	-387.0753	501.529	0.558681	0.380109	0.00309155	0.0581178	1.272773	0.6002954	0.1954171	0.4217942
11532	109.8455	-390.0061	499.8516	0.450243	0.449524	0.000721776	0.0995107	2.677527	0.7445712	0.1022768	0.419482
11538	103.6578	-398.4605	502.1183	0.168693	0.670412	0.00309779	0.157797	1.253232	0.01167849	0.2140685	0.4971313
11544	106.4443	-396.2625	502.7068	0.144455	0.759008	0.00180914	0.0947278	0.1911665	0.3495056	0.3345293	0.6761746
11550	123.4933	-378.0997	501.5931	0.668517	0.254843	0.00837243	0.0682676	1.319969	0.04568873	0.1037717	0.419191
11556	121.0193	-381.0606	502.0799	0.27777	0.523864	0.0923656	0.106001	1.103659	0.02183048	0.1312568	0.3080027
11562	109.7131	-392.8791	502.5922	0.695823	0.0952881	0.0972654	0.111624	0.255427	0.1380212	0.108947	0.3460033
11568	106.5672	-394.7797	501.3469	0.727971	0.023651	0.13069	0.117688	0.7342863	0.4325961	0.05532092	0.2680668
11574	130.5263	-371.523	502.0493	0.655336	0.161724	0.0272958	0.155644	0.8091	0.4508378	0.169069	0.4160705
11580	125.8121	-376.2842	502.0962	0.620526	0.123659	0.136805	0.11901	0.3459113	0.3055956	0.08135832	0.4160705
11586	123.654	-376.8239	500.4779	0.492647	0.208018	0.20485	0.0944843	2.546257	0.3055956	0.106472	0.3261355
11592	122.3361	-378.2555	500.5916	0.532673	0.149706	0.154942	0.162679	2.546257	0.3441178	0.1647803	0.5212837
11598	130.9849	-371.7549	502.7398	0.577979	0.251559	0.108217	0.0622456	0.3671232	0.1164627	0.1344165	0.3149177
11604	129.2217	-373.0297	502.2514	0.355327	0.381635	0.152607	0.110431	0.3671232	0.02177933	0.06399488	0.2546098
11610	128.8196	-372.7282	501.5478	0.365641	0.301608	0.232731	0.10002	0.1636791	0.1627692	0.03501346	0.2315665
11616	123.1088	-377.6209	500.7298	0.266363	0.542467	0.133666	0.0575041	0.08474355	1.235803	0.07018408	0.298496
11622	132.2484	-370.0492	502.2976	0.196467	0.339579	0.369718	0.0942351	0.4647957	0.1893868	0.09225129	0.298496
11628	133.4079	-368.3382	501.7461	0.665422	0.136784	0.117857	0.0799368	0.9202893	0.01232786	0.07404135	0.4056868
11634	130.9817	-370.7333	501.715	0.287765	0.387208	0.227835	0.0971922	1.208842	0.06792258	0.2063711	0.8483473
11640	129.9357	-371.7164	501.6521	0.0778324	0.509186	0.299607	0.113375	1.672515	0.08133964	0.1654951	0.3484302
11646	129.3095	-372.3066	501.6161	0.189852	0.508684	0.218704	0.0827599	1.917477	0.08439808	0.2145409	0.3484302
11652	126.7694	-373.4319	500.2013	0.358144	0.467854	0.109127	0.0648751	3.549476	0.1477731	0.1568235	0.4769764
11658	132.8676	-369.4835	502.3511	0.334697	0.245135	0.263512	0.156656	0.7637532	0.1577832	0.1853963	0.5190376
11664	126.7709	-373.9596	500.7306	0.670331	0.0693631	0.0632725	0.197033	0.7786311	1.055325	0.08369379	0.6301552
11670	114.3083	-385.4221	499.7304	0.280999	0.482076	0.0614805	0.175445	0.2431011	1.169701	0.01393822	0.260915
11676	125.8886	-374.8257	500.7143	0.176003	0.547666	0.176628	0.0997025	0.194637	0.2658084	0.01604478	0.185543
11682	127.9059	-372.4662	500.3721	0.197097	0.554102	0.102326	0.146476	0.3170447	0.8802648	0.02118927	0.185543
11688	118.3181	-380.776	499.094	0.0667091	0.746053	0.0481609	0.139077	0.3170447	1.667799	0.01287576	0.3543596
11694	123.3932	-377.0891	500.4822	0.0109801	0.862191	0.04571	0.0811189	0.2148883	1.159489	0.03531388	0.4654036
11700	114.281	-387.3215	501.6025	0.0105292	0.764509	0.0110491	0.213913	0.2492797	0.5390128	0.05296514	0.3111698
11706	117.2829	-384.7405	502.0234	0.16851	0.552548	0.0137003	0.265242	0.2492797	0.3493944	0.0742145	0.4023239
11712	115.2765	-385.3222	500.5987	0.438004	0.305389	0.00263171	0.253975	0.1708563	1.069006	0.03372933	0.324004
11718	115.8802	-385.0416	500.9218	0.46984	0.256708	0.00101588	0.272435	0.2274346	0.8320629	0.03433014	0.2796676
11724	105.8382	-395.1002	500.9384	0.560623	0.124381	0.0181886	0.296808	0.8916219	0.7991125	0.09430003	0.6574399
11730	108.5085	-394.3856	502.894	0.259247	0.652962	0.0521407	0.03565	0.6711158	0.1539223	0.3998704	0.4126286
11736	126.6543	-375.9915	502.6458	0.377721	0.548529	0.0438014	0.0299482	0.8228458	0.1965502	0.2829383	0.3224382
11742	115.9859	-386.8598	502.8456	0.228947	0.606959	0.0974589	0.0666353	0.3726959	0.2488799	0.2433601	0.4802411
11748	125.2004	-376.997	502.1973	0.498501	0.302754	0.036422	0.162323	0.5508379	0.4851674	0.1414592	0.3755864
11754	124.3131	-377.5794	501.8925	0.45834	0.307247	0.0813732	0.15304	1.514706	0.06609846	0.2325433	0.4806132
11760	105.2474	-393.308	498.5554	0.355138	0.555346	0.0320295	0.057487	5.59586	0.6777853	0.1093309	0.3651585
11766	118.5101	-383.9117	502.4218	0.312219	0.191763	0.458596	0.0374215	0.1909078	0.3614389	0.1173371	0.3057463
11772	121.705	-380.9273	502.6323	0.111595	0.132178	0.69215	0.0640764	0.1608675	0.3388739	0.2167023	0.5246277
11778	112.3095	-388.4792	500.7887	0.660986	0.113924	0.12095	0.10414	1.881137	0.4897003	0.1820506	0.709318
11784	114.9298	-385.2053	500.1351	0.757977	0.0949268	0.0926975	0.0543991	1.65126	0.880422	0.133153	0.9316332
11790	119.9269	-379.1993	499.1261	0.0600118	0.336503	0.335062	0.268424	1.496393	1.097788	0.1190885	1.872586
11796	127.9259	-373.9635	501.8894	0.713079	0.0896101	0.0892264	0.108084	0.5689055	0.7332161	0.1619035	0.5223536
11802	127.8185	-374.7243	502.5428	0.590214	0.0770402	0.243284	0.0894611	0.4917492	0.2369982	0.1619035	0.4416402
11808	132.3663	-370.2755	502.6417	0.523215	0.18483	0.109206	0.182749	0.4136019	0.2972008	0.207855	0.5157612
11814	114.1913	-385.3634	499.5547	0.322261	0.28429	0.237692	0.155756	5.810741	0.02382007	0.2657643	0.5240055
11820	121.2436	-381.4614	502.705	0.496159	0.270034	0.200702	0.0331046	0.6359083	0.05057612	0.2023272	0.4601974
11826	126.326	-375.1431	501.4691	0.378045	0.425174	0.183	0.0137807	1.43859	0.4528747	0.1722104	0.3962739
11832	129.0822	-372.5321	501.6143	0.371896	0.418258	0.180024	0.0298223	1.382075	0.3578016	0.1722104	0.3962739
11838	117.5623	-384.6217	502.184	0.456694	0.34566	0.0826743	0.114972	0.4514811	0.4559195	0.1195293	0.3962739
11844	119.8986	-382.4629	502.3614	0.63672	0.21481	0.0968994	0.0515707	0.2744348	0.2987377	0.1007229	0.3538666
11850	117.1902	-385.1598	502.35	0.558829	0.264121	0.0929879	0.0840614	0.3375413	0.2764592	0.09561066	0.2844373
11856	112.6454	-388.5077	501.1531	0.723434	0.0473668	0.120378	0.108822	1.677803	0.08215317	0.08283014	0.2844373
11862	105.7038	-396.1443	501.8481	0.396783	0.255058	0.12744	0.220719	1.282457	0.02204258	0.118528	0.2641331
11868	106.6459	-394.8314	501.4774	0.465491	0.316142	0.0720668	0.1463	1.348661	0.4257899	0.1428303	0.3584268
11874	104.8646	-397.3717	502.2363	0.54315	0.368885	0.065559	0.0224054	0.9835261	0.08007771	0.1589568	0.371332
11880	106.299	-396.7672	503.0662	0.790776	0.132187	0.0574151	0.0196222	0.3741557	0.127217	0.2334773	0.3350351
11886	117.6353	-385.2061	502.8414	0.817589	0.136669	0.025455	0.0202875	0.5803322	0.08433965	0.2055151	0.3350351
11892	110.314	-391.9236	502.2377	0.518623	0.343398	0.0639591	0.0740203	0.5803322	0.5599129	0.1690691	0.3441332
11898	113.1686	-389.2211	502.3897	0.665048	0.134955	0.174202	0.0257946	0.7451545	0.1325599	0.14586	0.3441332
11904	105.0641	-397.5592	502.6233	0.67497	0.136968	0.176801	0.0112608	0.6434482	0.1672526	0.1831694	0.3323503
11910	92.5327	-409.1736	501.7063	0.66535	0.0200614	0.10967	0.204918	1.396488	0.2314672	0.1520929	0.3024318
11916	102.8991	-398.6737	501.5728	0.548031	0.0324436	0.278633	0.140893	1.191285	0.4383203	0.1315956	0.3242935
11922	100.2991	-401.0986	501.3977	0.647542	0.105138	0.134692	0.112628	0.1994724	0.8555572	0.06534979	0.3910978
11928	100.0831	-402.3563	502.4393	0.705969	0.0939498	0.0961911	0.10389	0.1592386	0.5027583	0.1954965	0.4898757
11934	120.4395	-382.1784	502.618	0.610323	0.10622	0.11995	0.163508	0.4023866	0.3020362	0.2608191	0.6593358
11940	121.3282	-381.5918	502.92	0.580098	0.225577	0.124048	0.0702769	0.3675486	0.1845966	0.2280033	0.4373884
11946	114.436	-386.1979	500.6339	0.322397	0.350221	0.319426	0.00795466	0.02276984	0.5748848	0.2706775	0.3708042
11952	119.9452	-383.0827	503.0279	0.566908	0.259535	0.116699	0.0568579	0.1212769	0.05313857	0.2527817	0.3610679
11958	121.4533	-380.3961	501.8494	0.462472	0.195897	0.298714	0.0429164	1.669643	0.07132079	0.2769259	0.474055
11964	120.8817	-381.7227	502.6045	0.424677	0.384711	0.140419	0.050193	0.2272875	0.5867644	0.333553	0.5695365
11970	126.0958	-376.1337	502.2295	0.388414	0.378087	0.179558	0.0539422	0.5964421	0.4605909	0.1425923	0.2940548
11976	130.9438	-371.9343	502.8781	0.535456	0.395335	0.0194492	0.0497597	0.7629748	0.06617052	0.3156112	0.3307256
11982	113.3061	-384.5622	497.8683	0.325674	0.432421	0.059192	0.182714	11.61658	0.1231759	0.3156112	0.4305729
11988	126.1665	-376.7418	502.9083	0.526529	0.200106	0.053433	0.219932	0.289892	0.02903779	0.1602565	0.4318051
11994	121.8506	-380.6474	502.498	0.522181	0.255041	0.0931016	0.129676	0.289892	0.3137165	0.1195488	0.3177647
12000	124.5739	-377.482	502.056	0.52486	0.202177	0.188945	0.0840175	0.289892	0.6047643	0.1265194	0.5420504
12006	123.2164	-378.9722	502.1886	0.53777	0.167416	0.222325	0.0724893	0.9810726	0.1361602	0.2057709	0.5420504
12012	106.3689	-396.1007	502.4695	0.629018	0.132746	0.19549	0.0427464	0.5037421	0.1722778	0.1269312	0.3872587
12018	112.098	-388.7117	500.8097	0.682307	0.113236	0.164341	0.0401164	2.097231	0.3388104	0.1213722	0.3933146
12024	107.5438	-391.1051	498.649	0.858729	0.0367593	0.0738063	0.0307053	5.2766	0.8138912	0.2377536	0.7871416
12030	114.1375	-388.3858	502.5233	0.199657	0.317336	0.402616	0.0803909	0.5760297	0.3403053	0.2484741	0.5291079
12036	112.5686	-389.3175	501.886	0.274497	0.120961	0.515399	0.0891433	0.7482805	0.613382	0.3726971	0.8523622
12042	112.2035	-388.5187	500.7223	0.0774947	0.482981	0.185692	0.253832	1.443414	0.6413196	0.07972021	0.356155
12048	118.5782	-383.4967	502.0749	0.586	0.174658	0.101118	0.138224	0.712993	0.398499	0.1601914	0.5125442
12054	120.5129	-382.1079	502.6209	0.482062	0.390046	0.0654815	0.0624106	0.1282985	0.1737181	0.3655399	0.8198412
12060	119.975	-382.4479	502.4229	0.451642	0.426669	0.0652338	0.0564553	0.08126173	0.3605472	0.3160827	0.5011315
12066	119.0819	-383.1986	502.2805	0.191251	0.639478	0.137597	0.0316737	0.08126173	0.3117756	0.2245247	0.533074
12072	121.1929	-380.3593	501.5522	0.342254	0.113136	0.423115	0.121495	1.408213	0.2060394	0.1492691	0.4973148
12078	128.3829	-373.6937	502.0766	0.647052	0.142075	0.098629	0.112244	0.6420087	0.3569211	0.1175404	0.3956346
12084	126.413	-376.0095	502.4225	0.521509	0.358953	0.014777	0.10476	0.4255897	0.1407785	0.1049432	0.3956346
12090	118.1693	-384.1519	502.3212	0.321641	0.530754	0.0147295	0.132875	0.5037302	0.455736	0.1754803	0.4880255
12096	124.6037	-377.417	502.0207	0.657144	0.219509	0.0114755	0.111872	0.6869616	0.500423	0.1479023	0.4343975
12102	121.0799	-381.3295	502.4094	0.659316	0.220234	0.0162226	0.104227	0.4111819	0.3947668	0.2762933	0.7870336
12108	123.7184	-376.9073	500.6257	0.659316	0.220234	0.0162226	0.104227	2.630838	0.3122174	0.2691447	0.7353396
12114	124.1896	-378.8267	503.0163	0.666547	0.22265	0.0180847	0.0927182	0.2784225	0.09458621	0.2017828	0.4061631
12120	118.1115	-382.4596	500.5711	0.666547	0.22265	0.0180847	0.0927182	3.438142	0.1915411	0.2277317	0.3301147
12126	120.6905	-380.6849	501.3754	0.616393	0.170463	0.137127	0.0760169	1.494949	0.5573838	0.2467808	0.5537726
12132	130.0519	-371.7837	501.8355	0.419563	0.310858	0.164135	0.105444	1.113928	0.4304229	0.1810175	0.3811864
12138	127.4263	-375.0005	502.4268	0.398545	0.44849	0.0916153	0.0613498	0.6917255	0.3055031	0.1908388	0.3790475
12144	125.4837	-376.5082	501.9919	0.642989	0.215914	0.0646282	0.0764683	1.470325	0.06774165	0.2117846	0.3465102
12150	118.4488	-383.3123	501.7611	0.826539	0.0651953	0.0495905	0.0586756	1.470325	0.2511782	0.3920559	0.6625223
12156	124.2648	-378.3451	502.6099	0.886871	0.0439153	0.0227627	0.046451	0.5820252	0.3374262	0.3316611	0.5606156
12162	120.5893	-381.2144	501.8037	0.638286	0.121051	0.0553072	0.185356	1.008126	0.1606227	0.3316611	1.083353
12168	131.5266	-370.4327	501.9594	0.558405	0.215002	0.0520737	0.174519	0.2201048	0.3190026	0.1805918	1.157875
12174	116.4148	-385.1868	501.6016	0.328894	0.208905	0.0959998	0.366201	0.2201048	0.4764684	0.1095744	0.9970535
12180	117.61	-383.0869	500.6969	0.448552	0.0857007	0.102036	0.363711	2.189375	0.074964	0.1881594	0.9970535
12186	118.9737	-382.3399	501.3136	0.320056	0.248761	0.0863442	0.344838	0.5489059	0.2800028	0.1615651	1.601995
12192	129.5799	-372.8763	502.4562	0.183669	0.576587	0.0833303	0.156414	0.3798916	0.2720977	0.1448362	0.5192134
12198	119.4742	-383.0332	502.5075	0.439292	0.435062	0.057333	0.0683128	0.597293	0.1972262	0.2204259	0.599487
12204	118.3468	-383.0656	501.4125	0.330185	0.0832961	0.488241	0.0982776	0.1932947	0.5860818	0.1689613	1.394018
12210	115.7827	-384.5048	500.2875	0.208785	0.43739	0.317968	0.0358576	0.2552731	0.2228142	0.2965404	4.223975
12216	114.3635	-386.8792	501.2427	0.253299	0.530644	0.172554	0.0435027	0.6205488	0.2098389	0.1787638	1.764514
12222	112.3316	-389.5415	501.873	0.393155	0.351385	0.0330754	0.222385	0.4519018	0.5556953	0.1909924	0.9221008
12228	123.3833	-378.4365	501.8198	0.21878	0.151173	0.534372	0.0956744	0.6844197	0.3114799	0.1262006	0.7055814
12234	121.4693	-380.3115	501.7808	0.610204	0.14578	0.0880854	0.155931	1.375745	0.1444279	0.1717739	0.4532979
12240	117.4348	-384.1153	501.55	0.330591	0.597284	0.0260359	0.0460892	1.789945	0.1748746	0.2521302	0.5287075
12246	125.1967	-376.9736	502.1703	0.158538	0.730971	0.0438044	0.0666869	0.6972142	0.430156	0.2034219	0.5537985
12252	117.1613	-381.5794	498.7407	0.162398	0.720922	0.044871	0.0718089	4.522933	0.6631845	0.07242048	0.2780556
12258	120.6562	-380.0272	500.6835	0.104172	0.451173	0.411229	0.0334258	0.6762005	0.9663336	0.04566736	0.3184886
12264	113.905	-384.8933	498.7983	0.124027	0.423944	0.285124	0.166906	3.038618	0.9845538	0.07189704	0.7134792
12270	109.8541	-391.4739	501.328	0.405989	0.222694	0.183908	0.187409	0.5527693	1.078281	0.1027114	0.4138641
12276	97.9348	-404.8173	502.7521	0.784957	0.0401949	0.112258	0.0625898	0.1023627	0.1032454	0.2108402	0.3970278
12282	98.8884	-403.8425	502.7309	0.815763	0.0417724	0.0774189	0.0650461	0.4806455	0.2273682	0.2784871	0.583436
12288	115.3321	-386.769	502.1012	0.474383	0.369398	0.0194932	0.136727	1.24252	0.06800644	0.23926	0.5285391
12294	119.1894	-383.0403	502.2297	0.66233	0.193136	0.0101919	0.134342	0.760327	0.5054907	0.2406691	0.4448896
12300	120.2284	-381.2511	501.4796	0.387048	0.547743	0.00459825	0.0606107	1.721436	0.2632825	0.2697512	0.5956509
12306	117.4266	-384.4587	501.8853	0.546745	0.402977	0.00568699	0.0445915	1.122682	0.3509375	0.2237046	0.5388537
12312	103.706	-398.6324	502.3385	0.173952	0.642183	0.0527939	0.131071	0.4587804	0.719495	0.2620612	0.4785419
12318	108.0553	-393.6791	501.7344	0.339936	0.437926	0.0982958	0.123842	1.17233	0.3769617	0.294047	0.7385227
12324	115.0864	-387.6268	502.7132	0.40665	0.228869	0.308047	0.0564341	0.4636673	0.02110222	0.1327587	0.3612018
12330	119.5593	-382.7273	502.2866	0.14954	0.243333	0.455153	0.151974	0.1068761	0.003704342	0.08495639	0.2986928
12336	122.5329	-378.9206	501.4536	0.0534525	0.517744	0.325749	0.103055	0.04467434	0.0003436014	0.08197518	0.2399491
12342	123.1696	-377.4008	500.5704	0.0469141	0.481237	0.339807	0.132042	1.87136	0.1670433	0.05535328	0.2399491
12348	118.9672	-383.0323	501.9995	0.314563	0.483339	0.0177542	0.184345	0.5505312	0.7990917	0.2168349	0.5471754
12354	127.1633	-373.6881	500.8514	0.231377	0.621533	0.0121311	0.134959	0.9828275	0.573167	0.05108761	0.3323733
12360	118.5135	-382.8809	501.3944	0.473866	0.46111	0.0158993	0.0491245	0.09907452	0.7162059	0.1273064	0.7772575
12366	125.2075	-375.5213	500.7288	0.383444	0.48854	0.0282273	0.099788	1.710001	0.4537599	0.139825	0.7586387
12372	116.0829	-385.5251	501.608	0.670753	0.0822014	0.238339	0.00870656	0.8652696	0.6353442	0.163973	0.5960605
12378	117.1006	-384.4913	501.5919	0.537716	0.184027	0.218386	0.0598703	0.6164264	0.7142127	0.1584891	0.7626458
12384	123.6072	-378.3199	501.9272	0.415372	0.144229	0.357846	0.0825527	0.6386347	0.2647324	0.1229369	0.6755633
12390	123.9121	-378.7519	502.664	0.446271	0.35627	0.0785341	0.118926	0.5572479	0.1628721	0.2084099	0.489764
12396	123.5653	-377.7578	501.3231	0.0935209	0.595212	0.123798	0.187469	1.073966	0.4511881	0.1095686	0.5619185
12402	115.5613	-386.2608	501.8221	0.090927	0.472786	0.395253	0.0410345	0.5751852	0.1989884	0.06002922	0.2546209
12408	120.6687	-381.3423	502.011	0.123533	0.670533	0.15381	0.0521244	0.756062	0.2423614	0.09975955	0.2839371
12414	113.1675	-389.8518	503.0193	0.200205	0.52893	0.212461	0.0584046	0.3674918	0.01450011	0.2899873	0.623182
12420	125.9827	-376.0136	501.9963	0.245621	0.462821	0.161701	0.129857	0.2707117	0.1243725	0.05103609	0.2709268
12426	123.8869	-377.054	500.9409	0.405427	0.179767	0.222937	0.191869	1.595338	0.3403856	0.08226446	0.3221185
12432	117.3619	-383.4526	500.8145	0.777855	0.0854223	0.10923	0.0274935	1.208487	0.854455	0.1237843	0.6284771
12438	123.3094	-376.0791	499.3885	0.365163	0.358132	0.0272397	0.249465	2.680955	0.5909399	0.05081928	0.4395278
12444	130.0442	-371.0235	501.0676	0.0789762	0.801224	0.00765024	0.112149	1.011059	0.3843904	0.05411527	0.3252643
12450	128.6023	-373.1963	501.7986	0.208304	0.588921	0.0201779	0.182598	0.5977965	0.4550427	0.0814128	0.2215457
12456	129.938	-371.2425	501.1805	0.214584	0.671787	0.0207862	0.0928432	0.9708304	0.4550427	0.07839976	0.5315961
12462	118.3336	-382.0802	500.4138	0.224263	0.458833	0.138778	0.178126	1.260346	0.9259134	0.07631061	0.524661
12468	122.9211	-378.6632	501.5844	0.886169	0.010294	0.0453406	0.0581959	0.5238143	0.7351103	0.1036364	0.5419058
12474	122.7874	-377.731	500.5184	0.292452	0.0158699	0.487372	0.204306	1.158555	0.6072993	0.1836782	1.516399
12480	126.756	-374.8121	501.5681	0.311978	0.0514605	0.314025	0.322537	0.1908032	0.3577998	0.05160774	0.5101318
12486	123.7251	-377.8711	501.5962	0.311978	0.0514605	0.314025	0.322537	0.4153591	0.4316971	0.07441506	0.6589721
12492	113.5268	-387.9254	501.4522	0.819901	0.0481353	0.0522782	0.0796859	0.4153591	0.8444707	0.08984518	0.5530013
12498	128.4424	-373.2955	501.7379	0.423579	0.172618	0.160422	0.24338	0.2537263	0.71585	0.08376983	0.4264554
12504	122.5141	-379.2155	501.7296	0.251889	0.479154	0.139168	0.129789	0.8211748	0.7068041	0.1765957	0.5003665
12510	113.9116	-385.2556	499.1672	0.227016	0.186306	0.335732	0.250946	3.587946	0.01647189	0.2236166	1.943151
12516	117.3834	-383.2289	500.6123	0.147496	0.0372625	0.551893	0.263349	1.297702	0.02863755	0.1955651	2.007331
12522	113.3224	-387.7512	501.0736	0.179102	0.0467982	0.693126	0.0809732	0.3246378	0.4984902	0.2587556	2.24666
12528	111.8334	-386.8202	498.6536	0.485325	0.0915369	0.351529	0.0716093	3.665506	0.376154	0.4181589	2.430141
12534	115.6703	-384.2804	499.9506	0.568379	0.107202	0.240555	0.083864	1.518859	0.5029851	0.4061602	2.430141
12540	106.4883	-394.7827	501.271	0.554443	0.322063	0.0915704	0.0319239	0.6699958	0.0239074	0.5364159	2.430141
12546	107.8437	-393.7394	501.5831	0.50465	0.170233	0.250886	0.0742321	0.8072743	0.007515202	0.3578131	1.765279
12552	114.257	-386.0708	500.3278	0.67627	0.195318	0.0904893	0.0379221	3.377539	0.3132362	0.3111966	0.650694
12558	121.5266	-380.162	501.6886	0.427764	0.238163	0.235416	0.0986577	1.113608	0.4360726	0.1395392	0.3303312
12564	119.7356	-381.9505	501.686	0.421165	0.27523	0.189592	0.114012	1.113608	0.2685912	0.1077798	0.2719945
12570	116.1536	-385.7178	501.8715	0.767673	0.0779272	0.0651716	0.0892281	0.0625072	0.297539	0.12986	0.3349029
12576	118.7575	-383.7588	502.5163	0.816999	0.0615918	0.0371478	0.0842617	0.07600273	0.08447861	0.187188	0.3390638
12582	126.0512	-376.3735	502.4247	0.436336	0.369593	0.0677807	0.126291	0.07600273	0.03687477	0.1795215	0.473515
12588	115.7964	-386.8291	502.6255	0.112074	0.666239	0.138084	0.0836028	0.1104392	0.2265751	0.1795215	0.3321199
12594	116.5308	-386.0233	502.5541	0.235761	0.389246	0.28021	0.0947821	0.6565492	0.1709919	0.1795215	0.3865841
12600	107.9581	-393.8857	501.8438	0.561538	0.310884	0.0163262	0.111252	1.078243	0.07625152	0.109301	0.4049625
12606	118.3458	-383.2979	501.6437	0.210707	0.695987	0.0481254	0.0451809	0.1284326	0.9015295	0.1123463	0.4049625
12612	113.6547	-388.7811	502.4358	0.510839	0.325399	0.116675	0.0470866	0.3977844	0.2545467	0.1234434	0.4216168
12618	107.4412	-394.6948	502.136	0.479109	0.255221	0.15141	0.11426	1.20501	0.03965837	0.1663773	0.2991478
12624	108.5055	-392.8083	501.3138	0.0489787	0.466203	0.276104	0.208715	0.7137299	0.5284706	0.07857322	0.5913981
12630	113.8536	-386.9834	500.837	0.0395449	0.376407	0.415534	0.168514	1.201212	0.5636116	0.07857322	0.5433443
12636	111.6248	-388.2538	499.8786	0.157558	0.649647	0.113201	0.0795935	3.408976	0.1596103	0.07857322	0.2681652
12642	118.1918	-383.3586	501.5504	0.0837853	0.73313	0.1075	0.0755848	0.7356559	0.3573874	0.0651251	0.3088739
12648	129.768	-371.8668	501.6348	0.126467	0.7108	0.0916758	0.0710565	0.07856199	0.4201614	0.08438671	0.3088739
12654	123.3158	-379.253	502.5688	0.38915	0.373633	0.133637	0.10358	0.3843979	0.1343232	0.1091943	0.2623805
12660	126.3428	-375.7865	502.1293	0.388715	0.38555	0.133485	0.09225	0.3843979	0.089016	0.0614301	0.2215923
12666	120.4525	-381.8915	502.344	0.112938	0.426768	0.377376	0.0829171	0.5574944	0.03387279	0.09033174	0.296226
12672	101.1479	-400.4996	501.6476	0.145961	0.259159	0.487719	0.107162	0.3992516	0.3027096	0.1081404	1.043951
12678	118.165	-383.8623	502.0273	0.129904	0.12158	0.613679	0.134838	0.3712261	0.4464776	0.1214034	0.6455889
12684	127.1359	-374.1897	501.3257	0.179338	0.275291	0.281491	0.26388	0.5147987	0.6681252	0.08587415	0.7153152
12690	129.8539	-372.897	502.7509	0.181812	0.582982	0.0973096	0.137896	0.3476734	0.1260072	0.1330246	0.2787645
12696	122.7632	-379.5023	502.2656	0.436304	0.318599	0.180639	0.0644574	0.4399726	0.2171968	0.08945313	0.3039924
12702	123.0536	-378.3893	501.4429	0.519401	0.200985	0.211221	0.0683929	1.130949	0.3287119	0.08945313	0.3158794
12708	139.8709	-361.9899	501.8608	0.315974	0.409449	0.135246	0.139331	0.2172943	0.4542652	0.06640805	0.342259
12714	136.7049	-365.3282	502.0332	0.238262	0.553265	0.12809	0.0803832	1.075052	0.2305361	0.181609	0.4306767
12720	135.0235	-367.8923	502.9158	0.161532	0.50943	0.202167	0.126871	0.5102337	0.09450186	0.2894968	0.5207825
12726	120.5531	-381.5259	502.079	0.379727	0.418237	0.0691156	0.13292	1.370204	0.07044808	0.2871103	0.5183642
12732	125.158	-377.622	502.7801	0.358114	0.394432	0.140926	0.106528	0.1561886	0.06027187	0.1342665	0.2751231
12738	126.4749	-375.4947	501.9696	0.319092	0.537691	0.0482965	0.09492	0.1297105	0.3989716	0.08187755	0.292461
12744	117.8008	-382.4822	500.283	0.397435	0.461523	0.0414549	0.0995877	1.884725	0.7493889	0.09103491	0.4489715
12750	118.7297	-382.1913	500.921	0.499322	0.408364	0.0366801	0.0556331	1.925666	0.3285113	0.106736	0.2624549
12756	128.2822	-372.447	500.7292	0.447925	0.396728	0.0314612	0.123886	1.925666	0.1890166	0.07140576	0.2624549
12762	128.3512	-369.1984	497.5496	0.40818	0.484536	0.0213455	0.0859389	6.861246	0.8737562	0.07140576	0.3459013
12768	116.3344	-384.9346	501.269	0.165599	0.607541	0.138014	0.0888458	1.182078	0.3584048	0.07804308	0.2606159
12774	118.4827	-384.0629	502.5456	0.56983	0.198967	0.160525	0.0706782	0.3512524	0.1252479	0.1029129	0.2994049
12780	114.3069	-388.1586	502.4655	0.399739	0.368695	0.106087	0.12548	0.5329122	0.449678	0.2186321	0.4525553
12786	126.9828	-375.7948	502.7776	0.463379	0.407494	0.0591564	0.0699701	0.5227054	0.1067219	0.1814583	0.3703071
12792	131.4249	-370.5062	501.9311	0.45674	0.412306	0.0398066	0.0911465	0.9700924	0.1528427	0.1449859	0.5646426
12798	130.4101	-371.2549	501.665	0.55961	0.267568	0.108298	0.0645236	1.67231	0.09928725	0.1696481	0.325769
12804	125.3652	-376.85	502.2153	0.55961	0.267568	0.108298	0.0645236	0.5394225	0.3644578	0.147894	0.5330513
12810	128.9303	-372.4559	501.3863	0.643979	0.214784	0.0403548	0.100882	1.431857	0.5256371	0.181567	0.452647
12816	120.1847	-381.5454	501.7302	0.584323	0.207819	0.130795	0.0770632	0.9713797	0.1461331	0.2964458	1.169486
12822	118.6667	-382.0268	500.6935	0.422838	0.305155	0.192056	0.0799508	1.830611	0.4375742	0.2041335	0.9566146
12828	106.1658	-392.4394	498.6051	0.382262	0.46823	0.0201745	0.129334	7.291828	0.2383574	0.2783181	0.7345148
12834	111.864	-389.5972	501.4613	0.409592	0.426111	0.0707247	0.0935718	2.106618	0.1130054	0.2490583	0.42895
12840	111.3541	-389.762	501.1161	0.615029	0.207585	0.0368824	0.140504	2.106618	0.2213054	0.3066871	0.7505427
12846	114.0443	-386.8145	500.8588	0.735772	0.138771	0.0315297	0.0939271	0.9425803	0.6456907	0.2414483	1.507139
12852	124.7926	-376.8276	501.6202	0.518832	0.282208	0.0718881	0.127072	0.6241457	0.7170654	0.1176581	0.5191161
12858	130.1396	-371.423	501.5625	0.178858	0.447753	0.185976	0.187412	0.290311	0.5619997	0.05664903	0.4092149
12864	114.8397	-386.1037	500.9434	0.272548	0.599281	0.06473	0.0634409	2.053997	0.4399164	0.2184114	0.5895535
12870	120.007	-379.738	499.7451	0.195629	0.384044	0.37534	0.0449871	2.09476	0.2876629	0.2084427	1.999136
12876	118.18	-382.7693	500.9493	0.187873	0.270171	0.36046	0.181496	1.321365	0.06072208	0.2141339	1.582808
12882	118.4439	-383.4398	501.8837	0.682894	0.0607163	0.172373	0.0840167	0.9535488	0.2456536	0.2141339	0.776024
12888	120.1983	-381.3997	501.598	0.345495	0.2265	0.246129	0.181876	0.09269625	0.6227769	0.0945414	0.3933442
12894	117.6397	-385.1235	502.7632	0.370421	0.209982	0.250985	0.168612	0.2437803	0.1753484	0.1409757	0.3216561
12900	117.3341	-384.5474	501.8814	0.530959	0.160849	0.0789666	0.229226	0.1858377	0.3203418	0.05821524	0.2888829
12906	119.2268	-381.9469	501.1737	0.459565	0.381207	0.0937134	0.0655154	0.1703491	1.207662	0.1072969	0.6427096
12912	130.9684	-369.7365	500.7049	0.420276	0.348617	0.099311	0.131797	0.9830074	0.8035788	0.05623375	0.3348928
12918	122.9255	-379.4805	502.406	0.457184	0.337802	0.0880982	0.116916	0.4864527	0.01116791	0.08601403	0.2707616
12924	114.4541	-387.6445	502.0986	0.453193	0.393013	0.0378977	0.115896	0.4302955	0.1826153	0.07414627	0.3858366
12930	122.3654	-377.3347	499.7001	0.275317	0.619658	0.0346178	0.0704072	2.384601	0.8081552	0.07414627	0.4374734
12936	119.2823	-380.3021	499.5844	0.514579	0.256726	0.0377247	0.19097	2.326451	0.8682773	0.05886011	0.2870265
12942	113.7942	-388.0082	501.8025	0.568559	0.325107	0.0791896	0.0271442	0.5608768	0.5668273	0.08893678	0.2335423
12948	119.1682	-381.7745	500.9427	0.342809	0.455316	0.0938041	0.108071	2.173393	0.1204365	0.1105575	0.3367589
12954	123.5806	-377.1767	500.7573	0.605705	0.318568	0.0183115	0.0574156	1.412288	0.6418577	0.07926862	0.3367589
12960	120.1685	-377.0808	497.2493	0.469772	0.38714	0.0439129	0.0991754	9.121915	0.6228529	0.1462209	0.7605275
12966	129.7483	-372.9818	502.73	0.0940075	0.475411	0.308793	0.121788	0.561802	0.01282878	0.1514203	0.3426792
12972	113.0816	-389.0723	502.154	0.325707	0.217152	0.196225	0.260917	0.05823305	0.06541029	0.186917	0.4849782
12978	106.7891	-394.5638	501.353	0.710826	0.0204793	0.132309	0.136386	0.4542832	0.3081171	0.03533822	0.2638057
12984	116.3141	-381.4582	497.7723	0.814777	0.0306652	0.122336	0.0322218	8.968379	0.2904484	0.09987458	0.2930346
12990	127.9535	-374.0586	502.0121	0.377285	0.0531401	0.464337	0.105238	0.661925	0.1632537	0.08063879	0.2930346
12996	121.6917	-379.2086	500.9004	0.389308	0.240421	0.107591	0.26268	0.3723397	0.6651213	0.02981702	0.2930346
13002	119.8053	-381.5977	501.4029	0.104006	0.682341	0.131954	0.081699	0.3723397	0.7721241	0.05847035	0.308269
13008	122.5146	-379.2873	501.8019	0.0300515	0.835086	0.0433157	0.0915465	1.011458	0.2407122	0.106155	0.2742103
13014	122.1456	-379.8534	501.999	0.0220478	0.879008	0.0317793	0.0671646	1.202236	0.0752755	0.1549289	0.3860645
13020	117.9672	-384.2568	502.224	0.0866252	0.836164	0.0171637	0.0600471	0.6419108	0.105715	0.09388382	0.2637391
13026	103.8166	-395.6951	499.5118	0.266982	0.195927	0.393033	0.144058	3.699719	0.7294093	0.1600271	0.5188666
13032	114.0418	-388.3593	502.4012	0.771238	0.0239715	0.102036	0.102755	0.7326315	0.2080385	0.1914481	0.4711285
13038	95.8535	-406.2574	502.1109	0.48167	0.0321711	0.348256	0.137903	1.270881	0.01755122	0.2921555	0.632544
13044	111.0123	-388.3201	499.3324	0.695779	0.0366237	0.13349	0.134107	4.946699	0.01328062	0.1215153	0.6161434
13050	118.1189	-384.6322	502.7511	0.578994	0.152981	0.0991984	0.168826	0.4799198	0.02457972	0.1892988	0.5599705
13056	118.6134	-379.7535	498.3669	0.4128	0.10907	0.30901	0.169121	6.06466	0.4202135	0.09068026	0.4924073
13062	114.1385	-386.8851	501.0236	0.609871	0.153766	0.109516	0.126847	1.962502	0.4666556	0.2482085	0.6181148
13068	119.1914	-383.1796	502.371	0.62089	0.154713	0.111494	0.112904	0.3307832	0.4689933	0.1397764	0.4112187
13074	115.1491	-379.0518	494.2009	0.153155	0.59782	0.159128	0.0898973	20.05298	0.9606636	0.06604983	0.5729958
13080	126.9613	-374.9649	501.9262	0.0533329	0.384892	0.469506	0.0922696	1.011061	0.2991234	0.1365912	0.3007965
13086	120.3297	-377.7165	498.0461	0.0365099	0.544915	0.146256	0.272318	8.396095	0.1847395	0.1299635	0.5411692
13092	121.8783	-379.8757	501.7539	0.027221	0.639533	0.0136437	0.319603	0.9745988	0.3335948	0.14175	0.5411692
13098	116.6611	-385.1784	501.8395	0.00729294	0.69731	0.0120941	0.283303	1.72024	0.07234654	0.2542031	0.3939426
13104	103.0768	-398.5142	501.591	0.454428	0.242103	0.101756	0.201713	0.4604164	0.7569898	0.07972262	0.3400602
13110	119.568	-381.0877	500.6557	0.616348	0.225	0.080105	0.0785466	1.807939	0.3501907	0.07108878	0.2634778
13116	130.6637	-371.4349	502.0986	0.2974	0.57986	0.0235888	0.0991508	0.7561826	0.0324873	0.08801944	0.3283159
13122	116.4028	-385.5905	501.9934	0.518034	0.260487	0.0564317	0.165047	0.8335734	0.3334846	0.1319858	0.3854886
13128	116.4979	-384.3975	500.8953	0.494173	0.248489	0.0626791	0.19466	0.6946779	0.8102762	0.06143271	0.5383995
13134	117.7705	-383.6929	501.4634	0.27545	0.528519	0.0827386	0.113292	0.3203833	0.7704084	0.136138	0.9905282
13140	114.0352	-388.3262	502.3614	0.353482	0.454533	0.105213	0.0867719	0.2902551	0.3780278	0.1561842	0.6115993
13146	120.4954	-382.7513	503.2466	0.411768	0.450819	0.0753064	0.0621071	0.2902551	0.03946072	0.2810928	0.3991109
13152	115.9735	-385.3696	501.3431	0.0767497	0.663032	0.168875	0.0913427	2.194579	0.1934196	0.4119617	0.5819014
13158	120.7531	-380.6297	501.3829	0.0428367	0.763783	0.0852309	0.10815	1.362004	0.4216834	0.2056276	0.6918254
13164	118.3811	-384.3263	502.7074	0.055668	0.773572	0.0612245	0.109536	0.5177933	0.1821312	0.2315251	0.5263504
13170	118.9003	-381.3465	500.2468	0.34266	0.480284	0.0399412	0.137115	2.252751	0.7134157	0.1295074	0.5263504
13176	108.3957	-388.0141	496.4098	0.233744	0.564398	0.0946491	0.107209	9.722943	1.006021	0.06847195	0.4570172
13182	112.6538	-385.7073	498.361	0.117914	0.251035	0.532848	0.0982035	6.627477	0.2081021	0.07364931	0.2533538
13188	118.1606	-383.5876	501.7481	0.198615	0.422846	0.213123	0.165415	0.6295063	0.3615706	0.08805219	0.5104848
13194	129.023	-371.5935	500.6165	0.281674	0.561496	0.101092	0.0557377	1.48624	0.6285111	0.07296123	0.3647492
13200	119.4888	-379.6225	499.1113	0.332338	0.253683	0.097863	0.316115	2.296236	1.087356	0.07140165	0.7661173
13206	121.5866	-379.6856	501.2722	0.335998	0.246414	0.344089	0.073499	2.162094	0.05538619	0.1539377	0.3157497
13212	121.7007	-380.4377	502.1384	0.138532	0.379151	0.397425	0.0848919	0.4955386	0.4187131	0.2120472	0.8174752
13218	118.1572	-384.4689	502.6261	0.143991	0.601921	0.119317	0.13477	0.3889728	0.2239072	0.2120472	0.6325272
13224	110.8893	-391.0395	501.9288	0.455752	0.223497	0.109258	0.211493	0.3956608	0.4556476	0.1107676	0.6450872
13230	112.5258	-389.6167	502.1424	0.247506	0.487313	0.102346	0.162835	0.437592	0.6738834	0.1391333	0.3253766
13236	116.1043	-386.451	502.5552	0.0824724	0.584394	0.0698477	0.263286	0.3380981	0.07434287	0.09829918	0.3259804
13242	121.3835	-378.4134	499.7969	0.184736	0.256274	0.0817445	0.477246	0.05698785	0.1060893	0.2677243	3.754539
13248	121.6069	-380.2159	501.8228	0.407551	0.314669	0.0471499	0.23063	0.4489517	0.06499945	0.2925195	1.768911
13254	107.4306	-393.7864	501.217	0.434892	0.303869	0.156702	0.104536	0.8543765	0.6137553	0.261761	1.287225
13260	115.5472	-384.5618	500.1089	0.125892	0.542912	0.00711127	0.324084	1.303047	0.3818944	0.1910491	2.185835
13266	108.4285	-388.3508	496.7793	0.482137	0.288145	0.0204387	0.209279	10.7648	0.3244234	0.09574657	0.7654869
13272	124.7952	-373.5109	498.3061	0.523485	0.216647	0.0114156	0.248453	2.065372	0.7416135	0.1136892	2.869233
13278	131.033	-370.7429	501.7759	0.00775747	0.74115	0.039053	0.21204	0.05499172	0.1873602	0.1168132	0.3191042
13284	120.9435	-379.7213	500.6648	0.0212706	0.743466	0.10478	0.130483	2.342161	0.5391531	0.161372	0.3614648
13290	102.6146	-398.1011	500.7156	0.15928	0.348385	0.262059	0.230276	1.608903	0.1094355	0.1150799	1.047275
13296	118.0051	-384.4735	502.4786	0.368624	0.25488	0.190335	0.186161	0.3615059	0.0245528	0.1060267	0.5239332
13302	111.6311	-390.2911	501.9222	0.368787	0.239486	0.190419	0.201308	0.8784394	0.07100487	0.1445602	0.7373198
13308	115.9791	-384.2805	500.2596	0.0485512	0.656639	0.0516973	0.243113	3.714112	0.08135151	0.1445602	0.3013586
13314	121.0683	-380.9051	501.9735	0.0632543	0.713077	0.0512856	0.172383	0.5237796	0.5027174	0.1030504	0.3676899
13320	117.5944	-383.6808	501.2751	0.190983	0.615847	0.0442927	0.148878	1.136649	0.6125235	0.1266896	0.4997967
13326	109.9336	-391.3317	501.2654	0.021752	0.335521	0.534935	0.107792	0.09471519	0.7315206	0.1217687	0.8242403
13332	113.2347	-389.6156	502.8503	0.599944	0.0433999	0.27903	0.0776264	0.2999557	0.07182049	0.1442933	0.3566284
13338	118.914	-383.1124	502.0264	0.562891	0.0606826	0.225014	0.151413	0.4611417	0.3759715	0.08758569	0.3729738
13344	126.4007	-372.438	498.8387	0.477031	0.20396	0.190692	0.128317	4.705716	0.8113727	0.1542812	0.5930546
13350	105.6652	-396.122	501.7872	0.172029	0.506298	0.204632	0.11704	0.8968584	0.0972605	0.07576318	0.2595169
13356	112.8417	-388.5376	501.3793	0.307554	0.237583	0.289362	0.165501	0.7985343	0.4821103	0.06667021	0.3099422
13362	114.355	-387.4532	501.8082	0.126422	0.318575	0.388006	0.166998	0.4488874	0.4067973	0.06490532	0.2399854
13368	122.6481	-380.3498	502.9979	0.0347171	0.850961	0.0934408	0.0208814	0.217178	0.1945882	0.2263842	0.3821684
13374	118.5026	-382.1508	500.6534	0.268786	0.569355	0.0233865	0.138473	1.938676	0.117577	0.2468517	1.355131
13380	118.6282	-380.9395	499.5677	0.16846	0.606817	0.0839559	0.140767	2.303105	0.6775754	0.164018	1.374038
13386	119.8441	-380.1782	500.0223	0.498473	0.0366771	0.218318	0.246531	0.7437979	0.8700749	0.0747404	1.483103
13392	120.0913	-381.138	501.2293	0.538323	0.0318944	0.113207	0.316575	0.4665577	0.4753504	0.0747404	0.9264394
13398	107.5388	-393.9482	501.4869	0.345646	0.116964	0.0755509	0.461838	0.2811305	0.4936255	0.1025358	1.044514
13404	117.9013	-383.0255	500.9268	0.186046	0.45235	0.0496412	0.311963	0.626102	0.9896278	0.1019118	0.8113095
13410	123.8918	-377.0249	500.9167	0.442914	0.213352	0.0328587	0.310875	0.07047369	0.04845791	0.1019118	1.509051
13416	131.2045	-371.155	502.3595	0.714244	0.0456485	0.0743807	0.165727	0.07047369	0.03435685	0.1867059	0.4989838
13422	125.7162	-375.9311	501.6472	0.320229	0.104252	0.313894	0.261625	0.788754	0.3573917	0.08076806	0.3598588
13428	131.1159	-371.653	502.7689	0.255481	0.109472	0.584079	0.0509687	0.4153371	0.05937994	0.1409466	0.3525248
13434	123.6244	-378.8433	502.4677	0.42502	0.422831	0.067358	0.0847919	0.1481691	0.5059947	0.1950703	0.4279149
13440	114.9263	-385.9027	500.829	0.401366	0.193298	0.237146	0.168191	1.484128	0.635618	0.1926338	0.8756797
13446	123.6791	-379.0232	502.7023	0.255901	0.545154	0.0816272	0.117318	0.5728603	0.006238809	0.2502882	0.6837993
13452	122.3366	-379.8076	502.1443	0.317169	0.374331	0.219872	0.0886274	1.12849	0.1976249	0.2282264	0.4363783
13458	120.2507	-380.0198	500.2704	0.277708	0.423319	0.193618	0.105355	3.910621	0.1137663	0.1923255	0.3740569
13464	127.0033	-374.4597	501.4631	0.138927	0.714067	0.117889	0.0291169	1.555796	0.4201944	0.1923255	0.405531
13470	115.9638	-386.5819	502.5458	0.690825	0.282887	0.0251721	0.00111588	0.4977485	0.4619123	0.3138078	0.5666163
13476	116.1458	-384.1675	500.3133	0.599933	0.379168	0.020232	0.000667034	4.060639	0.11002	0.5165264	0.6079517
13482	122.1179	-380.2876	502.4055	0.894047	0.0918406	0.0136623	0.000450434	0.5569206	0.1163191	0.1341916	0.5034106
13488	105.8819	-396.8188	502.7006	0.737681	0.246543	0.0091282	0.00664769	0.5605203	0.01334237	0.1393891	0.2864132
13494	122.1813	-380.2597	502.441	0.74508	0.216147	0.00921976	0.0295534	0.3148825	0.05971414	0.08084609	0.2864132
13500	105.629	-396.7571	502.386	0.807967	0.129697	0.0148228	0.0475136	0.4470569	0.2955125	0.1147505	0.2864132
13506	104.1349	-397.467	501.6019	0.376747	0.420938	0.0481079	0.154207	0.5538809	0.4122542	0.05848225	0.2864132
13512	110.8255	-391.0149	501.8403	0.465733	0.315169	0.0923231	0.126775	0.4729383	0.1430969	0.05138439	0.2751456
13518	118.2562	-384.162	502.4182	0.275856	0.421759	0.173935	0.12845	0.3467465	0.2257073	0.09812026	0.2751456
13524	109.74	-392.0514	501.7914	0.428284	0.0536038	0.441215	0.0768969	0.8400104	0.2612663	0.08670919	0.2791546
13530	118.6681	-382.83	501.4981	0.333465	0.0449563	0.50111	0.120469	0.4318756	0.5046807	0.05035454	0.2791546
13536	117.3895	-385.4931	502.8825	0.36337	0.302013	0.269764	0.0648523	0.1503575	0.2332447	0.2204362	0.3466202
13542	126.2762	-374.1049	500.3812	0.644812	0.0973263	0.00914442	0.248718	0.6132754	0.8907074	0.02960331	0.3819818
13548	127.2803	-370.1534	497.4337	0.157142	0.036795	0.706972	0.0990912	4.791705	1.000348	0.02942616	0.3459037
13554	124.9637	-376.2585	501.2222	0.115831	0.426861	0.40109	0.0562178	0.6607485	0.1729631	0.03378751	0.207126
13560	140.8362	-361.3245	502.1607	0.293286	0.455899	0.101651	0.149164	0.4587344	0.1202648	0.07083047	0.2656748
13566	122.2111	-377.0508	499.2619	0.0720992	0.531609	0.122144	0.274148	2.477298	0.9191939	0.04846615	0.2689735
13572	123.041	-377.9052	500.9461	0.0827634	0.548073	0.19149	0.177674	1.090458	0.5607936	0.06709618	0.4022171
13578	121.4866	-378.9067	500.3933	0.136478	0.413351	0.0714174	0.378754	0.7173607	1.041984	0.06709618	0.8459474
13584	116.1115	-385.2357	501.3473	0.636504	0.191646	0.0295036	0.142346	0.4601825	1.041984	0.1022186	0.5243196
13590	129.3163	-373.526	502.8423	0.588046	0.268353	0.0260875	0.117514	0.4601825	0.130035	0.3163486	0.6379781
13596	120.5822	-379.9343	500.5165	0.171576	0.386709	0.140689	0.301026	0.9736268	0.4977347	0.1611057	1.766311
13602	128.1912	-372.1108	500.3021	0.508421	0.274193	0.0655024	0.151883	2.938148	0.4832725	0.2447664	0.654169
13608	130.3356	-368.8232	499.1588	0.488716	0.263566	0.0630309	0.184688	4.541659	0.4059188	0.1469352	0.7124201
13614	128.184	-372.9095	501.0935	0.615188	0.0688973	0.0421537	0.27376	1.699298	0.09854683	0.1579505	0.83969
13620	115.2034	-386.015	501.2183	0.640852	0.0281492	0.0439122	0.287086	0.3632927	0.1317273	0.1614002	2.134048
13626	118.1246	-384.4879	502.6124	0.405924	0.291097	0.182022	0.120957	0.565982	0.3222089	0.2031975	0.3339413
13632	121.5494	-379.0017	500.5511	0.482882	0.0990992	0.0765569	0.341462	0.2452176	0.3514625	0.2031975	3.123831
13638	119.7837	-377.2148	496.9985	0.338322	0.109705	0.0227645	0.529209	0.7314917	0.4965546	0.1294838	10.29369
13644	126.5143	-370.425	496.9393	0.334391	0.133976	0.0085708	0.523062	0.3638224	0.4679471	0.1682825	12.94664
13650	130.5793	-368.9548	499.5341	0.653281	0.050988	0.00697597	0.288755	0.7110819	0.622299	0.1828254	3.645056
13656	126.2126	-373.5141	499.7267	0.577479	0.0264449	0.0117244	0.384352	0.7802597	0.5467035	0.1223646	2.82414
13662	122.4915	-377.8183	500.3098	0.470071	0.0216287	0.0082289	0.500072	1.551401	0.2900223	0.1618646	1.621768
13668	114.4661	-386.2657	500.7319	0.675071	0.0156006	0.00593544	0.303393	1.633028	0.6076349	0.1944812	0.8802487
13674	122.7887	-377.2457	500.0344	0.894765	0.018588	0.00786705	0.0787799	1.633028	0.6254688	0.1944812	1.609484
13680	117.0688	-383.4543	500.523	0.862118	0.0037506	0.00758001	0.126551	1.496066	0.5213985	0.1658791	1.192726
13686	118.1801	-382.2032	500.3833	0.83394	0.00263913	0.00316267	0.160259	2.225499	0.4474473	0.08868497	0.3637692
13692	120.0468	-381.3975	501.4442	0.656733	0.0192485	0.149624	0.174395	1.259775	0.3458711	0.1183322	0.4260243
13698	117.6907	-384.1816	501.8724	0.687336	0.0151658	0.0558743	0.241624	0.8840152	0.28606	0.1183322	0.4257158
13704	111.5509	-390.3178	501.8687	0.662059	0.051812	0.0533909	0.232738	1.077127	0.2485366	0.1456044	0.4257158
13710	115.5013	-387.2941	502.7954	0.715274	0.173591	0.0307855	0.0803495	0.5008972	0.1478987	0.233776	0.4947691
13716	107.8515	-394.9285	502.78	0.797447	0.0932226	0.0207598	0.0885707	0.5008972	0.156415	0.211066	0.4428521
13722	121.0091	-381.6529	502.662	0.829628	0.0178432	0.00629813	0.14623	0.4633128	0.1798116	0.1563097	0.3733103
13728	116.546	-385.2538	501.7999	0.821001	0.023402	0.00232269	0.153274	0.4633128	0.2002265	0.1788196	1.311241
13734	114.2857	-386.5111	500.7968	0.596859	0.132267	0.0158518	0.255021	0.9806317	0.2656748	0.2157642	1.929351
13740	110.9072	-389.6664	500.5736	0.540172	0.135581	0.0143463	0.3099	1.129624	0.8549932	0.1448746	1.044536
13746	115.4333	-386.1387	501.572	0.778502	0.0610255	0.0209859	0.139487	0.3081238	0.4522917	0.1448746	1.260592
13752	122.9514	-379.5606	502.512	0.764006	0.0189222	0.039896	0.177175	0.3081238	0.2948469	0.1369454	0.4452159
13758	118.127	-383.9367	502.0638	0.751561	0.0349038	0.0392461	0.174289	0.3081238	0.4517233	0.1369454	0.728317
13764	126.5164	-375.4704	501.9868	0.378882	0.359443	0.0543188	0.207356	0.2025398	0.4732784	0.07799257	0.3139106
13770	122.0291	-378.9013	500.9304	0.35753	0.441497	0.0512577	0.149715	0.9740346	0.7600073	0.07302102	0.407702
13776	129.4806	-372.1194	501.6	0.489537	0.253581	0.0518903	0.204992	0.4195437	0.4114172	0.08061537	0.7349002
13782	128.3536	-373.1077	501.4613	0.620909	0.178182	0.0364615	0.164447	0.2216278	0.5895035	0.05133516	0.3943925
13788	120.4021	-381.2912	501.6933	0.515021	0.0140351	0.225741	0.245203	0.2887389	0.008742863	0.1136717	1.426728
13794	120.1637	-380.3211	500.4848	0.0746332	0.0338478	0.427339	0.46418	1.805692	0.006527631	0.1214367	1.272268
13800	120.1135	-380.7525	500.866	0.271957	0.223211	0.271684	0.233148	0.9548043	0.01827113	0.1147996	1.646571
13806	126.423	-375.16	501.5831	0.0637279	0.29688	0.36135	0.278042	0.7507299	0.01147328	0.2063175	1.532829
13812	113.8438	-383.1957	497.0395	0.0848356	0.0870931	0.393698	0.434373	4.039176	0.01147328	0.2105865	5.334714
13818	115.1519	-385.0237	500.1756	0.123458	0.479015	0.256206	0.141321	0.6837234	0.05426996	0.2383223	3.854895
13824	103.8716	-394.7552	498.6268	0.460151	0.108713	0.338175	0.0929606	3.111412	0.0150594	0.2231973	3.163175
13830	120.2097	-382.7017	502.9114	0.269369	0.248473	0.30137	0.180788	0.3299877	0.03587965	0.2231973	0.6076963
13836	114.4519	-386.7227	501.1746	0.220077	0.462249	0.1649	0.152773	2.319164	0.06370904	0.1708369	0.3870806
13842	124.1241	-374.9643	499.0884	0.161807	0.718724	0.0473636	0.0721052	6.318841	0.1236751	0.1545632	0.3630083
13848	120.1495	-378.5324	498.682	0.327222	0.431177	0.0957831	0.145818	6.269948	0.2199316	0.112027	0.468652
13854	114.3472	-386.5262	500.8734	0.266297	0.477785	0.101459	0.154459	1.905423	0.0625455	0.07153469	0.2489612
13860	126.2694	-374.6152	500.8846	0.498858	0.312812	0.0746638	0.113667	1.905423	0.03049013	0.06982234	0.2489612
13866	121.0168	-380.0094	501.0263	0.352835	0.0162838	0.586995	0.0438867	1.001115	0.4154052	0.05150627	0.2489612
13872	126.6691	-375.142	501.8111	0.38794	0.0342755	0.485408	0.0923766	0.3087456	0.04690763	0.03958271	0.1985956
13878	122.0261	-379.0457	501.0719	0.487052	0.0287252	0.406805	0.0774178	0.5241567	0.6170728	0.03958271	0.2950247
13884	122.3537	-376.9003	499.254	0.875389	0.0784046	0.00074006	0.0454662	0.3025127	1.344355	0.01041948	0.2204143
13890	123.3084	-376.1425	499.4509	0.561335	0.217348	0.00720819	0.214109	0.5533362	0.936784	0.01041948	0.2259948
13896	130.5419	-371.3336	501.8754	0.326562	0.516005	0.018009	0.139425	0.3461237	0.2495663	0.05320255	0.2520105
13902	123.89	-376.7925	500.6824	0.120631	0.636405	0.0504607	0.192503	1.437945	0.2374515	0.04551107	0.2461735
13908	120.2907	-381.5668	501.8575	0.423616	0.121742	0.255026	0.199616	0.7511456	0.08750291	0.06809258	0.2582905
13914	127.3923	-374.8346	502.2269	0.322791	0.217905	0.284839	0.174465	0.6433292	0.03864684	0.09234743	0.3647359
13920	118.2456	-384.4039	502.6495	0.607215	0.143576	0.187678	0.0615317	0.6433292	0.03545092	0.2110737	0.5481843
13926	140.3269	-361.3705	501.6973	0.620124	0.182968	0.103006	0.0939025	0.497433	0.6855196	0.1085808	0.5417404
13932	134.0972	-367.7781	501.8753	0.620124	0.182968	0.103006	0.0939025	0.9828666	0.1792576	0.1072495	0.3311057
13938	132.8359	-369.8007	502.6365	0.191596	0.09795	0.637317	0.0731366	0.1747406	0.3806116	0.1700325	0.326944
13944	136.5292	-365.8152	502.3444	0.300441	0.137847	0.532583	0.0291294	0.2474733	0.5633217	0.1434115	0.3845598
13950	118.708	-383.056	501.7639	0.339853	0.408504	0.208414	0.0432296	0.7609194	0.4818095	0.1473313	0.6273525
13956	124.9926	-377.3179	502.3105	0.280852	0.471925	0.115261	0.131962	0.3635759	0.1455025	0.1473313	0.8019734
13962	117.2906	-383.6768	500.9674	0.35116	0.348656	0.144116	0.156068	0.3635759	0.6034196	0.110046	1.499923
13968	122.2071	-378.8923	501.0994	0.386002	0.221554	0.0579071	0.334538	0.575347	0.7827837	0.08848968	0.785627
13974	125.2537	-374.2739	499.5275	0.6036	0.27364	0.0357481	0.087012	0.9708123	1.377199	0.03374732	0.5091358
13980	125.7564	-375.5144	501.2708	0.508541	0.146936	0.245172	0.0993508	0.324181	0.7953203	0.04987298	0.3072011
13986	109.3574	-389.6691	499.0265	0.668141	0.201143	0.0481895	0.0825263	4.02099	0.3215208	0.0514169	0.2455195
13992	99.25629	-402.9339	502.1902	0.533506	0.0885054	0.303275	0.074713	0.3753506	0.1650989	0.1015511	0.6233394
13998	114.7123	-387.7222	502.4345	0.760807	0.211188	0.013358	0.0146469	0.5964102	0.3362867	0.1765323	0.39508
14004	118.0571	-381.8467	499.9039	0.547832	0.379827	0.0625834	0.00975786	4.430995	0.1735145	0.2276002	0.5363345
14010	111.3763	-391.4346	502.8109	0.538955	0.373672	0.0777731	0.00959975	0.2441351	0.2614301	0.1793639	0.3677235
14016	121.1095	-381.7189	502.8284	0.591593	0.324228	0.0772072	0.00697175	0.7723184	0.05364625	0.2920066	0.363334
14022	116.7446	-385.8839	502.6285	0.476642	0.313569	0.16233	0.0474589	0.5861595	0.2590736	0.2287205	0.4498054
14028	126.0139	-376.5865	502.6004	0.558212	0.343705	0.0758944	0.0221885	0.5861595	0.3234299	0.2081973	0.340461
14034	124.5444	-377.2978	501.8422	0.740204	0.173325	0.0233139	0.0631573	1.127894	0.2433534	0.1359275	0.340461
14040	117.7501	-384.0018	501.7519	0.135437	0.662176	0.0825208	0.119866	1.548581	0.00852006	0.1543755	0.3876177
14046	121.8258	-381.025	502.8508	0.458344	0.230965	0.140252	0.170439	0.5818294	0.04361118	0.1909791	0.3088572
14052	123.9178	-376.7466	500.6644	0.127683	0.387601	0.37962	0.105095	0.0270333	0.007344077	0.0761732	0.2633396
14058	123.8903	-378.3328	502.2231	0.118962	0.566256	0.161246	0.153536	0.4947944	0.1185415	0.080474	0.3056543
14064	125.7767	-376.3008	502.0775	0.397773	0.410579	0.116915	0.0747332	0.369558	0.1635069	0.06259364	0.2112744
14070	122.766	-378.457	501.223	0.247944	0.125456	0.339245	0.287355	0.2392318	0.1218928	0.0226068	0.1971718
14076	115.953	-385.546	501.499	0.403506	0.0998605	0.273523	0.22311	0.6729228	0.004455732	0.03901946	0.192496
14082	113.4054	-389.1619	502.5673	0.304107	0.134822	0.259847	0.301223	0.345296	0.01244853	0.09503346	0.3539964
14088	115.7471	-386.3648	502.1119	0.219977	0.382984	0.266945	0.130094	0.7079833	0.2590677	0.1225746	0.4240754
14094	119.5783	-382.3372	501.9155	0.581335	0.172885	0.165248	0.0805325	0.05897532	0.1328897	0.1153712	0.2654957
14100	123.2735	-378.6516	501.9251	0.538699	0.23194	0.153128	0.0762324	0.3168398	0.4154535	0.06681218	0.2736374
14106	128.8937	-373.5299	502.4236	0.533055	0.376042	0.00294411	0.0879587	0.3315649	0.05186249	0.07882559	0.2626553
14112	126.6524	-375.1389	501.7914	0.556438	0.30427	0.0129864	0.126306	0.7468403	0.2446854	0.07536206	0.2626553
14118	126.723	-374.1461	500.8691	0.538092	0.294238	0.0455286	0.122141	2.54488	0.1308455	0.1429822	0.3366176
14124	132.1467	-370.2518	502.3984	0.573491	0.228332	0.133356	0.0648214	0.7322249	0.247631	0.1701112	0.3366176
14130	119.1915	-381.8812	501.0727	0.677796	0.14127	0.104323	0.0766109	2.246055	0.3986524	0.2164144	0.3366176
14136	124.2349	-378.142	502.3769	0.683982	0.0782095	0.200896	0.0369124	0.3440853	0.4599613	0.1304135	0.3380823
14142	113.907	-388.511	502.418	0.850758	0.0972794	0.0135185	0.0384439	1.008993	0.0901574	0.2437998	0.4205463
14148	123.354	-379.7476	503.1016	0.0755041	0.832282	0.0184154	0.0737988	0.1940309	0.05464494	0.2090297	0.3476439
14154	116.8992	-385.7456	502.6448	0.0719411	0.840196	0.0175464	0.0703163	0.6924031	0.02965626	0.1684152	0.3476439
14160	121.7266	-380.4766	502.2032	0.120653	0.796096	0.0166254	0.0666256	0.6229279	0.01795966	0.08087277	0.2867121
14166	113.9445	-388.9055	502.8501	0.15572	0.339953	0.321745	0.182583	0.257326	0.07798622	0.1427852	0.3531837
14172	128.6683	-373.7223	502.3906	0.198547	0.215796	0.434104	0.151553	0.257326	0.3550773	0.1535776	0.6015017
14178	118.3507	-384.257	502.6077	0.187131	0.233118	0.468949	0.110802	0.553544	0.1180907	0.1415039	0.2091435
14184	117.1928	-384.6608	501.8536	0.290561	0.128014	0.567479	0.0139454	1.254623	0.1693447	0.1413943	0.2811054
14190	126.8345	-375.5848	502.4192	0.260713	0.114864	0.477813	0.14661	0.255513	0.3612748	0.1145089	0.3275146
14196	115.3311	-381.0891	496.4202	0.476133	0.315292	0.0702129	0.138362	8.182424	1.03743	0.07788102	0.9534575
14202	117.3614	-380.7165	498.0779	0.418476	0.277112	0.0505901	0.253822	7.760702	0.4208349	0.1820926	0.696284
14208	108.3151	-392.3255	500.6407	0.655119	0.131213	0.0530036	0.160665	2.083576	0.2372409	0.2155166	1.049154
14214	112.8448	-388.174	501.0188	0.773345	0.09493	0.0134754	0.118249	2.074088	0.1431803	0.1952397	0.7227347
14220	119.6729	-383.0921	502.7651	0.728376	0.0783364	0.0096204	0.183668	0.3751943	0.09808056	0.1349134	0.2917291
14226	122.9227	-379.7795	502.7021	0.651416	0.166464	0.00117477	0.180945	0.1772786	0.07151271	0.118875	0.3115126
14232	122.806	-379.9653	502.7714	0.724806	0.164325	0.000715166	0.110154	0.2630015	0.1524756	0.1372919	0.312708
14238	124.3193	-378.3576	502.6769	0.685206	0.155347	0.000676093	0.158771	0.2630015	0.1473489	0.1487884	0.5032263
14244	121.9738	-381.0313	503.0052	0.686217	0.105952	0.000677089	0.207154	0.3601787	0.06371497	0.363449	0.6696815
14250	124.4998	-378.5567	503.0565	0.275519	0.659911	0.00107636	0.0634935	0.4159918	0.02554547	0.2228706	0.4039572
14256	117.6632	-384.0825	501.7457	0.698927	0.137275	0.00273047	0.161068	1.814706	0.01156565	0.2441671	0.4597349
14262	113.4794	-387.9374	501.4168	0.642949	0.145297	0.0267584	0.184996	1.775966	0.1725692	0.1890497	0.5137545
14268	113.0239	-387.5722	500.5961	0.609288	0.184818	0.0806298	0.125265	2.715445	0.202254	0.1397112	0.431402
14274	132.0003	-370.4243	502.4245	0.476633	0.400131	0.0347524	0.0884838	0.2294294	0.4116773	0.1397112	0.4419675
14280	128.1445	-374.8976	503.0421	0.395574	0.502148	0.0288422	0.0734357	0.2294294	0.1042574	0.1965459	0.3394993
14286	119.3792	-383.3084	502.6877	0.495839	0.269551	0.0129667	0.221644	0.3690436	0.05739376	0.1186856	0.343261
14292	127.4249	-374.7436	502.1685	0.525557	0.349258	0.00691887	0.118267	0.05585834	0.204937	0.2222074	0.3774699
14298	126.2204	-376.3298	502.5502	0.433272	0.472187	0.00935412	0.0851864	0.4138741	0.3222083	0.1767176	0.4818827
14304	116.8299	-385.815	502.6449	0.165527	0.647513	0.0184984	0.168462	0.2812893	0.2041922	0.1356615	0.4017895
14310	114.796	-387.6285	502.4244	0.166124	0.660735	0.0106624	0.162479	0.2812893	0.241522	0.09933465	0.3246392
14316	118.8795	-383.854	502.7334	0.520127	0.272109	0.0241198	0.183644	0.4053911	0.292937	0.1828161	0.3323992
14322	125.1859	-377.3008	502.4867	0.299025	0.551327	0.0173731	0.132276	0.3918162	0.3095617	0.1289211	0.3323992
14328	115.7415	-386.673	502.4145	0.179044	0.606911	0.111541	0.102504	0.6577813	0.1083353	0.310434	0.8660085
14334	110.3698	-389.5518	499.9216	0.482387	0.354628	0.0388016	0.124183	1.308582	1.009111	0.09545076	1.056352
14340	106.1818	-394.5275	500.7093	0.73207	0.153496	0.0272431	0.0871909	1.140259	1.009111	0.1043864	0.5164571
14346	114.1313	-385.0155	499.1467	0.70959	0.171588	0.0213546	0.0974676	4.836658	0.6266917	0.1656872	0.4611841
14352	109.4342	-391.8561	501.2903	0.688937	0.213587	0.0028452	0.0946308	1.685599	0.4968943	0.2136685	0.4611841
14358	96.53921	-405.232	501.7712	0.704675	0.195622	0.0029102	0.0967925	1.685599	0.244686	0.3202285	0.4208024
14364	104.624	-397.6813	502.3053	0.702209	0.194937	0.00639944	0.0964538	1.073517	0.005231556	0.2284839	0.5241941
14370	120.1598	-382.8181	502.9779	0.766257	0.122032	0.00400609	0.107705	0.4375915	0.1153229	0.2317297	0.392926
14376	128.4338	-373.1282	501.562	0.679799	0.212701	0.0119479	0.0955524	1.427033	0.1758531	0.1243216	0.3493413
14382	117.9606	-383.5398	501.5004	0.30888	0.0277407	0.621369	0.0420103	1.722795	0.04983206	0.1303541	0.3023462
14388	115.5372	-386.0139	501.5511	0.184719	0.32132	0.474982	0.0189792	1.722795	0.363169	0.2233692	0.2639144
14394	115.2927	-385.5049	500.7976	0.158545	0.685243	0.127957	0.0282547	2.591847	0.2591361	0.2233692	0.5566106
14400	129.5161	-372.6273	502.1435	0.0382463	0.728301	0.0451251	0.188328	0.5953636	0.2304105	0.09591937	0.3237205
